episode,return,steps,died,epsilon
0,0.0,250,False,1.0
1,0.0,215,True,0.9999524976248813
2,0.0,34,True,0.9999049952497625
3,0.0,71,True,0.9998574928746438
4,0.0,34,True,0.999809990499525
5,0.0,74,True,0.9997624881244063
6,0.0,5,True,0.9997149857492874
7,0.0,213,True,0.9996674833741687
8,0.0,16,True,0.9996199809990499
9,0.0,131,True,0.9995724786239312
10,0.0,7,True,0.9995249762488124
11,0.0,99,True,0.9994774738736937
12,0.0,125,True,0.9994299714985749
13,0.0,7,True,0.9993824691234562
14,0.0,3,True,0.9993349667483374
15,0.0,19,True,0.9992874643732187
16,0.0,65,True,0.9992399619981
17,0.0,250,False,0.9991924596229812
18,0.0,165,True,0.9991449572478623
19,0.0,33,True,0.9990974548727436
20,0.0,7,True,0.9990499524976248
21,0.0,96,True,0.9990024501225061
22,0.0,15,True,0.9989549477473874
23,0.0,6,True,0.9989074453722686
24,0.0,130,True,0.9988599429971499
25,0.0,46,True,0.9988124406220311
26,0.0,8,True,0.9987649382469124
27,0.0,16,True,0.9987174358717936
28,0.0,57,True,0.9986699334966749
29,0.0,3,True,0.9986224311215561
30,0.0,250,False,0.9985749287464373
31,0.0,36,True,0.9985274263713185
32,0.0,7,True,0.9984799239961998
33,0.0,250,False,0.998432421621081
34,0.0,13,True,0.9983849192459623
35,0.0,111,True,0.9983374168708435
36,0.0,20,True,0.9982899144957248
37,0.0,51,True,0.998242412120606
38,0.0,90,True,0.9981949097454873
39,0.0,35,True,0.9981474073703686
40,0.0,24,True,0.9980999049952498
41,0.0,43,True,0.998052402620131
42,0.0,7,True,0.9980049002450122
43,0.0,26,True,0.9979573978698935
44,1.0,216,True,0.9979098954947747
45,0.0,13,True,0.997862393119656
46,0.0,6,True,0.9978148907445372
47,0.0,19,True,0.9977673883694185
48,0.0,24,True,0.9977198859942997
49,0.0,131,True,0.997672383619181
50,0.0,14,True,0.9976248812440622
51,0.0,197,True,0.9975773788689435
52,0.0,42,True,0.9975298764938247
53,0.0,25,True,0.9974823741187059
54,0.0,16,True,0.9974348717435871
55,0.0,75,True,0.9973873693684684
56,0.0,31,True,0.9973398669933496
57,0.0,135,True,0.9972923646182309
58,0.0,17,True,0.9972448622431122
59,0.0,98,True,0.9971973598679934
60,0.0,132,True,0.9971498574928747
61,0.0,26,True,0.9971023551177559
62,0.0,2,True,0.9970548527426372
63,0.0,7,True,0.9970073503675184
64,0.0,163,True,0.9969598479923997
65,0.0,5,True,0.9969123456172808
66,0.0,3,True,0.9968648432421621
67,0.0,10,True,0.9968173408670433
68,0.0,110,True,0.9967698384919246
69,0.0,31,True,0.9967223361168058
70,0.0,11,True,0.9966748337416871
71,0.0,250,False,0.9966273313665683
72,0.0,21,True,0.9965798289914496
73,0.0,8,True,0.9965323266163308
74,0.0,39,True,0.9964848242412121
75,0.0,5,True,0.9964373218660934
76,0.0,8,True,0.9963898194909746
77,0.0,136,True,0.9963423171158557
78,0.0,119,True,0.996294814740737
79,0.0,83,True,0.9962473123656183
80,0.0,205,True,0.9961998099904995
81,0.0,5,True,0.9961523076153808
82,0.0,44,True,0.996104805240262
83,0.0,6,True,0.9960573028651433
84,0.0,10,True,0.9960098004900245
85,0.0,13,True,0.9959622981149058
86,0.0,38,True,0.995914795739787
87,0.0,15,True,0.9958672933646683
88,0.0,41,True,0.9958197909895494
89,0.0,9,True,0.9957722886144307
90,0.0,17,True,0.9957247862393119
91,0.0,23,True,0.9956772838641932
92,0.0,52,True,0.9956297814890744
93,0.0,110,True,0.9955822791139557
94,0.0,7,True,0.995534776738837
95,0.0,19,True,0.9954872743637182
96,0.0,210,True,0.9954397719885995
97,0.0,9,True,0.9953922696134807
98,0.0,31,True,0.995344767238362
99,0.0,250,False,0.9952972648632432
100,0.0,47,True,0.9952497624881244
101,0.0,75,True,0.9952022601130056
102,0.0,22,True,0.9951547577378869
103,0.0,250,False,0.9951072553627681
104,0.0,4,True,0.9950597529876494
105,0.0,8,True,0.9950122506125306
106,0.0,14,True,0.9949647482374119
107,0.0,21,True,0.9949172458622931
108,0.0,90,True,0.9948697434871744
109,0.0,13,True,0.9948222411120556
110,0.0,12,True,0.9947747387369369
111,0.0,6,True,0.9947272363618181
112,0.0,19,True,0.9946797339866993
113,0.0,3,True,0.9946322316115805
114,0.0,48,True,0.9945847292364618
115,0.0,49,True,0.994537226861343
116,0.0,54,True,0.9944897244862243
117,0.0,13,True,0.9944422221111056
118,0.0,64,True,0.9943947197359868
119,0.0,131,True,0.9943472173608681
120,0.0,78,True,0.9942997149857493
121,0.0,22,True,0.9942522126106306
122,0.0,9,True,0.9942047102355118
123,0.0,11,True,0.994157207860393
124,0.0,180,True,0.9941097054852742
125,0.0,4,True,0.9940622031101555
126,0.0,14,True,0.9940147007350367
127,0.0,7,True,0.993967198359918
128,0.0,7,True,0.9939196959847992
129,0.0,19,True,0.9938721936096805
130,0.0,31,True,0.9938246912345617
131,0.0,87,True,0.993777188859443
132,0.0,4,True,0.9937296864843242
133,0.0,6,True,0.9936821841092055
134,0.0,32,True,0.9936346817340868
135,0.0,250,False,0.9935871793589679
136,0.0,34,True,0.9935396769838492
137,0.0,150,True,0.9934921746087304
138,0.0,18,True,0.9934446722336117
139,0.0,132,True,0.9933971698584929
140,0.0,126,True,0.9933496674833742
141,0.0,88,True,0.9933021651082554
142,0.0,12,True,0.9932546627331367
143,0.0,250,False,0.9932071603580179
144,0.0,17,True,0.9931596579828992
145,0.0,41,True,0.9931121556077804
146,0.0,75,True,0.9930646532326617
147,0.0,35,True,0.9930171508575428
148,0.0,2,True,0.9929696484824241
149,0.0,9,True,0.9929221461073053
150,0.0,96,True,0.9928746437321866
151,0.0,6,True,0.9928271413570678
152,0.0,25,True,0.9927796389819491
153,0.0,25,True,0.9927321366068304
154,0.0,71,True,0.9926846342317116
155,0.0,109,True,0.9926371318565929
156,0.0,24,True,0.9925896294814741
157,0.0,134,True,0.9925421271063554
158,0.0,13,True,0.9924946247312365
159,0.0,63,True,0.9924471223561178
160,0.0,187,True,0.992399619980999
161,0.0,33,True,0.9923521176058803
162,0.0,82,True,0.9923046152307615
163,0.0,59,True,0.9922571128556428
164,0.0,72,True,0.992209610480524
165,0.0,7,True,0.9921621081054053
166,0.0,3,True,0.9921146057302865
167,0.0,89,True,0.9920671033551678
168,0.0,250,False,0.992019600980049
169,0.0,26,True,0.9919720986049303
170,0.0,10,True,0.9919245962298114
171,0.0,3,True,0.9918770938546927
172,0.0,38,True,0.991829591479574
173,0.0,82,True,0.9917820891044552
174,0.0,2,True,0.9917345867293365
175,0.0,59,True,0.9916870843542177
176,0.0,8,True,0.991639581979099
177,0.0,6,True,0.9915920796039802
178,0.0,4,True,0.9915445772288615
179,0.0,43,True,0.9914970748537427
180,0.0,10,True,0.991449572478624
181,0.0,58,True,0.9914020701035052
182,0.0,250,False,0.9913545677283864
183,0.0,207,True,0.9913070653532676
184,0.0,28,True,0.9912595629781489
185,0.0,39,True,0.9912120606030301
186,0.0,12,True,0.9911645582279114
187,0.0,18,True,0.9911170558527926
188,0.0,7,True,0.9910695534776739
189,0.0,250,False,0.9910220511025551
190,0.0,68,True,0.9909745487274364
191,0.0,23,True,0.9909270463523177
192,0.0,56,True,0.9908795439771989
193,0.0,10,True,0.9908320416020802
194,0.0,11,True,0.9907845392269613
195,0.0,8,True,0.9907370368518426
196,0.0,2,True,0.9906895344767238
197,0.0,21,True,0.9906420321016051
198,0.0,10,True,0.9905945297264863
199,0.0,116,True,0.9905470273513676
200,0.0,61,True,0.9904995249762488
201,0.0,13,True,0.9904520226011301
202,0.0,5,True,0.9904045202260113
203,0.0,35,True,0.9903570178508926
204,0.0,75,True,0.9903095154757738
205,0.0,140,True,0.990262013100655
206,0.0,94,True,0.9902145107255362
207,0.0,27,True,0.9901670083504175
208,0.0,3,True,0.9901195059752987
209,0.0,116,True,0.99007200360018
210,0.0,16,True,0.9900245012250612
211,0.0,26,True,0.9899769988499425
212,0.0,8,True,0.9899294964748238
213,0.0,25,True,0.989881994099705
214,0.0,17,True,0.9898344917245863
215,0.0,177,True,0.9897869893494675
216,0.0,11,True,0.9897394869743488
217,0.0,18,True,0.9896919845992299
218,0.0,56,True,0.9896444822241112
219,0.0,22,True,0.9895969798489924
220,0.0,250,False,0.9895494774738737
221,0.0,18,True,0.9895019750987549
222,0.0,41,True,0.9894544727236362
223,0.0,3,True,0.9894069703485174
224,0.0,28,True,0.9893594679733987
225,0.0,60,True,0.9893119655982799
226,0.0,146,True,0.9892644632231612
227,0.0,250,False,0.9892169608480424
228,0.0,68,True,0.9891694584729236
229,0.0,10,True,0.9891219560978048
230,0.0,7,True,0.9890744537226861
231,0.0,140,True,0.9890269513475674
232,0.0,3,True,0.9889794489724486
233,0.0,15,True,0.9889319465973299
234,0.0,7,True,0.9888844442222111
235,0.0,6,True,0.9888369418470924
236,0.0,8,True,0.9887894394719736
237,0.0,3,True,0.9887419370968549
238,0.0,12,True,0.9886944347217361
239,0.0,2,True,0.9886469323466174
240,0.0,10,True,0.9885994299714985
241,0.0,77,True,0.9885519275963798
242,0.0,21,True,0.988504425221261
243,0.0,28,True,0.9884569228461423
244,0.0,11,True,0.9884094204710235
245,0.0,52,True,0.9883619180959048
246,0.0,117,True,0.988314415720786
247,0.0,16,True,0.9882669133456673
248,0.0,250,False,0.9882194109705486
249,0.0,250,False,0.9881719085954298
250,0.0,13,True,0.9881244062203111
251,0.0,4,True,0.9880769038451923
252,0.0,10,True,0.9880294014700735
253,0.0,7,True,0.9879818990949547
254,0.0,250,False,0.987934396719836
255,0.0,10,True,0.9878868943447172
256,0.0,4,True,0.9878393919695985
257,0.0,218,True,0.9877918895944797
258,0.0,20,True,0.987744387219361
259,0.0,6,True,0.9876968848442422
260,0.0,72,True,0.9876493824691235
261,0.0,28,True,0.9876018800940047
262,0.0,2,True,0.987554377718886
263,0.0,2,True,0.9875068753437672
264,0.0,194,True,0.9874593729686484
265,0.0,6,True,0.9874118705935296
266,0.0,35,True,0.9873643682184109
267,0.0,3,True,0.9873168658432921
268,0.0,30,True,0.9872693634681734
269,0.0,10,True,0.9872218610930547
270,0.0,62,True,0.9871743587179359
271,0.0,77,True,0.9871268563428172
272,0.0,4,True,0.9870793539676984
273,0.0,8,True,0.9870318515925797
274,0.0,5,True,0.9869843492174609
275,0.0,75,True,0.9869368468423421
276,0.0,5,True,0.9868893444672233
277,0.0,18,True,0.9868418420921046
278,0.0,65,True,0.9867943397169858
279,0.0,110,True,0.9867468373418671
280,0.0,250,False,0.9866993349667483
281,0.0,25,True,0.9866518325916296
282,0.0,75,True,0.9866043302165108
283,0.0,22,True,0.9865568278413921
284,0.0,9,True,0.9865093254662733
285,0.0,26,True,0.9864618230911546
286,0.0,4,True,0.9864143207160359
287,0.0,15,True,0.986366818340917
288,0.0,246,True,0.9863193159657982
289,0.0,44,True,0.9862718135906795
290,0.0,213,True,0.9862243112155608
291,0.0,37,True,0.986176808840442
292,0.0,25,True,0.9861293064653233
293,0.0,39,True,0.9860818040902045
294,0.0,7,True,0.9860343017150858
295,0.0,6,True,0.985986799339967
296,0.0,5,True,0.9859392969648483
297,0.0,7,True,0.9858917945897295
298,0.0,33,True,0.9858442922146108
299,0.0,84,True,0.9857967898394919
300,0.0,15,True,0.9857492874643732
301,0.0,6,True,0.9857017850892544
302,0.0,2,True,0.9856542827141357
303,0.0,215,True,0.9856067803390169
304,0.0,18,True,0.9855592779638982
305,0.0,17,True,0.9855117755887794
306,0.0,34,True,0.9854642732136607
307,0.0,23,True,0.985416770838542
308,0.0,131,True,0.9853692684634232
309,0.0,7,True,0.9853217660883045
310,0.0,7,True,0.9852742637131857
311,0.0,8,True,0.9852267613380669
312,0.0,56,True,0.9851792589629481
313,0.0,15,True,0.9851317565878294
314,0.0,35,True,0.9850842542127106
315,0.0,13,True,0.9850367518375919
316,0.0,15,True,0.9849892494624731
317,0.0,8,True,0.9849417470873544
318,0.0,186,True,0.9848942447122356
319,0.0,24,True,0.9848467423371169
320,0.0,59,True,0.9847992399619981
321,0.0,3,True,0.9847517375868794
322,0.0,51,True,0.9847042352117605
323,0.0,39,True,0.9846567328366418
324,0.0,2,True,0.984609230461523
325,0.0,16,True,0.9845617280864043
326,0.0,9,True,0.9845142257112856
327,0.0,143,True,0.9844667233361668
328,0.0,7,True,0.9844192209610481
329,0.0,6,True,0.9843717185859293
330,0.0,145,True,0.9843242162108106
331,0.0,135,True,0.9842767138356918
332,0.0,25,True,0.9842292114605731
333,0.0,59,True,0.9841817090854543
334,0.0,250,False,0.9841342067103355
335,0.0,7,True,0.9840867043352167
336,0.0,201,True,0.984039201960098
337,0.0,9,True,0.9839916995849792
338,0.0,14,True,0.9839441972098605
339,0.0,88,True,0.9838966948347417
340,0.0,12,True,0.983849192459623
341,0.0,37,True,0.9838016900845042
342,0.0,6,True,0.9837541877093855
343,0.0,24,True,0.9837066853342668
344,0.0,95,True,0.983659182959148
345,0.0,15,True,0.9836116805840291
346,0.0,3,True,0.9835641782089104
347,0.0,13,True,0.9835166758337917
348,0.0,206,True,0.9834691734586729
349,0.0,39,True,0.9834216710835542
350,0.0,3,True,0.9833741687084354
351,0.0,39,True,0.9833266663333167
352,0.0,9,True,0.9832791639581979
353,0.0,99,True,0.9832316615830792
354,0.0,56,True,0.9831841592079604
355,0.0,11,True,0.9831366568328417
356,0.0,37,True,0.9830891544577229
357,0.0,12,True,0.9830416520826041
358,0.0,5,True,0.9829941497074853
359,0.0,38,True,0.9829466473323666
360,0.0,44,True,0.9828991449572478
361,0.0,5,True,0.9828516425821291
362,0.0,7,True,0.9828041402070103
363,0.0,5,True,0.9827566378318916
364,0.0,20,True,0.9827091354567729
365,0.0,9,True,0.9826616330816541
366,0.0,8,True,0.9826141307065354
367,0.0,98,True,0.9825666283314166
368,0.0,151,True,0.9825191259562979
369,0.0,173,True,0.982471623581179
370,0.0,5,True,0.9824241212060603
371,0.0,22,True,0.9823766188309415
372,0.0,6,True,0.9823291164558228
373,0.0,46,True,0.982281614080704
374,0.0,3,True,0.9822341117055853
375,0.0,12,True,0.9821866093304665
376,0.0,41,True,0.9821391069553478
377,0.0,6,True,0.982091604580229
378,1.0,249,True,0.9820441022051103
379,0.0,22,True,0.9819965998299915
380,0.0,119,True,0.9819490974548728
381,0.0,250,False,0.9819015950797539
382,0.0,12,True,0.9818540927046352
383,0.0,95,True,0.9818065903295164
384,0.0,50,True,0.9817590879543977
385,0.0,22,True,0.981711585579279
386,0.0,34,True,0.9816640832041602
387,0.0,36,True,0.9816165808290415
388,0.0,29,True,0.9815690784539227
389,0.0,174,True,0.981521576078804
390,2.0,250,False,0.9814740737036852
391,0.0,155,True,0.9814265713285665
392,0.0,250,False,0.9813790689534476
393,0.0,4,True,0.9813315665783289
394,0.0,7,True,0.9812840642032101
395,0.0,3,True,0.9812365618280914
396,0.0,18,True,0.9811890594529726
397,0.0,25,True,0.9811415570778539
398,0.0,36,True,0.9810940547027351
399,0.0,54,True,0.9810465523276164
400,0.0,63,True,0.9809990499524976
401,0.0,52,True,0.9809515475773789
402,0.0,27,True,0.9809040452022602
403,0.0,33,True,0.9808565428271414
404,0.0,21,True,0.9808090404520226
405,0.0,141,True,0.9807615380769038
406,0.0,250,False,0.9807140357017851
407,0.0,7,True,0.9806665333266663
408,0.0,14,True,0.9806190309515476
409,0.0,41,True,0.9805715285764288
410,0.0,3,True,0.9805240262013101
411,0.0,45,True,0.9804765238261913
412,0.0,6,True,0.9804290214510726
413,0.0,7,True,0.9803815190759538
414,0.0,3,True,0.9803340167008351
415,0.0,20,True,0.9802865143257163
416,0.0,90,True,0.9802390119505975
417,0.0,51,True,0.9801915095754787
418,0.0,4,True,0.98014400720036
419,0.0,35,True,0.9800965048252412
420,0.0,93,True,0.9800490024501225
421,0.0,16,True,0.9800015000750038
422,0.0,35,True,0.979953997699885
423,0.0,45,True,0.9799064953247663
424,0.0,7,True,0.9798589929496475
425,0.0,20,True,0.9798114905745288
426,0.0,92,True,0.97976398819941
427,0.0,26,True,0.9797164858242913
428,0.0,3,True,0.9796689834491724
429,0.0,71,True,0.9796214810740537
430,0.0,234,True,0.9795739786989349
431,0.0,250,False,0.9795264763238162
432,0.0,137,True,0.9794789739486974
433,0.0,11,True,0.9794314715735787
434,0.0,41,True,0.9793839691984599
435,0.0,15,True,0.9793364668233412
436,0.0,10,True,0.9792889644482224
437,0.0,38,True,0.9792414620731037
438,0.0,250,False,0.979193959697985
439,0.0,4,True,0.9791464573228661
440,0.0,38,True,0.9790989549477473
441,0.0,78,True,0.9790514525726286
442,0.0,168,True,0.9790039501975099
443,0.0,5,True,0.9789564478223911
444,0.0,250,False,0.9789089454472724
445,0.0,5,True,0.9788614430721536
446,0.0,39,True,0.9788139406970349
447,0.0,13,True,0.9787664383219161
448,0.0,76,True,0.9787189359467974
449,0.0,5,True,0.9786714335716786
450,0.0,54,True,0.9786239311965599
451,0.0,8,True,0.978576428821441
452,0.0,2,True,0.9785289264463223
453,0.0,21,True,0.9784814240712035
454,0.0,84,True,0.9784339216960848
455,0.0,36,True,0.978386419320966
456,0.0,8,True,0.9783389169458473
457,0.0,143,True,0.9782914145707285
458,0.0,18,True,0.9782439121956098
459,0.0,6,True,0.978196409820491
460,0.0,31,True,0.9781489074453723
461,0.0,9,True,0.9781014050702536
462,0.0,33,True,0.9780539026951347
463,0.0,13,True,0.978006400320016
464,0.0,50,True,0.9779588979448972
465,0.0,38,True,0.9779113955697785
466,0.0,174,True,0.9778638931946597
467,0.0,33,True,0.977816390819541
468,0.0,16,True,0.9777688884444222
469,0.0,104,True,0.9777213860693035
470,0.0,4,True,0.9776738836941847
471,0.0,42,True,0.977626381319066
472,0.0,11,True,0.9775788789439472
473,0.0,75,True,0.9775313765688285
474,0.0,95,True,0.9774838741937096
475,0.0,3,True,0.9774363718185909
476,0.0,250,False,0.9773888694434721
477,0.0,37,True,0.9773413670683534
478,0.0,250,False,0.9772938646932346
479,0.0,55,True,0.9772463623181159
480,0.0,93,True,0.9771988599429972
481,0.0,10,True,0.9771513575678784
482,0.0,5,True,0.9771038551927597
483,0.0,6,True,0.9770563528176409
484,0.0,18,True,0.9770088504425222
485,0.0,26,True,0.9769613480674034
486,0.0,6,True,0.9769138456922846
487,0.0,16,True,0.9768663433171658
488,0.0,45,True,0.9768188409420471
489,0.0,7,True,0.9767713385669283
490,0.0,27,True,0.9767238361918096
491,0.0,11,True,0.9766763338166908
492,0.0,38,True,0.9766288314415721
493,0.0,37,True,0.9765813290664533
494,0.0,44,True,0.9765338266913346
495,0.0,4,True,0.9764863243162158
496,1.0,111,True,0.9764388219410971
497,0.0,5,True,0.9763913195659784
498,0.0,72,True,0.9763438171908595
499,0.0,121,True,0.9762963148157408
500,0.0,4,True,0.976248812440622
501,0.0,8,True,0.9762013100655033
502,0.0,250,False,0.9761538076903845
503,0.0,5,True,0.9761063053152658
504,0.0,13,True,0.976058802940147
505,0.0,6,True,0.9760113005650283
506,0.0,39,True,0.9759637981899095
507,0.0,178,True,0.9759162958147908
508,0.0,207,True,0.975868793439672
509,0.0,17,True,0.9758212910645532
510,0.0,7,True,0.9757737886894344
511,0.0,32,True,0.9757262863143157
512,0.0,18,True,0.9756787839391969
513,0.0,141,True,0.9756312815640782
514,0.0,7,True,0.9755837791889594
515,0.0,245,True,0.9755362768138407
516,0.0,8,True,0.975488774438722
517,0.0,110,True,0.9754412720636032
518,0.0,2,True,0.9753937696884845
519,0.0,73,True,0.9753462673133657
520,0.0,133,True,0.975298764938247
521,0.0,10,True,0.9752512625631281
522,0.0,3,True,0.9752037601880094
523,0.0,6,True,0.9751562578128906
524,0.0,3,True,0.9751087554377719
525,0.0,3,True,0.9750612530626531
526,0.0,46,True,0.9750137506875344
527,0.0,35,True,0.9749662483124156
528,0.0,6,True,0.9749187459372969
529,0.0,56,True,0.9748712435621781
530,0.0,81,True,0.9748237411870594
531,0.0,248,True,0.9747762388119406
532,0.0,13,True,0.9747287364368218
533,0.0,48,True,0.974681234061703
534,0.0,100,True,0.9746337316865843
535,0.0,91,True,0.9745862293114655
536,1.0,190,True,0.9745387269363468
537,0.0,33,True,0.974491224561228
538,0.0,95,True,0.9744437221861093
539,0.0,25,True,0.9743962198109906
540,0.0,51,True,0.9743487174358718
541,0.0,4,True,0.9743012150607531
542,0.0,14,True,0.9742537126856343
543,0.0,131,True,0.9742062103105156
544,0.0,51,True,0.9741587079353968
545,0.0,20,True,0.974111205560278
546,0.0,211,True,0.9740637031851592
547,0.0,66,True,0.9740162008100405
548,0.0,62,True,0.9739686984349217
549,0.0,82,True,0.973921196059803
550,0.0,36,True,0.9738736936846842
551,0.0,11,True,0.9738261913095655
552,0.0,16,True,0.9737786889344467
553,0.0,8,True,0.973731186559328
554,0.0,38,True,0.9736836841842093
555,0.0,59,True,0.9736361818090905
556,0.0,129,True,0.9735886794339716
557,0.0,8,True,0.9735411770588529
558,0.0,49,True,0.9734936746837342
559,0.0,250,False,0.9734461723086154
560,0.0,95,True,0.9733986699334967
561,0.0,21,True,0.9733511675583779
562,0.0,37,True,0.9733036651832592
563,0.0,30,True,0.9732561628081404
564,0.0,21,True,0.9732086604330217
565,0.0,101,True,0.9731611580579029
566,2.0,247,True,0.9731136556827842
567,0.0,122,True,0.9730661533076654
568,0.0,7,True,0.9730186509325466
569,0.0,103,True,0.9729711485574278
570,0.0,4,True,0.9729236461823091
571,0.0,10,True,0.9728761438071903
572,0.0,83,True,0.9728286414320716
573,0.0,250,False,0.9727811390569528
574,0.0,250,False,0.9727336366818341
575,0.0,21,True,0.9726861343067154
576,0.0,151,True,0.9726386319315966
577,0.0,31,True,0.9725911295564779
578,0.0,9,True,0.9725436271813591
579,1.0,89,True,0.9724961248062403
580,0.0,4,True,0.9724486224311215
581,0.0,33,True,0.9724011200560028
582,0.0,5,True,0.972353617680884
583,0.0,2,True,0.9723061153057653
584,0.0,44,True,0.9722586129306465
585,0.0,2,True,0.9722111105555278
586,0.0,24,True,0.972163608180409
587,0.0,48,True,0.9721161058052903
588,0.0,160,True,0.9720686034301715
589,0.0,94,True,0.9720211010550528
590,0.0,47,True,0.971973598679934
591,0.0,31,True,0.9719260963048152
592,0.0,11,True,0.9718785939296964
593,0.0,6,True,0.9718310915545777
594,0.0,87,True,0.971783589179459
595,0.0,11,True,0.9717360868043402
596,0.0,85,True,0.9716885844292215
597,0.0,3,True,0.9716410820541027
598,0.0,112,True,0.971593579678984
599,0.0,5,True,0.9715460773038652
600,0.0,8,True,0.9714985749287465
601,0.0,220,True,0.9714510725536277
602,0.0,79,True,0.971403570178509
603,0.0,5,True,0.9713560678033901
604,0.0,9,True,0.9713085654282714
605,0.0,60,True,0.9712610630531526
606,0.0,53,True,0.9712135606780339
607,0.0,32,True,0.9711660583029151
608,0.0,7,True,0.9711185559277964
609,0.0,22,True,0.9710710535526776
610,0.0,11,True,0.9710235511775589
611,0.0,112,True,0.9709760488024402
612,0.0,107,True,0.9709285464273214
613,0.0,19,True,0.9708810440522027
614,0.0,6,True,0.9708335416770839
615,0.0,25,True,0.970786039301965
616,0.0,16,True,0.9707385369268463
617,0.0,6,True,0.9706910345517276
618,0.0,12,True,0.9706435321766088
619,0.0,250,False,0.9705960298014901
620,0.0,50,True,0.9705485274263713
621,0.0,9,True,0.9705010250512526
622,0.0,8,True,0.9704535226761338
623,0.0,109,True,0.9704060203010151
624,0.0,11,True,0.9703585179258963
625,0.0,9,True,0.9703110155507776
626,0.0,220,True,0.9702635131756587
627,0.0,79,True,0.97021601080054
628,0.0,8,True,0.9701685084254212
629,0.0,25,True,0.9701210060503025
630,0.0,63,True,0.9700735036751837
631,0.0,91,True,0.970026001300065
632,0.0,34,True,0.9699784989249463
633,0.0,4,True,0.9699309965498275
634,0.0,3,True,0.9698834941747088
635,0.0,13,True,0.96983599179959
636,0.0,8,True,0.9697884894244713
637,0.0,56,True,0.9697409870493525
638,0.0,44,True,0.9696934846742337
639,0.0,5,True,0.9696459822991149
640,0.0,22,True,0.9695984799239962
641,0.0,250,False,0.9695509775488774
642,0.0,14,True,0.9695034751737587
643,0.0,51,True,0.9694559727986399
644,0.0,171,True,0.9694084704235212
645,0.0,70,True,0.9693609680484024
646,0.0,250,False,0.9693134656732837
647,1.0,218,True,0.969265963298165
648,0.0,26,True,0.9692184609230462
649,0.0,18,True,0.9691709585479275
650,0.0,44,True,0.9691234561728086
651,0.0,7,True,0.9690759537976898
652,0.0,32,True,0.9690284514225711
653,0.0,4,True,0.9689809490474524
654,0.0,32,True,0.9689334466723336
655,0.0,106,True,0.9688859442972149
656,0.0,10,True,0.9688384419220961
657,0.0,11,True,0.9687909395469774
658,0.0,34,True,0.9687434371718586
659,0.0,6,True,0.9686959347967399
660,0.0,6,True,0.9686484324216211
661,0.0,80,True,0.9686009300465023
662,0.0,97,True,0.9685534276713835
663,0.0,6,True,0.9685059252962648
664,0.0,11,True,0.968458422921146
665,0.0,9,True,0.9684109205460273
666,0.0,4,True,0.9683634181709085
667,0.0,250,False,0.9683159157957898
668,0.0,18,True,0.968268413420671
669,0.0,22,True,0.9682209110455523
670,0.0,194,True,0.9681734086704336
671,0.0,74,True,0.9681259062953148
672,0.0,143,True,0.9680784039201961
673,0.0,74,True,0.9680309015450772
674,0.0,25,True,0.9679833991699585
675,0.0,27,True,0.9679358967948397
676,0.0,238,True,0.967888394419721
677,0.0,2,True,0.9678408920446022
678,0.0,145,True,0.9677933896694835
679,0.0,7,True,0.9677458872943647
680,0.0,39,True,0.967698384919246
681,0.0,250,False,0.9676508825441272
682,0.0,56,True,0.9676033801690085
683,0.0,202,True,0.9675558777938897
684,0.0,3,True,0.967508375418771
685,0.0,13,True,0.9674608730436521
686,0.0,29,True,0.9674133706685334
687,0.0,7,True,0.9673658682934146
688,0.0,8,True,0.9673183659182959
689,0.0,5,True,0.9672708635431772
690,0.0,76,True,0.9672233611680584
691,0.0,18,True,0.9671758587929397
692,0.0,3,True,0.9671283564178209
693,0.0,7,True,0.9670808540427022
694,0.0,4,True,0.9670333516675834
695,0.0,46,True,0.9669858492924647
696,0.0,13,True,0.9669383469173458
697,0.0,110,True,0.9668908445422271
698,0.0,46,True,0.9668433421671083
699,0.0,205,True,0.9667958397919896
700,0.0,12,True,0.9667483374168708
701,0.0,18,True,0.9667008350417521
702,0.0,14,True,0.9666533326666333
703,0.0,174,True,0.9666058302915146
704,0.0,9,True,0.9665583279163958
705,0.0,10,True,0.9665108255412771
706,0.0,32,True,0.9664633231661584
707,0.0,52,True,0.9664158207910396
708,0.0,12,True,0.9663683184159207
709,0.0,13,True,0.966320816040802
710,0.0,7,True,0.9662733136656833
711,0.0,11,True,0.9662258112905645
712,0.0,14,True,0.9661783089154458
713,0.0,9,True,0.966130806540327
714,0.0,4,True,0.9660833041652083
715,0.0,49,True,0.9660358017900895
716,0.0,13,True,0.9659882994149708
717,0.0,250,False,0.965940797039852
718,0.0,9,True,0.9658932946647333
719,0.0,102,True,0.9658457922896144
720,0.0,20,True,0.9657982899144957
721,0.0,46,True,0.9657507875393769
722,0.0,105,True,0.9657032851642582
723,0.0,17,True,0.9656557827891394
724,0.0,28,True,0.9656082804140207
725,0.0,250,False,0.965560778038902
726,0.0,99,True,0.9655132756637832
727,0.0,17,True,0.9654657732886645
728,0.0,131,True,0.9654182709135457
729,0.0,12,True,0.965370768538427
730,0.0,72,True,0.9653232661633082
731,0.0,104,True,0.9652757637881894
732,0.0,226,True,0.9652282614130706
733,0.0,3,True,0.9651807590379519
734,0.0,22,True,0.9651332566628331
735,0.0,8,True,0.9650857542877144
736,0.0,37,True,0.9650382519125956
737,0.0,9,True,0.9649907495374769
738,0.0,58,True,0.9649432471623581
739,0.0,104,True,0.9648957447872394
740,0.0,28,True,0.9648482424121206
741,1.0,43,True,0.9648007400370019
742,0.0,213,True,0.9647532376618831
743,0.0,12,True,0.9647057352867643
744,0.0,14,True,0.9646582329116455
745,0.0,13,True,0.9646107305365268
746,0.0,29,True,0.964563228161408
747,0.0,37,True,0.9645157257862893
748,0.0,11,True,0.9644682234111706
749,1.0,144,True,0.9644207210360518
750,0.0,4,True,0.9643732186609331
751,0.0,15,True,0.9643257162858143
752,0.0,5,True,0.9642782139106956
753,0.0,7,True,0.9642307115355768
754,0.0,21,True,0.9641832091604581
755,0.0,20,True,0.9641357067853392
756,0.0,14,True,0.9640882044102205
757,0.0,70,True,0.9640407020351017
758,0.0,101,True,0.963993199659983
759,0.0,192,True,0.9639456972848642
760,0.0,131,True,0.9638981949097455
761,0.0,217,True,0.9638506925346267
762,0.0,8,True,0.963803190159508
763,0.0,18,True,0.9637556877843892
764,0.0,250,False,0.9637081854092705
765,0.0,16,True,0.9636606830341518
766,1.0,231,True,0.9636131806590329
767,0.0,15,True,0.9635656782839142
768,0.0,157,True,0.9635181759087954
769,0.0,6,True,0.9634706735336767
770,0.0,30,True,0.9634231711585579
771,0.0,82,True,0.9633756687834392
772,0.0,17,True,0.9633281664083204
773,0.0,15,True,0.9632806640332017
774,0.0,3,True,0.9632331616580829
775,0.0,91,True,0.9631856592829642
776,0.0,3,True,0.9631381569078454
777,0.0,97,True,0.9630906545327267
778,0.0,76,True,0.9630431521576078
779,0.0,35,True,0.9629956497824891
780,0.0,13,True,0.9629481474073703
781,0.0,11,True,0.9629006450322516
782,0.0,6,True,0.9628531426571328
783,0.0,250,False,0.9628056402820141
784,0.0,92,True,0.9627581379068954
785,0.0,9,True,0.9627106355317766
786,0.0,8,True,0.9626631331566579
787,0.0,10,True,0.9626156307815391
788,0.0,31,True,0.9625681284064204
789,0.0,7,True,0.9625206260313016
790,0.0,10,True,0.9624731236561828
791,0.0,250,False,0.962425621281064
792,0.0,37,True,0.9623781189059453
793,0.0,129,True,0.9623306165308265
794,0.0,3,True,0.9622831141557078
795,0.0,24,True,0.962235611780589
796,0.0,65,True,0.9621881094054703
797,0.0,29,True,0.9621406070303515
798,0.0,33,True,0.9620931046552328
799,0.0,7,True,0.962045602280114
800,0.0,215,True,0.9619980999049953
801,0.0,133,True,0.9619505975298765
802,0.0,84,True,0.9619030951547577
803,0.0,38,True,0.961855592779639
804,0.0,14,True,0.9618080904045202
805,0.0,8,True,0.9617605880294015
806,0.0,3,True,0.9617130856542827
807,0.0,18,True,0.961665583279164
808,0.0,10,True,0.9616180809040452
809,0.0,130,True,0.9615705785289265
810,0.0,10,True,0.9615230761538077
811,0.0,14,True,0.961475573778689
812,0.0,184,True,0.9614280714035702
813,0.0,23,True,0.9613805690284514
814,0.0,26,True,0.9613330666533326
815,0.0,29,True,0.9612855642782139
816,0.0,97,True,0.9612380619030951
817,0.0,14,True,0.9611905595279764
818,0.0,237,True,0.9611430571528576
819,0.0,22,True,0.9610955547777389
820,0.0,14,True,0.9610480524026201
821,0.0,49,True,0.9610005500275014
822,0.0,29,True,0.9609530476523827
823,0.0,70,True,0.9609055452772639
824,0.0,6,True,0.9608580429021452
825,0.0,6,True,0.9608105405270263
826,0.0,19,True,0.9607630381519076
827,0.0,28,True,0.9607155357767888
828,0.0,206,True,0.9606680334016701
829,0.0,16,True,0.9606205310265513
830,0.0,195,True,0.9605730286514326
831,0.0,5,True,0.9605255262763138
832,0.0,151,True,0.9604780239011951
833,0.0,7,True,0.9604305215260763
834,0.0,4,True,0.9603830191509576
835,0.0,16,True,0.9603355167758388
836,0.0,137,True,0.96028801440072
837,0.0,17,True,0.9602405120256012
838,0.0,82,True,0.9601930096504825
839,0.0,11,True,0.9601455072753637
840,0.0,30,True,0.960098004900245
841,1.0,111,True,0.9600505025251262
842,0.0,9,True,0.9600030001500075
843,0.0,70,True,0.9599554977748888
844,0.0,46,True,0.95990799539977
845,0.0,7,True,0.9598604930246513
846,0.0,37,True,0.9598129906495325
847,0.0,250,False,0.9597654882744138
848,0.0,141,True,0.9597179858992949
849,0.0,41,True,0.9596704835241762
850,0.0,250,False,0.9596229811490574
851,0.0,16,True,0.9595754787739387
852,0.0,29,True,0.9595279763988199
853,0.0,41,True,0.9594804740237012
854,0.0,5,True,0.9594329716485824
855,0.0,21,True,0.9593854692734637
856,0.0,28,True,0.9593379668983449
857,0.0,217,True,0.9592904645232262
858,0.0,16,True,0.9592429621481074
859,0.0,7,True,0.9591954597729887
860,0.0,16,True,0.9591479573978698
861,0.0,54,True,0.9591004550227511
862,0.0,89,True,0.9590529526476324
863,0.0,13,True,0.9590054502725136
864,0.0,10,True,0.9589579478973949
865,0.0,5,True,0.9589104455222761
866,0.0,72,True,0.9588629431471574
867,0.0,245,True,0.9588154407720386
868,0.0,40,True,0.9587679383969199
869,0.0,4,True,0.9587204360218011
870,0.0,250,False,0.9586729336466824
871,0.0,99,True,0.9586254312715636
872,0.0,151,True,0.9585779288964448
873,0.0,211,True,0.958530426521326
874,0.0,9,True,0.9584829241462073
875,0.0,77,True,0.9584354217710885
876,0.0,113,True,0.9583879193959698
877,0.0,38,True,0.958340417020851
878,0.0,6,True,0.9582929146457323
879,0.0,48,True,0.9582454122706136
880,0.0,11,True,0.9581979098954948
881,0.0,14,True,0.9581504075203761
882,0.0,51,True,0.9581029051452573
883,0.0,2,True,0.9580554027701385
884,0.0,16,True,0.9580079003950197
885,0.0,12,True,0.957960398019901
886,0.0,22,True,0.9579128956447822
887,0.0,16,True,0.9578653932696635
888,0.0,67,True,0.9578178908945447
889,0.0,242,True,0.957770388519426
890,0.0,12,True,0.9577228861443072
891,0.0,10,True,0.9576753837691885
892,0.0,81,True,0.9576278813940697
893,0.0,17,True,0.957580379018951
894,0.0,13,True,0.9575328766438322
895,0.0,26,True,0.9574853742687134
896,0.0,6,True,0.9574378718935946
897,0.0,8,True,0.9573903695184759
898,0.0,65,True,0.9573428671433571
899,0.0,3,True,0.9572953647682384
900,0.0,7,True,0.9572478623931197
901,1.0,125,True,0.9572003600180009
902,0.0,128,True,0.9571528576428822
903,0.0,10,True,0.9571053552677634
904,0.0,24,True,0.9570578528926447
905,0.0,6,True,0.9570103505175259
906,0.0,24,True,0.9569628481424071
907,0.0,30,True,0.9569153457672883
908,0.0,38,True,0.9568678433921696
909,0.0,27,True,0.9568203410170508
910,0.0,7,True,0.9567728386419321
911,0.0,9,True,0.9567253362668133
912,0.0,106,True,0.9566778338916946
913,0.0,18,True,0.9566303315165758
914,0.0,10,True,0.9565828291414571
915,0.0,13,True,0.9565353267663383
916,0.0,5,True,0.9564878243912196
917,0.0,57,True,0.9564403220161009
918,0.0,2,True,0.9563928196409821
919,0.0,7,True,0.9563453172658632
920,0.0,11,True,0.9562978148907445
921,0.0,8,True,0.9562503125156258
922,0.0,53,True,0.956202810140507
923,0.0,24,True,0.9561553077653883
924,0.0,10,True,0.9561078053902695
925,0.0,58,True,0.9560603030151508
926,0.0,12,True,0.956012800640032
927,0.0,40,True,0.9559652982649133
928,0.0,17,True,0.9559177958897945
929,0.0,4,True,0.9558702935146758
930,0.0,3,True,0.9558227911395569
931,0.0,48,True,0.9557752887644382
932,0.0,5,True,0.9557277863893194
933,0.0,11,True,0.9556802840142007
934,0.0,222,True,0.9556327816390819
935,0.0,21,True,0.9555852792639632
936,0.0,9,True,0.9555377768888444
937,0.0,45,True,0.9554902745137257
938,0.0,4,True,0.955442772138607
939,0.0,30,True,0.9553952697634882
940,0.0,250,True,0.9553477673883695
941,0.0,23,True,0.9553002650132507
942,0.0,76,True,0.9552527626381319
943,0.0,38,True,0.9552052602630131
944,0.0,29,True,0.9551577578878944
945,0.0,4,True,0.9551102555127756
946,0.0,25,True,0.9550627531376569
947,1.0,212,True,0.9550152507625381
948,0.0,6,True,0.9549677483874194
949,0.0,32,True,0.9549202460123006
950,0.0,10,True,0.9548727436371819
951,0.0,69,True,0.9548252412620631
952,0.0,36,True,0.9547777388869444
953,0.0,45,True,0.9547302365118255
954,0.0,11,True,0.9546827341367068
955,0.0,147,True,0.954635231761588
956,0.0,3,True,0.9545877293864693
957,0.0,26,True,0.9545402270113506
958,0.0,98,True,0.9544927246362318
959,0.0,6,True,0.9544452222611131
960,0.0,110,True,0.9543977198859943
961,0.0,29,True,0.9543502175108756
962,0.0,22,True,0.9543027151357568
963,0.0,2,True,0.9542552127606381
964,0.0,3,True,0.9542077103855193
965,0.0,9,True,0.9541602080104005
966,0.0,26,True,0.9541127056352817
967,0.0,123,True,0.954065203260163
968,0.0,250,False,0.9540177008850442
969,0.0,4,True,0.9539701985099255
970,0.0,10,True,0.9539226961348067
971,0.0,121,True,0.953875193759688
972,0.0,25,True,0.9538276913845692
973,0.0,8,True,0.9537801890094505
974,1.0,101,True,0.9537326866343317
975,0.0,2,True,0.953685184259213
976,0.0,2,True,0.9536376818840943
977,0.0,250,False,0.9535901795089754
978,0.0,140,True,0.9535426771338567
979,0.0,5,True,0.9534951747587379
980,0.0,34,True,0.9534476723836192
981,0.0,42,True,0.9534001700085004
982,0.0,8,True,0.9533526676333817
983,0.0,36,True,0.9533051652582629
984,0.0,56,True,0.9532576628831442
985,0.0,222,True,0.9532101605080254
986,0.0,10,True,0.9531626581329067
987,0.0,250,False,0.9531151557577879
988,0.0,3,True,0.9530676533826692
989,0.0,7,True,0.9530201510075503
990,0.0,12,True,0.9529726486324316
991,0.0,86,True,0.9529251462573128
992,0.0,146,True,0.9528776438821941
993,0.0,100,True,0.9528301415070753
994,0.0,5,True,0.9527826391319566
995,1.0,109,True,0.9527351367568379
996,0.0,16,True,0.9526876343817191
997,0.0,202,True,0.9526401320066004
998,0.0,199,True,0.9525926296314816
999,0.0,23,True,0.9525451272563629
1000,1.0,179,True,0.952497624881244
1001,0.0,67,True,0.9524501225061253
1002,0.0,4,True,0.9524026201310065
1003,0.0,27,True,0.9523551177558878
1004,0.0,19,True,0.952307615380769
1005,0.0,31,True,0.9522601130056503
1006,0.0,73,True,0.9522126106305315
1007,0.0,12,True,0.9521651082554128
1008,0.0,36,True,0.952117605880294
1009,0.0,8,True,0.9520701035051753
1010,0.0,143,True,0.9520226011300565
1011,0.0,48,True,0.9519750987549378
1012,0.0,27,True,0.9519275963798189
1013,0.0,27,True,0.9518800940047002
1014,0.0,66,True,0.9518325916295814
1015,0.0,36,True,0.9517850892544627
1016,0.0,5,True,0.951737586879344
1017,0.0,51,True,0.9516900845042252
1018,0.0,12,True,0.9516425821291065
1019,0.0,20,True,0.9515950797539877
1020,0.0,17,True,0.951547577378869
1021,0.0,74,True,0.9515000750037502
1022,0.0,4,True,0.9514525726286315
1023,0.0,250,False,0.9514050702535126
1024,0.0,5,True,0.9513575678783939
1025,0.0,6,True,0.9513100655032751
1026,0.0,11,True,0.9512625631281564
1027,0.0,29,True,0.9512150607530376
1028,0.0,24,True,0.9511675583779189
1029,0.0,122,True,0.9511200560028001
1030,0.0,7,True,0.9510725536276814
1031,0.0,28,True,0.9510250512525626
1032,0.0,6,True,0.9509775488774439
1033,0.0,5,True,0.9509300465023252
1034,0.0,19,True,0.9508825441272064
1035,0.0,45,True,0.9508350417520877
1036,0.0,8,True,0.9507875393769688
1037,0.0,22,True,0.9507400370018501
1038,0.0,20,True,0.9506925346267313
1039,0.0,30,True,0.9506450322516126
1040,0.0,6,True,0.9505975298764938
1041,0.0,250,False,0.9505500275013751
1042,0.0,48,True,0.9505025251262563
1043,0.0,250,False,0.9504550227511376
1044,0.0,138,True,0.9504075203760188
1045,0.0,21,True,0.9503600180009001
1046,0.0,43,True,0.9503125156257813
1047,0.0,107,True,0.9502650132506625
1048,0.0,11,True,0.9502175108755437
1049,0.0,29,True,0.950170008500425
1050,0.0,3,True,0.9501225061253062
1051,0.0,9,True,0.9500750037501875
1052,0.0,94,True,0.9500275013750688
1053,0.0,4,True,0.94997999899995
1054,0.0,2,True,0.9499324966248313
1055,0.0,250,False,0.9498849942497125
1056,0.0,5,True,0.9498374918745938
1057,0.0,3,True,0.949789989499475
1058,0.0,78,True,0.9497424871243563
1059,0.0,34,True,0.9496949847492374
1060,0.0,186,True,0.9496474823741187
1061,0.0,34,True,0.9495999799989999
1062,0.0,21,True,0.9495524776238812
1063,0.0,69,True,0.9495049752487624
1064,0.0,170,True,0.9494574728736437
1065,0.0,28,True,0.9494099704985249
1066,0.0,77,True,0.9493624681234062
1067,0.0,10,True,0.9493149657482874
1068,0.0,69,True,0.9492674633731687
1069,0.0,175,True,0.94921996099805
1070,0.0,136,True,0.9491724586229311
1071,0.0,26,True,0.9491249562478123
1072,0.0,69,True,0.9490774538726936
1073,0.0,29,True,0.9490299514975749
1074,0.0,23,True,0.9489824491224561
1075,0.0,36,True,0.9489349467473374
1076,0.0,102,True,0.9488874443722186
1077,0.0,14,True,0.9488399419970999
1078,0.0,6,True,0.9487924396219811
1079,0.0,8,True,0.9487449372468624
1080,0.0,4,True,0.9486974348717436
1081,0.0,8,True,0.9486499324966249
1082,0.0,36,True,0.948602430121506
1083,0.0,71,True,0.9485549277463873
1084,0.0,7,True,0.9485074253712685
1085,0.0,41,True,0.9484599229961498
1086,0.0,75,True,0.948412420621031
1087,0.0,182,True,0.9483649182459123
1088,0.0,5,True,0.9483174158707935
1089,0.0,55,True,0.9482699134956748
1090,0.0,81,True,0.948222411120556
1091,0.0,10,True,0.9481749087454373
1092,0.0,58,True,0.9481274063703186
1093,0.0,24,True,0.9480799039951997
1094,0.0,12,True,0.948032401620081
1095,0.0,7,True,0.9479848992449622
1096,0.0,250,False,0.9479373968698435
1097,0.0,6,True,0.9478898944947247
1098,0.0,14,True,0.947842392119606
1099,0.0,8,True,0.9477948897444872
1100,0.0,11,True,0.9477473873693685
1101,0.0,24,True,0.9476998849942497
1102,0.0,250,False,0.947652382619131
1103,0.0,13,True,0.9476048802440122
1104,0.0,10,True,0.9475573778688935
1105,0.0,250,False,0.9475098754937747
1106,0.0,36,True,0.9474623731186559
1107,0.0,66,True,0.9474148707435371
1108,0.0,7,True,0.9473673683684184
1109,0.0,97,True,0.9473198659932996
1110,0.0,22,True,0.9472723636181809
1111,0.0,114,True,0.9472248612430622
1112,0.0,10,True,0.9471773588679434
1113,0.0,9,True,0.9471298564928247
1114,0.0,16,True,0.9470823541177059
1115,0.0,12,True,0.9470348517425872
1116,0.0,250,False,0.9469873493674684
1117,0.0,6,True,0.9469398469923496
1118,0.0,70,True,0.9468923446172308
1119,0.0,99,True,0.9468448422421121
1120,0.0,13,True,0.9467973398669933
1121,0.0,37,True,0.9467498374918746
1122,0.0,16,True,0.9467023351167558
1123,0.0,19,True,0.9466548327416371
1124,0.0,35,True,0.9466073303665183
1125,0.0,151,True,0.9465598279913996
1126,0.0,8,True,0.9465123256162808
1127,0.0,14,True,0.9464648232411621
1128,0.0,39,True,0.9464173208660434
1129,0.0,8,True,0.9463698184909245
1130,0.0,123,True,0.9463223161158058
1131,0.0,7,True,0.946274813740687
1132,0.0,164,True,0.9462273113655683
1133,0.0,177,True,0.9461798089904495
1134,0.0,36,True,0.9461323066153308
1135,0.0,37,True,0.946084804240212
1136,0.0,33,True,0.9460373018650933
1137,0.0,191,True,0.9459897994899745
1138,0.0,4,True,0.9459422971148558
1139,0.0,4,True,0.945894794739737
1140,0.0,72,True,0.9458472923646182
1141,0.0,80,True,0.9457997899894994
1142,0.0,20,True,0.9457522876143807
1143,0.0,8,True,0.9457047852392619
1144,0.0,5,True,0.9456572828641432
1145,2.0,197,True,0.9456097804890244
1146,0.0,47,True,0.9455622781139057
1147,0.0,11,True,0.945514775738787
1148,0.0,98,True,0.9454672733636682
1149,0.0,64,True,0.9454197709885495
1150,0.0,250,False,0.9453722686134307
1151,0.0,14,True,0.945324766238312
1152,0.0,179,True,0.9452772638631932
1153,0.0,82,True,0.9452297614880744
1154,0.0,21,True,0.9451822591129556
1155,0.0,4,True,0.9451347567378369
1156,0.0,27,True,0.9450872543627181
1157,0.0,37,True,0.9450397519875994
1158,0.0,12,True,0.9449922496124806
1159,0.0,40,True,0.9449447472373619
1160,0.0,8,True,0.9448972448622431
1161,0.0,250,False,0.9448497424871244
1162,2.0,108,True,0.9448022401120056
1163,0.0,36,True,0.9447547377368869
1164,0.0,28,True,0.944707235361768
1165,0.0,8,True,0.9446597329866493
1166,0.0,14,True,0.9446122306115305
1167,0.0,19,True,0.9445647282364118
1168,0.0,73,True,0.944517225861293
1169,0.0,6,True,0.9444697234861743
1170,0.0,9,True,0.9444222211110556
1171,0.0,33,True,0.9443747187359368
1172,1.0,105,True,0.9443272163608181
1173,0.0,69,True,0.9442797139856993
1174,0.0,11,True,0.9442322116105806
1175,0.0,207,True,0.9441847092354618
1176,0.0,95,True,0.944137206860343
1177,0.0,79,True,0.9440897044852242
1178,0.0,166,True,0.9440422021101055
1179,0.0,12,True,0.9439946997349867
1180,0.0,71,True,0.943947197359868
1181,0.0,31,True,0.9438996949847492
1182,0.0,2,True,0.9438521926096305
1183,0.0,17,True,0.9438046902345117
1184,0.0,16,True,0.943757187859393
1185,0.0,152,True,0.9437096854842743
1186,0.0,15,True,0.9436621831091555
1187,0.0,140,True,0.9436146807340366
1188,0.0,13,True,0.9435671783589179
1189,0.0,103,True,0.9435196759837992
1190,0.0,12,True,0.9434721736086804
1191,0.0,5,True,0.9434246712335617
1192,0.0,205,True,0.9433771688584429
1193,0.0,250,False,0.9433296664833242
1194,0.0,3,True,0.9432821641082054
1195,0.0,36,True,0.9432346617330867
1196,0.0,6,True,0.9431871593579679
1197,0.0,7,True,0.9431396569828492
1198,0.0,17,True,0.9430921546077304
1199,0.0,11,True,0.9430446522326116
1200,0.0,28,True,0.9429971498574928
1201,0.0,36,True,0.9429496474823741
1202,0.0,15,True,0.9429021451072553
1203,0.0,2,True,0.9428546427321366
1204,0.0,11,True,0.9428071403570178
1205,0.0,70,True,0.9427596379818991
1206,0.0,75,True,0.9427121356067804
1207,0.0,29,True,0.9426646332316616
1208,0.0,120,True,0.9426171308565429
1209,0.0,250,False,0.9425696284814241
1210,0.0,102,True,0.9425221261063053
1211,0.0,82,True,0.9424746237311865
1212,0.0,12,True,0.9424271213560678
1213,0.0,27,True,0.942379618980949
1214,0.0,8,True,0.9423321166058303
1215,0.0,58,True,0.9422846142307115
1216,0.0,35,True,0.9422371118555928
1217,0.0,85,True,0.942189609480474
1218,0.0,22,True,0.9421421071053553
1219,1.0,103,True,0.9420946047302365
1220,0.0,3,True,0.9420471023551178
1221,0.0,20,True,0.941999599979999
1222,0.0,51,True,0.9419520976048803
1223,0.0,9,True,0.9419045952297614
1224,0.0,160,True,0.9418570928546427
1225,0.0,10,True,0.941809590479524
1226,0.0,17,True,0.9417620881044052
1227,0.0,3,True,0.9417145857292865
1228,0.0,50,True,0.9416670833541677
1229,0.0,250,False,0.941619580979049
1230,0.0,25,True,0.9415720786039302
1231,2.0,157,True,0.9415245762288115
1232,0.0,165,True,0.9414770738536927
1233,0.0,105,True,0.941429571478574
1234,0.0,250,False,0.9413820691034551
1235,0.0,216,True,0.9413345667283364
1236,0.0,135,True,0.9412870643532176
1237,0.0,11,True,0.9412395619780989
1238,0.0,31,True,0.9411920596029801
1239,0.0,16,True,0.9411445572278614
1240,0.0,7,True,0.9410970548527426
1241,0.0,6,True,0.9410495524776239
1242,0.0,26,True,0.9410020501025051
1243,0.0,13,True,0.9409545477273864
1244,0.0,42,True,0.9409070453522677
1245,0.0,8,True,0.9408595429771489
1246,0.0,25,True,0.94081204060203
1247,0.0,98,True,0.9407645382269113
1248,0.0,14,True,0.9407170358517926
1249,0.0,174,True,0.9406695334766738
1250,0.0,24,True,0.9406220311015551
1251,0.0,8,True,0.9405745287264363
1252,0.0,8,True,0.9405270263513176
1253,1.0,93,True,0.9404795239761988
1254,0.0,59,True,0.9404320216010801
1255,0.0,11,True,0.9403845192259613
1256,0.0,13,True,0.9403370168508426
1257,0.0,193,True,0.9402895144757237
1258,0.0,10,True,0.940242012100605
1259,0.0,25,True,0.9401945097254862
1260,0.0,23,True,0.9401470073503675
1261,0.0,42,True,0.9400995049752487
1262,0.0,30,True,0.94005200260013
1263,0.0,7,True,0.9400045002250113
1264,0.0,8,True,0.9399569978498925
1265,0.0,26,True,0.9399094954747738
1266,0.0,79,True,0.939861993099655
1267,0.0,11,True,0.9398144907245363
1268,2.0,85,True,0.9397669883494175
1269,0.0,3,True,0.9397194859742988
1270,0.0,250,False,0.9396719835991799
1271,0.0,191,True,0.9396244812240612
1272,0.0,2,True,0.9395769788489424
1273,0.0,103,True,0.9395294764738237
1274,0.0,9,True,0.9394819740987049
1275,0.0,11,True,0.9394344717235862
1276,0.0,16,True,0.9393869693484674
1277,0.0,3,True,0.9393394669733487
1278,0.0,5,True,0.93929196459823
1279,0.0,27,True,0.9392444622231112
1280,0.0,6,True,0.9391969598479925
1281,0.0,166,True,0.9391494574728736
1282,0.0,212,True,0.9391019550977548
1283,0.0,5,True,0.9390544527226361
1284,0.0,3,True,0.9390069503475174
1285,0.0,27,True,0.9389594479723986
1286,0.0,18,True,0.9389119455972799
1287,0.0,113,True,0.9388644432221611
1288,0.0,8,True,0.9388169408470424
1289,0.0,19,True,0.9387694384719236
1290,0.0,131,True,0.9387219360968049
1291,0.0,11,True,0.9386744337216861
1292,0.0,16,True,0.9386269313465674
1293,0.0,95,True,0.9385794289714485
1294,0.0,15,True,0.9385319265963298
1295,0.0,10,True,0.938484424221211
1296,0.0,170,True,0.9384369218460923
1297,1.0,129,True,0.9383894194709735
1298,0.0,16,True,0.9383419170958548
1299,0.0,22,True,0.938294414720736
1300,0.0,42,True,0.9382469123456173
1301,0.0,5,True,0.9381994099704986
1302,0.0,24,True,0.9381519075953798
1303,0.0,4,True,0.9381044052202611
1304,0.0,11,True,0.9380569028451422
1305,0.0,6,True,0.9380094004700235
1306,0.0,250,False,0.9379618980949047
1307,0.0,7,True,0.937914395719786
1308,0.0,18,True,0.9378668933446672
1309,0.0,8,True,0.9378193909695485
1310,0.0,3,True,0.9377718885944297
1311,0.0,233,True,0.937724386219311
1312,0.0,3,True,0.9376768838441922
1313,0.0,159,True,0.9376293814690735
1314,0.0,50,True,0.9375818790939547
1315,0.0,7,True,0.937534376718836
1316,0.0,169,True,0.9374868743437172
1317,0.0,43,True,0.9374393719685984
1318,0.0,70,True,0.9373918695934796
1319,0.0,30,True,0.9373443672183609
1320,0.0,35,True,0.9372968648432422
1321,0.0,9,True,0.9372493624681234
1322,0.0,42,True,0.9372018600930047
1323,0.0,18,True,0.9371543577178859
1324,0.0,19,True,0.9371068553427672
1325,0.0,185,True,0.9370593529676484
1326,0.0,20,True,0.9370118505925297
1327,0.0,230,True,0.9369643482174109
1328,0.0,120,True,0.9369168458422921
1329,0.0,28,True,0.9368693434671733
1330,0.0,14,True,0.9368218410920546
1331,0.0,58,True,0.9367743387169358
1332,0.0,30,True,0.9367268363418171
1333,0.0,90,True,0.9366793339666983
1334,0.0,24,True,0.9366318315915796
1335,0.0,5,True,0.9365843292164608
1336,0.0,36,True,0.9365368268413421
1337,0.0,17,True,0.9364893244662233
1338,1.0,161,True,0.9364418220911046
1339,0.0,65,True,0.9363943197159859
1340,0.0,33,True,0.9363468173408671
1341,0.0,2,True,0.9362993149657483
1342,0.0,7,True,0.9362518125906295
1343,0.0,12,True,0.9362043102155108
1344,0.0,11,True,0.936156807840392
1345,0.0,20,True,0.9361093054652733
1346,0.0,10,True,0.9360618030901545
1347,0.0,5,True,0.9360143007150358
1348,0.0,4,True,0.935966798339917
1349,0.0,53,True,0.9359192959647983
1350,0.0,144,True,0.9358717935896794
1351,0.0,23,True,0.9358242912145607
1352,0.0,129,True,0.9357767888394419
1353,0.0,10,True,0.9357292864643232
1354,0.0,146,True,0.9356817840892044
1355,0.0,131,True,0.9356342817140857
1356,0.0,6,True,0.935586779338967
1357,0.0,3,True,0.9355392769638482
1358,0.0,29,True,0.9354917745887295
1359,0.0,46,True,0.9354442722136107
1360,0.0,74,True,0.935396769838492
1361,0.0,68,True,0.9353492674633732
1362,0.0,3,True,0.9353017650882545
1363,0.0,20,True,0.9352542627131356
1364,0.0,6,True,0.9352067603380169
1365,0.0,22,True,0.9351592579628981
1366,0.0,6,True,0.9351117555877794
1367,0.0,97,True,0.9350642532126606
1368,0.0,250,False,0.9350167508375419
1369,0.0,106,True,0.9349692484624231
1370,0.0,7,True,0.9349217460873044
1371,0.0,51,True,0.9348742437121856
1372,0.0,46,True,0.9348267413370669
1373,0.0,14,True,0.9347792389619481
1374,0.0,6,True,0.9347317365868293
1375,0.0,165,True,0.9346842342117105
1376,0.0,109,True,0.9346367318365918
1377,0.0,30,True,0.934589229461473
1378,0.0,4,True,0.9345417270863543
1379,0.0,17,True,0.9344942247112356
1380,0.0,169,True,0.9344467223361168
1381,0.0,250,False,0.9343992199609981
1382,0.0,13,True,0.9343517175858793
1383,0.0,165,True,0.9343042152107606
1384,0.0,155,True,0.9342567128356418
1385,0.0,42,True,0.9342092104605231
1386,0.0,68,True,0.9341617080854043
1387,0.0,250,False,0.9341142057102855
1388,0.0,5,True,0.9340667033351667
1389,0.0,250,False,0.934019200960048
1390,0.0,44,True,0.9339716985849292
1391,0.0,22,True,0.9339241962098105
1392,0.0,13,True,0.9338766938346917
1393,0.0,5,True,0.933829191459573
1394,0.0,11,True,0.9337816890844542
1395,0.0,96,True,0.9337341867093355
1396,0.0,13,True,0.9336866843342168
1397,0.0,54,True,0.933639181959098
1398,0.0,30,True,0.9335916795839792
1399,0.0,10,True,0.9335441772088604
1400,0.0,11,True,0.9334966748337417
1401,0.0,16,True,0.9334491724586229
1402,0.0,12,True,0.9334016700835042
1403,0.0,14,True,0.9333541677083854
1404,0.0,3,True,0.9333066653332667
1405,0.0,17,True,0.9332591629581479
1406,0.0,13,True,0.9332116605830292
1407,0.0,106,True,0.9331641582079104
1408,0.0,66,True,0.9331166558327917
1409,0.0,250,False,0.9330691534576729
1410,0.0,159,True,0.9330216510825542
1411,0.0,24,True,0.9329741487074353
1412,0.0,23,True,0.9329266463323166
1413,0.0,250,False,0.9328791439571978
1414,0.0,29,True,0.9328316415820791
1415,0.0,6,True,0.9327841392069603
1416,0.0,46,True,0.9327366368318416
1417,0.0,3,True,0.9326891344567229
1418,0.0,11,True,0.9326416320816041
1419,0.0,233,True,0.9325941297064854
1420,0.0,25,True,0.9325466273313665
1421,0.0,7,True,0.9324991249562478
1422,0.0,135,True,0.932451622581129
1423,0.0,22,True,0.9324041202060103
1424,0.0,4,True,0.9323566178308915
1425,0.0,3,True,0.9323091154557728
1426,0.0,21,True,0.932261613080654
1427,0.0,15,True,0.9322141107055353
1428,2.0,187,True,0.9321666083304165
1429,0.0,81,True,0.9321191059552978
1430,0.0,55,True,0.932071603580179
1431,0.0,11,True,0.9320241012050603
1432,0.0,13,True,0.9319765988299415
1433,0.0,8,True,0.9319290964548228
1434,0.0,67,True,0.931881594079704
1435,0.0,15,True,0.9318340917045852
1436,1.0,81,True,0.9317865893294665
1437,0.0,5,True,0.9317390869543477
1438,0.0,20,True,0.931691584579229
1439,0.0,5,True,0.9316440822041102
1440,0.0,13,True,0.9315965798289915
1441,0.0,10,True,0.9315490774538727
1442,0.0,18,True,0.931501575078754
1443,0.0,6,True,0.9314540727036352
1444,0.0,82,True,0.9314065703285164
1445,0.0,75,True,0.9313590679533976
1446,0.0,48,True,0.9313115655782789
1447,0.0,6,True,0.9312640632031601
1448,0.0,40,True,0.9312165608280414
1449,0.0,10,True,0.9311690584529226
1450,0.0,25,True,0.9311215560778039
1451,0.0,37,True,0.9310740537026851
1452,0.0,4,True,0.9310265513275664
1453,0.0,105,True,0.9309790489524477
1454,0.0,4,True,0.9309315465773289
1455,0.0,48,True,0.9308840442022102
1456,0.0,96,True,0.9308365418270914
1457,0.0,12,True,0.9307890394519726
1458,0.0,142,True,0.9307415370768538
1459,0.0,40,True,0.9306940347017351
1460,0.0,12,True,0.9306465323266163
1461,0.0,3,True,0.9305990299514976
1462,0.0,9,True,0.9305515275763788
1463,0.0,35,True,0.9305040252012601
1464,0.0,4,True,0.9304565228261413
1465,0.0,54,True,0.9304090204510226
1466,0.0,37,True,0.9303615180759038
1467,0.0,32,True,0.9303140157007851
1468,0.0,250,False,0.9302665133256662
1469,0.0,17,True,0.9302190109505475
1470,0.0,99,True,0.9301715085754287
1471,2.0,187,True,0.93012400620031
1472,0.0,54,True,0.9300765038251912
1473,0.0,62,True,0.9300290014500725
1474,0.0,11,True,0.9299814990749538
1475,0.0,100,True,0.929933996699835
1476,0.0,21,True,0.9298864943247163
1477,0.0,93,True,0.9298389919495975
1478,0.0,121,True,0.9297914895744788
1479,0.0,3,True,0.92974398719936
1480,0.0,8,True,0.9296964848242413
1481,0.0,5,True,0.9296489824491224
1482,0.0,6,True,0.9296014800740037
1483,0.0,22,True,0.9295539776988849
1484,0.0,123,True,0.9295064753237662
1485,0.0,72,True,0.9294589729486474
1486,0.0,14,True,0.9294114705735287
1487,0.0,8,True,0.9293639681984099
1488,0.0,34,True,0.9293164658232912
1489,0.0,250,False,0.9292689634481724
1490,0.0,2,True,0.9292214610730537
1491,0.0,6,True,0.9291739586979348
1492,0.0,25,True,0.9291264563228161
1493,1.0,88,True,0.9290789539476974
1494,0.0,44,True,0.9290314515725786
1495,0.0,5,True,0.9289839491974599
1496,0.0,44,True,0.9289364468223411
1497,0.0,20,True,0.9288889444472224
1498,0.0,29,True,0.9288414420721036
1499,0.0,11,True,0.9287939396969849
1500,0.0,35,True,0.9287464373218661
1501,0.0,76,True,0.9286989349467474
1502,0.0,46,True,0.9286514325716286
1503,0.0,61,True,0.9286039301965099
1504,0.0,3,True,0.9285564278213911
1505,0.0,20,True,0.9285089254462723
1506,0.0,10,True,0.9284614230711535
1507,0.0,17,True,0.9284139206960348
1508,0.0,2,True,0.928366418320916
1509,0.0,6,True,0.9283189159457973
1510,0.0,5,True,0.9282714135706785
1511,0.0,182,True,0.9282239111955598
1512,0.0,36,True,0.9281764088204411
1513,0.0,18,True,0.9281289064453223
1514,0.0,42,True,0.9280814040702035
1515,0.0,34,True,0.9280339016950847
1516,0.0,19,True,0.927986399319966
1517,0.0,26,True,0.9279388969448472
1518,0.0,16,True,0.9278913945697285
1519,0.0,76,True,0.9278438921946097
1520,0.0,250,False,0.927796389819491
1521,0.0,153,True,0.9277488874443722
1522,0.0,5,True,0.9277013850692535
1523,0.0,6,True,0.9276538826941347
1524,2.0,149,True,0.927606380319016
1525,0.0,63,True,0.9275588779438972
1526,0.0,86,True,0.9275113755687785
1527,1.0,135,True,0.9274638731936596
1528,0.0,36,True,0.9274163708185409
1529,0.0,16,True,0.9273688684434221
1530,0.0,35,True,0.9273213660683034
1531,0.0,185,True,0.9272738636931847
1532,0.0,10,True,0.9272263613180659
1533,1.0,96,True,0.9271788589429472
1534,0.0,16,True,0.9271313565678284
1535,0.0,15,True,0.9270838541927097
1536,0.0,15,True,0.9270363518175909
1537,0.0,24,True,0.9269888494424722
1538,0.0,22,True,0.9269413470673533
1539,0.0,77,True,0.9268938446922346
1540,0.0,83,True,0.9268463423171158
1541,0.0,65,True,0.9267988399419971
1542,0.0,6,True,0.9267513375668783
1543,0.0,5,True,0.9267038351917596
1544,2.0,119,True,0.9266563328166408
1545,0.0,19,True,0.9266088304415221
1546,0.0,64,True,0.9265613280664033
1547,0.0,9,True,0.9265138256912846
1548,0.0,111,True,0.9264663233161659
1549,0.0,41,True,0.9264188209410471
1550,0.0,11,True,0.9263713185659284
1551,0.0,53,True,0.9263238161908095
1552,0.0,7,True,0.9262763138156908
1553,0.0,10,True,0.926228811440572
1554,0.0,12,True,0.9261813090654533
1555,0.0,9,True,0.9261338066903345
1556,0.0,11,True,0.9260863043152158
1557,0.0,11,True,0.926038801940097
1558,0.0,16,True,0.9259912995649783
1559,0.0,54,True,0.9259437971898595
1560,0.0,75,True,0.9258962948147408
1561,0.0,6,True,0.9258487924396219
1562,0.0,66,True,0.9258012900645032
1563,0.0,9,True,0.9257537876893844
1564,0.0,122,True,0.9257062853142657
1565,0.0,20,True,0.9256587829391469
1566,0.0,36,True,0.9256112805640282
1567,0.0,7,True,0.9255637781889094
1568,0.0,12,True,0.9255162758137907
1569,0.0,153,True,0.925468773438672
1570,0.0,17,True,0.9254212710635532
1571,0.0,213,True,0.9253737686884345
1572,0.0,11,True,0.9253262663133157
1573,0.0,43,True,0.925278763938197
1574,0.0,3,True,0.9252312615630782
1575,0.0,25,True,0.9251837591879594
1576,0.0,66,True,0.9251362568128406
1577,0.0,6,True,0.9250887544377219
1578,0.0,80,True,0.9250412520626031
1579,0.0,7,True,0.9249937496874844
1580,0.0,4,True,0.9249462473123656
1581,1.0,209,True,0.9248987449372469
1582,0.0,7,True,0.9248512425621281
1583,0.0,27,True,0.9248037401870094
1584,0.0,24,True,0.9247562378118905
1585,0.0,9,True,0.9247087354367718
1586,0.0,156,True,0.924661233061653
1587,0.0,6,True,0.9246137306865343
1588,0.0,89,True,0.9245662283114155
1589,0.0,139,True,0.9245187259362968
1590,0.0,7,True,0.9244712235611781
1591,0.0,156,True,0.9244237211860593
1592,0.0,22,True,0.9243762188109406
1593,0.0,105,True,0.9243287164358218
1594,0.0,250,False,0.9242812140607031
1595,0.0,77,True,0.9242337116855843
1596,0.0,44,True,0.9241862093104656
1597,0.0,40,True,0.9241387069353467
1598,0.0,9,True,0.924091204560228
1599,0.0,86,True,0.9240437021851092
1600,0.0,15,True,0.9239961998099905
1601,0.0,54,True,0.9239486974348717
1602,0.0,47,True,0.923901195059753
1603,0.0,28,True,0.9238536926846342
1604,0.0,62,True,0.9238061903095155
1605,0.0,11,True,0.9237586879343967
1606,0.0,6,True,0.923711185559278
1607,0.0,3,True,0.9236636831841593
1608,0.0,20,True,0.9236161808090404
1609,0.0,13,True,0.9235686784339217
1610,0.0,4,True,0.9235211760588029
1611,0.0,34,True,0.9234736736836842
1612,0.0,4,True,0.9234261713085654
1613,0.0,29,True,0.9233786689334467
1614,0.0,55,True,0.9233311665583279
1615,0.0,45,True,0.9232836641832092
1616,0.0,20,True,0.9232361618080904
1617,0.0,10,True,0.9231886594329717
1618,0.0,104,True,0.9231411570578529
1619,0.0,15,True,0.9230936546827342
1620,0.0,43,True,0.9230461523076154
1621,0.0,7,True,0.9229986499324966
1622,0.0,119,True,0.9229511475573778
1623,0.0,12,True,0.9229036451822591
1624,0.0,98,True,0.9228561428071403
1625,0.0,34,True,0.9228086404320216
1626,0.0,20,True,0.9227611380569029
1627,0.0,18,True,0.9227136356817841
1628,0.0,49,True,0.9226661333066654
1629,0.0,33,True,0.9226186309315466
1630,0.0,93,True,0.9225711285564279
1631,0.0,100,True,0.9225236261813091
1632,0.0,235,True,0.9224761238061903
1633,0.0,34,True,0.9224286214310715
1634,0.0,40,True,0.9223811190559528
1635,0.0,48,True,0.922333616680834
1636,0.0,250,False,0.9222861143057153
1637,0.0,234,True,0.9222386119305965
1638,0.0,15,True,0.9221911095554778
1639,0.0,140,True,0.922143607180359
1640,0.0,87,True,0.9220961048052403
1641,0.0,45,True,0.9220486024301215
1642,0.0,31,True,0.9220011000550028
1643,0.0,92,True,0.921953597679884
1644,0.0,10,True,0.9219060953047653
1645,0.0,26,True,0.9218585929296464
1646,0.0,23,True,0.9218110905545277
1647,0.0,12,True,0.921763588179409
1648,1.0,129,True,0.9217160858042902
1649,0.0,12,True,0.9216685834291715
1650,0.0,27,True,0.9216210810540527
1651,0.0,13,True,0.921573578678934
1652,0.0,150,True,0.9215260763038152
1653,0.0,31,True,0.9214785739286965
1654,0.0,12,True,0.9214310715535776
1655,0.0,34,True,0.9213835691784589
1656,0.0,57,True,0.9213360668033401
1657,0.0,24,True,0.9212885644282214
1658,0.0,2,True,0.9212410620531026
1659,0.0,2,True,0.9211935596779839
1660,0.0,203,True,0.9211460573028651
1661,0.0,94,True,0.9210985549277464
1662,0.0,65,True,0.9210510525526276
1663,0.0,3,True,0.9210035501775089
1664,0.0,4,True,0.9209560478023902
1665,0.0,4,True,0.9209085454272714
1666,0.0,5,True,0.9208610430521527
1667,0.0,52,True,0.9208135406770339
1668,0.0,250,False,0.9207660383019151
1669,0.0,12,True,0.9207185359267963
1670,0.0,3,True,0.9206710335516776
1671,0.0,43,True,0.9206235311765588
1672,0.0,7,True,0.9205760288014401
1673,0.0,235,True,0.9205285264263213
1674,0.0,139,True,0.9204810240512026
1675,0.0,33,True,0.9204335216760838
1676,0.0,77,True,0.9203860193009651
1677,0.0,2,True,0.9203385169258463
1678,0.0,3,True,0.9202910145507275
1679,0.0,15,True,0.9202435121756087
1680,0.0,12,True,0.92019600980049
1681,0.0,112,True,0.9201485074253712
1682,0.0,18,True,0.9201010050502525
1683,0.0,14,True,0.9200535026751337
1684,0.0,27,True,0.920006000300015
1685,0.0,4,True,0.9199584979248963
1686,0.0,74,True,0.9199109955497775
1687,0.0,21,True,0.9198634931746588
1688,0.0,28,True,0.91981599079954
1689,0.0,249,True,0.9197684884244213
1690,0.0,3,True,0.9197209860493025
1691,0.0,8,True,0.9196734836741837
1692,0.0,250,False,0.9196259812990649
1693,0.0,11,True,0.9195784789239462
1694,0.0,2,True,0.9195309765488274
1695,0.0,35,True,0.9194834741737087
1696,0.0,37,True,0.9194359717985899
1697,0.0,131,True,0.9193884694234712
1698,0.0,69,True,0.9193409670483524
1699,0.0,2,True,0.9192934646732337
1700,0.0,9,True,0.919245962298115
1701,0.0,16,True,0.9191984599229962
1702,0.0,10,True,0.9191509575478773
1703,0.0,72,True,0.9191034551727586
1704,0.0,120,True,0.9190559527976399
1705,0.0,34,True,0.9190084504225211
1706,0.0,5,True,0.9189609480474024
1707,0.0,22,True,0.9189134456722836
1708,0.0,3,True,0.9188659432971649
1709,0.0,65,True,0.9188184409220461
1710,0.0,3,True,0.9187709385469274
1711,0.0,41,True,0.9187234361718086
1712,0.0,16,True,0.9186759337966899
1713,0.0,66,True,0.9186284314215711
1714,0.0,9,True,0.9185809290464524
1715,0.0,22,True,0.9185334266713335
1716,0.0,158,True,0.9184859242962148
1717,0.0,250,False,0.918438421921096
1718,0.0,169,True,0.9183909195459773
1719,0.0,10,True,0.9183434171708585
1720,0.0,19,True,0.9182959147957398
1721,0.0,50,True,0.918248412420621
1722,0.0,11,True,0.9182009100455023
1723,0.0,23,True,0.9181534076703836
1724,0.0,42,True,0.9181059052952647
1725,0.0,38,True,0.918058402920146
1726,0.0,8,True,0.9180109005450272
1727,0.0,8,True,0.9179633981699085
1728,0.0,5,True,0.9179158957947897
1729,0.0,250,False,0.917868393419671
1730,0.0,4,True,0.9178208910445522
1731,0.0,250,False,0.9177733886694335
1732,0.0,12,True,0.9177258862943147
1733,0.0,10,True,0.917678383919196
1734,0.0,5,True,0.9176308815440772
1735,0.0,20,True,0.9175833791689585
1736,0.0,7,True,0.9175358767938397
1737,0.0,4,True,0.917488374418721
1738,0.0,14,True,0.9174408720436021
1739,0.0,15,True,0.9173933696684834
1740,0.0,91,True,0.9173458672933646
1741,0.0,11,True,0.9172983649182459
1742,0.0,40,True,0.9172508625431272
1743,0.0,9,True,0.9172033601680084
1744,0.0,17,True,0.9171558577928897
1745,0.0,7,True,0.9171083554177709
1746,0.0,6,True,0.9170608530426522
1747,0.0,100,True,0.9170133506675334
1748,0.0,84,True,0.9169658482924146
1749,0.0,9,True,0.9169183459172958
1750,0.0,202,True,0.9168708435421771
1751,0.0,79,True,0.9168233411670583
1752,0.0,131,True,0.9167758387919396
1753,0.0,35,True,0.9167283364168208
1754,0.0,82,True,0.9166808340417021
1755,0.0,5,True,0.9166333316665833
1756,0.0,20,True,0.9165858292914646
1757,0.0,34,True,0.9165383269163458
1758,0.0,39,True,0.9164908245412271
1759,0.0,8,True,0.9164433221661084
1760,0.0,18,True,0.9163958197909896
1761,0.0,250,False,0.9163483174158708
1762,0.0,44,True,0.916300815040752
1763,0.0,34,True,0.9162533126656333
1764,0.0,50,True,0.9162058102905145
1765,0.0,13,True,0.9161583079153958
1766,0.0,21,True,0.916110805540277
1767,0.0,114,True,0.9160633031651583
1768,0.0,19,True,0.9160158007900395
1769,0.0,39,True,0.9159682984149208
1770,0.0,65,True,0.915920796039802
1771,1.0,110,True,0.9158732936646833
1772,0.0,38,True,0.9158257912895644
1773,0.0,6,True,0.9157782889144457
1774,0.0,7,True,0.9157307865393269
1775,0.0,12,True,0.9156832841642082
1776,0.0,6,True,0.9156357817890894
1777,0.0,31,True,0.9155882794139707
1778,0.0,9,True,0.915540777038852
1779,0.0,28,True,0.9154932746637332
1780,0.0,4,True,0.9154457722886145
1781,0.0,19,True,0.9153982699134957
1782,0.0,40,True,0.915350767538377
1783,0.0,21,True,0.9153032651632582
1784,0.0,141,True,0.9152557627881395
1785,0.0,12,True,0.9152082604130206
1786,0.0,17,True,0.9151607580379019
1787,0.0,26,True,0.9151132556627831
1788,0.0,19,True,0.9150657532876644
1789,0.0,23,True,0.9150182509125456
1790,0.0,124,True,0.9149707485374269
1791,0.0,4,True,0.9149232461623081
1792,0.0,75,True,0.9148757437871894
1793,0.0,3,True,0.9148282414120706
1794,0.0,21,True,0.9147807390369519
1795,0.0,9,True,0.914733236661833
1796,0.0,7,True,0.9146857342867143
1797,0.0,16,True,0.9146382319115955
1798,0.0,11,True,0.9145907295364768
1799,0.0,9,True,0.914543227161358
1800,0.0,56,True,0.9144957247862393
1801,0.0,64,True,0.9144482224111206
1802,0.0,250,False,0.9144007200360018
1803,0.0,6,True,0.9143532176608831
1804,0.0,52,True,0.9143057152857643
1805,0.0,28,True,0.9142582129106456
1806,0.0,34,True,0.9142107105355268
1807,0.0,220,True,0.9141632081604081
1808,0.0,250,False,0.9141157057852893
1809,0.0,22,True,0.9140682034101705
1810,0.0,34,True,0.9140207010350517
1811,0.0,13,True,0.913973198659933
1812,0.0,4,True,0.9139256962848142
1813,0.0,13,True,0.9138781939096955
1814,0.0,7,True,0.9138306915345767
1815,0.0,144,True,0.913783189159458
1816,0.0,7,True,0.9137356867843393
1817,0.0,14,True,0.9136881844092205
1818,0.0,3,True,0.9136406820341016
1819,0.0,186,True,0.9135931796589829
1820,0.0,6,True,0.9135456772838642
1821,0.0,62,True,0.9134981749087454
1822,0.0,113,True,0.9134506725336267
1823,0.0,203,True,0.9134031701585079
1824,0.0,12,True,0.9133556677833892
1825,0.0,65,True,0.9133081654082704
1826,0.0,84,True,0.9132606630331517
1827,0.0,7,True,0.9132131606580329
1828,0.0,10,True,0.9131656582829142
1829,0.0,133,True,0.9131181559077954
1830,0.0,18,True,0.9130706535326767
1831,0.0,11,True,0.9130231511575578
1832,0.0,6,True,0.9129756487824391
1833,0.0,11,True,0.9129281464073203
1834,0.0,71,True,0.9128806440322016
1835,0.0,13,True,0.9128331416570828
1836,0.0,7,True,0.9127856392819641
1837,0.0,2,True,0.9127381369068454
1838,0.0,81,True,0.9126906345317266
1839,0.0,21,True,0.9126431321566079
1840,0.0,9,True,0.9125956297814891
1841,0.0,12,True,0.9125481274063704
1842,0.0,86,True,0.9125006250312515
1843,0.0,32,True,0.9124531226561328
1844,0.0,34,True,0.912405620281014
1845,0.0,46,True,0.9123581179058953
1846,0.0,43,True,0.9123106155307765
1847,0.0,4,True,0.9122631131556578
1848,0.0,10,True,0.912215610780539
1849,0.0,105,True,0.9121681084054203
1850,0.0,10,True,0.9121206060303015
1851,0.0,4,True,0.9120731036551828
1852,1.0,47,True,0.912025601280064
1853,0.0,162,True,0.9119780989049453
1854,0.0,143,True,0.9119305965298266
1855,0.0,17,True,0.9118830941547077
1856,0.0,7,True,0.911835591779589
1857,0.0,11,True,0.9117880894044702
1858,0.0,48,True,0.9117405870293515
1859,0.0,6,True,0.9116930846542327
1860,0.0,18,True,0.911645582279114
1861,0.0,65,True,0.9115980799039952
1862,0.0,15,True,0.9115505775288765
1863,0.0,23,True,0.9115030751537577
1864,0.0,2,True,0.911455572778639
1865,0.0,28,True,0.9114080704035202
1866,0.0,18,True,0.9113605680284014
1867,0.0,169,True,0.9113130656532826
1868,0.0,9,True,0.9112655632781639
1869,0.0,15,True,0.9112180609030451
1870,0.0,31,True,0.9111705585279264
1871,0.0,30,True,0.9111230561528076
1872,0.0,22,True,0.9110755537776889
1873,0.0,36,True,0.9110280514025701
1874,0.0,4,True,0.9109805490274514
1875,0.0,8,True,0.9109330466523327
1876,0.0,213,True,0.9108855442772139
1877,0.0,21,True,0.9108380419020952
1878,0.0,65,True,0.9107905395269764
1879,0.0,20,True,0.9107430371518576
1880,0.0,133,True,0.9106955347767388
1881,0.0,61,True,0.9106480324016201
1882,0.0,29,True,0.9106005300265013
1883,0.0,9,True,0.9105530276513826
1884,0.0,33,True,0.9105055252762638
1885,0.0,6,True,0.9104580229011451
1886,0.0,7,True,0.9104105205260263
1887,0.0,7,True,0.9103630181509076
1888,0.0,166,True,0.9103155157757887
1889,0.0,14,True,0.91026801340067
1890,0.0,23,True,0.9102205110255512
1891,0.0,12,True,0.9101730086504325
1892,0.0,68,True,0.9101255062753137
1893,0.0,19,True,0.910078003900195
1894,0.0,9,True,0.9100305015250763
1895,0.0,162,True,0.9099829991499575
1896,0.0,86,True,0.9099354967748388
1897,0.0,4,True,0.90988799439972
1898,0.0,13,True,0.9098404920246013
1899,1.0,213,True,0.9097929896494825
1900,0.0,53,True,0.9097454872743638
1901,0.0,4,True,0.9096979848992449
1902,0.0,9,True,0.9096504825241262
1903,0.0,8,True,0.9096029801490074
1904,0.0,153,True,0.9095554777738887
1905,0.0,14,True,0.9095079753987699
1906,0.0,22,True,0.9094604730236512
1907,0.0,22,True,0.9094129706485324
1908,0.0,27,True,0.9093654682734137
1909,0.0,2,True,0.9093179658982949
1910,0.0,6,True,0.9092704635231762
1911,0.0,24,True,0.9092229611480575
1912,0.0,19,True,0.9091754587729386
1913,0.0,7,True,0.9091279563978198
1914,0.0,187,True,0.9090804540227011
1915,0.0,4,True,0.9090329516475824
1916,0.0,75,True,0.9089854492724636
1917,0.0,47,True,0.9089379468973449
1918,0.0,15,True,0.9088904445222261
1919,0.0,45,True,0.9088429421471074
1920,0.0,107,True,0.9087954397719886
1921,0.0,73,True,0.9087479373968699
1922,0.0,7,True,0.9087004350217511
1923,0.0,35,True,0.9086529326466324
1924,1.0,119,True,0.9086054302715136
1925,0.0,97,True,0.9085579278963948
1926,0.0,46,True,0.908510425521276
1927,0.0,85,True,0.9084629231461573
1928,0.0,3,True,0.9084154207710385
1929,0.0,5,True,0.9083679183959198
1930,2.0,107,True,0.908320416020801
1931,0.0,66,True,0.9082729136456823
1932,0.0,54,True,0.9082254112705636
1933,0.0,68,True,0.9081779088954448
1934,0.0,91,True,0.9081304065203261
1935,0.0,67,True,0.9080829041452073
1936,0.0,34,True,0.9080354017700885
1937,0.0,81,True,0.9079878993949697
1938,0.0,41,True,0.907940397019851
1939,0.0,18,True,0.9078928946447322
1940,0.0,22,True,0.9078453922696135
1941,0.0,10,True,0.9077978898944947
1942,0.0,2,True,0.907750387519376
1943,0.0,250,False,0.9077028851442572
1944,0.0,250,False,0.9076553827691385
1945,0.0,49,True,0.9076078803940197
1946,0.0,8,True,0.907560378018901
1947,0.0,14,True,0.9075128756437822
1948,0.0,3,True,0.9074653732686635
1949,0.0,5,True,0.9074178708935446
1950,0.0,6,True,0.9073703685184259
1951,0.0,29,True,0.9073228661433071
1952,0.0,70,True,0.9072753637681884
1953,0.0,55,True,0.9072278613930697
1954,0.0,12,True,0.9071803590179509
1955,0.0,21,True,0.9071328566428322
1956,0.0,10,True,0.9070853542677134
1957,1.0,78,True,0.9070378518925947
1958,0.0,178,True,0.9069903495174758
1959,0.0,8,True,0.9069428471423571
1960,0.0,97,True,0.9068953447672383
1961,1.0,97,True,0.9068478423921196
1962,0.0,85,True,0.9068003400170008
1963,0.0,16,True,0.9067528376418821
1964,0.0,15,True,0.9067053352667633
1965,0.0,2,True,0.9066578328916446
1966,0.0,10,True,0.9066103305165258
1967,0.0,64,True,0.9065628281414071
1968,0.0,47,True,0.9065153257662883
1969,0.0,33,True,0.9064678233911696
1970,0.0,42,True,0.9064203210160509
1971,1.0,165,True,0.9063728186409321
1972,0.0,44,True,0.9063253162658133
1973,0.0,12,True,0.9062778138906945
1974,0.0,7,True,0.9062303115155758
1975,0.0,26,True,0.906182809140457
1976,0.0,43,True,0.9061353067653383
1977,0.0,29,True,0.9060878043902195
1978,0.0,122,True,0.9060403020151008
1979,0.0,6,True,0.905992799639982
1980,0.0,4,True,0.9059452972648633
1981,0.0,67,True,0.9058977948897445
1982,0.0,250,False,0.9058502925146257
1983,0.0,16,True,0.9058027901395069
1984,0.0,80,True,0.9057552877643882
1985,0.0,29,True,0.9057077853892694
1986,0.0,230,True,0.9056602830141507
1987,0.0,5,True,0.905612780639032
1988,0.0,250,False,0.9055652782639132
1989,0.0,3,True,0.9055177758887945
1990,0.0,6,True,0.9054702735136757
1991,0.0,3,True,0.905422771138557
1992,0.0,52,True,0.9053752687634382
1993,0.0,139,True,0.9053277663883195
1994,0.0,101,True,0.9052802640132007
1995,1.0,178,True,0.9052327616380819
1996,0.0,21,True,0.9051852592629631
1997,0.0,17,True,0.9051377568878444
1998,0.0,86,True,0.9050902545127256
1999,0.0,47,True,0.9050427521376069
2000,0.0,4,True,0.9049952497624881
2001,0.0,162,True,0.9049477473873694
2002,0.0,7,True,0.9049002450122506
2003,0.0,10,True,0.9048527426371319
2004,0.0,43,True,0.9048052402620131
2005,0.0,16,True,0.9047577378868944
2006,0.0,10,True,0.9047102355117755
2007,0.0,8,True,0.9046627331366568
2008,0.0,10,True,0.904615230761538
2009,0.0,5,True,0.9045677283864193
2010,0.0,49,True,0.9045202260113006
2011,0.0,67,True,0.9044727236361818
2012,0.0,6,True,0.9044252212610631
2013,0.0,24,True,0.9043777188859443
2014,0.0,5,True,0.9043302165108256
2015,0.0,77,True,0.9042827141357068
2016,0.0,11,True,0.9042352117605881
2017,0.0,12,True,0.9041877093854693
2018,0.0,182,True,0.9041402070103506
2019,0.0,13,True,0.9040927046352317
2020,0.0,48,True,0.904045202260113
2021,0.0,31,True,0.9039976998849942
2022,0.0,59,True,0.9039501975098755
2023,0.0,69,True,0.9039026951347567
2024,0.0,26,True,0.903855192759638
2025,0.0,77,True,0.9038076903845192
2026,0.0,59,True,0.9037601880094005
2027,0.0,12,True,0.9037126856342818
2028,0.0,97,True,0.903665183259163
2029,0.0,54,True,0.9036176808840441
2030,0.0,15,True,0.9035701785089254
2031,0.0,160,True,0.9035226761338067
2032,0.0,27,True,0.9034751737586879
2033,1.0,59,True,0.9034276713835692
2034,0.0,56,True,0.9033801690084504
2035,0.0,7,True,0.9033326666333317
2036,0.0,9,True,0.9032851642582129
2037,0.0,114,True,0.9032376618830942
2038,0.0,15,True,0.9031901595079754
2039,0.0,6,True,0.9031426571328567
2040,0.0,7,True,0.9030951547577379
2041,0.0,19,True,0.9030476523826192
2042,0.0,29,True,0.9030001500075004
2043,0.0,25,True,0.9029526476323816
2044,0.0,41,True,0.9029051452572628
2045,0.0,12,True,0.9028576428821441
2046,0.0,10,True,0.9028101405070253
2047,0.0,117,True,0.9027626381319066
2048,0.0,105,True,0.9027151357567879
2049,0.0,65,True,0.9026676333816691
2050,0.0,4,True,0.9026201310065504
2051,0.0,8,True,0.9025726286314316
2052,0.0,25,True,0.9025251262563128
2053,0.0,26,True,0.902477623881194
2054,0.0,7,True,0.9024301215060753
2055,0.0,9,True,0.9023826191309565
2056,0.0,53,True,0.9023351167558378
2057,0.0,39,True,0.902287614380719
2058,0.0,185,True,0.9022401120056003
2059,0.0,35,True,0.9021926096304815
2060,0.0,32,True,0.9021451072553628
2061,0.0,200,True,0.902097604880244
2062,0.0,29,True,0.9020501025051253
2063,0.0,11,True,0.9020026001300065
2064,0.0,123,True,0.9019550977548878
2065,0.0,60,True,0.901907595379769
2066,0.0,17,True,0.9018600930046502
2067,0.0,88,True,0.9018125906295315
2068,0.0,99,True,0.9017650882544127
2069,0.0,17,True,0.901717585879294
2070,1.0,119,True,0.9016700835041752
2071,0.0,69,True,0.9016225811290565
2072,0.0,9,True,0.9015750787539377
2073,0.0,123,True,0.901527576378819
2074,0.0,5,True,0.9014800740037002
2075,0.0,250,False,0.9014325716285815
2076,0.0,70,True,0.9013850692534626
2077,0.0,5,True,0.9013375668783439
2078,0.0,7,True,0.9012900645032251
2079,0.0,22,True,0.9012425621281064
2080,0.0,19,True,0.9011950597529876
2081,0.0,3,True,0.9011475573778689
2082,0.0,91,True,0.9011000550027501
2083,0.0,14,True,0.9010525526276314
2084,0.0,104,True,0.9010050502525127
2085,0.0,12,True,0.9009575478773939
2086,0.0,15,True,0.9009100455022752
2087,0.0,5,True,0.9008625431271564
2088,0.0,30,True,0.9008150407520377
2089,0.0,81,True,0.9007675383769188
2090,0.0,16,True,0.9007200360018001
2091,0.0,55,True,0.9006725336266813
2092,0.0,32,True,0.9006250312515626
2093,0.0,70,True,0.9005775288764438
2094,0.0,250,False,0.9005300265013251
2095,0.0,103,True,0.9004825241262063
2096,0.0,9,True,0.9004350217510876
2097,0.0,17,True,0.9003875193759688
2098,0.0,40,True,0.9003400170008501
2099,0.0,11,True,0.9002925146257313
2100,0.0,65,True,0.9002450122506125
2101,0.0,26,True,0.9001975098754937
2102,0.0,8,True,0.900150007500375
2103,0.0,57,True,0.9001025051252562
2104,0.0,25,True,0.9000550027501375
2105,0.0,87,True,0.9000075003750188
2106,0.0,3,True,0.8999599979999
2107,0.0,22,True,0.8999124956247813
2108,0.0,16,True,0.8998649932496625
2109,0.0,5,True,0.8998174908745438
2110,0.0,6,True,0.899769988499425
2111,0.0,5,True,0.8997224861243063
2112,0.0,51,True,0.8996749837491875
2113,0.0,11,True,0.8996274813740687
2114,0.0,18,True,0.8995799789989499
2115,0.0,6,True,0.8995324766238312
2116,0.0,143,True,0.8994849742487124
2117,0.0,34,True,0.8994374718735937
2118,0.0,2,True,0.8993899694984749
2119,0.0,9,True,0.8993424671233562
2120,0.0,9,True,0.8992949647482374
2121,0.0,31,True,0.8992474623731187
2122,0.0,33,True,0.8991999599979998
2123,0.0,14,True,0.8991524576228811
2124,0.0,56,True,0.8991049552477623
2125,0.0,10,True,0.8990574528726436
2126,0.0,21,True,0.8990099504975249
2127,0.0,6,True,0.8989624481224061
2128,0.0,5,True,0.8989149457472874
2129,0.0,8,True,0.8988674433721686
2130,0.0,31,True,0.8988199409970499
2131,0.0,43,True,0.8987724386219311
2132,1.0,81,True,0.8987249362468124
2133,0.0,43,True,0.8986774338716936
2134,0.0,34,True,0.8986299314965749
2135,0.0,100,True,0.898582429121456
2136,0.0,22,True,0.8985349267463373
2137,0.0,250,False,0.8984874243712185
2138,0.0,5,True,0.8984399219960998
2139,0.0,40,True,0.898392419620981
2140,0.0,14,True,0.8983449172458623
2141,0.0,11,True,0.8982974148707435
2142,0.0,32,True,0.8982499124956248
2143,0.0,32,True,0.8982024101205061
2144,0.0,7,True,0.8981549077453873
2145,0.0,40,True,0.8981074053702686
2146,0.0,24,True,0.8980599029951497
2147,0.0,48,True,0.898012400620031
2148,0.0,6,True,0.8979648982449122
2149,0.0,27,True,0.8979173958697935
2150,0.0,25,True,0.8978698934946747
2151,3.0,133,False,0.897822391119556
2152,0.0,11,True,0.8977748887444372
2153,0.0,39,True,0.8977273863693185
2154,0.0,30,True,0.8976798839941997
2155,0.0,114,True,0.897632381619081
2156,0.0,7,True,0.8975848792439622
2157,0.0,49,True,0.8975373768688435
2158,0.0,89,True,0.8974898744937247
2159,0.0,48,True,0.8974423721186059
2160,0.0,8,True,0.8973948697434871
2161,0.0,40,True,0.8973473673683684
2162,0.0,185,True,0.8972998649932497
2163,0.0,96,True,0.8972523626181309
2164,0.0,72,True,0.8972048602430122
2165,0.0,28,True,0.8971573578678934
2166,0.0,49,True,0.8971098554927747
2167,0.0,73,True,0.8970623531176559
2168,0.0,156,True,0.8970148507425372
2169,0.0,156,True,0.8969673483674184
2170,0.0,10,True,0.8969198459922996
2171,0.0,2,True,0.8968723436171808
2172,0.0,5,True,0.8968248412420621
2173,0.0,71,True,0.8967773388669433
2174,0.0,33,True,0.8967298364918246
2175,0.0,12,True,0.8966823341167058
2176,0.0,77,True,0.8966348317415871
2177,0.0,73,True,0.8965873293664683
2178,0.0,112,True,0.8965398269913496
2179,0.0,62,True,0.8964923246162309
2180,0.0,4,True,0.8964448222411121
2181,0.0,89,True,0.8963973198659934
2182,0.0,8,True,0.8963498174908746
2183,0.0,164,True,0.8963023151157558
2184,0.0,103,True,0.896254812740637
2185,0.0,7,True,0.8962073103655183
2186,0.0,21,True,0.8961598079903995
2187,0.0,9,True,0.8961123056152808
2188,0.0,250,False,0.896064803240162
2189,0.0,250,False,0.8960173008650433
2190,0.0,141,True,0.8959697984899245
2191,0.0,53,True,0.8959222961148058
2192,0.0,54,True,0.8958747937396869
2193,0.0,47,True,0.8958272913645682
2194,0.0,26,True,0.8957797889894494
2195,0.0,13,True,0.8957322866143307
2196,0.0,20,True,0.8956847842392119
2197,0.0,36,True,0.8956372818640932
2198,0.0,6,True,0.8955897794889744
2199,0.0,41,True,0.8955422771138557
2200,0.0,15,True,0.895494774738737
2201,0.0,134,True,0.8954472723636182
2202,0.0,16,True,0.8953997699884995
2203,0.0,6,True,0.8953522676133807
2204,0.0,76,True,0.895304765238262
2205,0.0,26,True,0.8952572628631432
2206,0.0,62,True,0.8952097604880244
2207,0.0,97,True,0.8951622581129056
2208,0.0,111,True,0.8951147557377869
2209,0.0,24,True,0.8950672533626681
2210,0.0,64,True,0.8950197509875494
2211,0.0,13,True,0.8949722486124306
2212,0.0,12,True,0.8949247462373119
2213,0.0,16,True,0.8948772438621931
2214,0.0,250,False,0.8948297414870744
2215,0.0,8,True,0.8947822391119556
2216,0.0,12,True,0.8947347367368368
2217,0.0,86,True,0.894687234361718
2218,0.0,198,True,0.8946397319865993
2219,0.0,20,True,0.8945922296114805
2220,0.0,5,True,0.8945447272363618
2221,0.0,11,True,0.8944972248612431
2222,0.0,13,True,0.8944497224861243
2223,0.0,24,True,0.8944022201110056
2224,0.0,103,True,0.8943547177358868
2225,0.0,167,True,0.8943072153607681
2226,0.0,52,True,0.8942597129856493
2227,0.0,6,True,0.8942122106105306
2228,0.0,15,True,0.8941647082354118
2229,0.0,15,True,0.894117205860293
2230,1.0,30,True,0.8940697034851742
2231,0.0,71,True,0.8940222011100555
2232,0.0,48,True,0.8939746987349367
2233,0.0,2,True,0.893927196359818
2234,0.0,38,True,0.8938796939846992
2235,0.0,38,True,0.8938321916095805
2236,0.0,9,True,0.8937846892344617
2237,0.0,72,True,0.893737186859343
2238,0.0,57,True,0.8936896844842243
2239,0.0,80,True,0.8936421821091055
2240,1.0,168,True,0.8935946797339867
2241,0.0,28,True,0.8935471773588679
2242,0.0,18,True,0.8934996749837492
2243,0.0,40,True,0.8934521726086304
2244,0.0,245,True,0.8934046702335117
2245,0.0,18,True,0.8933571678583929
2246,0.0,7,True,0.8933096654832742
2247,0.0,17,True,0.8932621631081554
2248,0.0,42,True,0.8932146607330367
2249,0.0,20,True,0.8931671583579179
2250,0.0,162,True,0.8931196559827992
2251,0.0,4,True,0.8930721536076804
2252,0.0,120,True,0.8930246512325617
2253,0.0,131,True,0.8929771488574428
2254,0.0,250,False,0.8929296464823241
2255,0.0,37,True,0.8928821441072053
2256,0.0,51,True,0.8928346417320866
2257,0.0,34,True,0.8927871393569679
2258,0.0,116,True,0.8927396369818491
2259,0.0,18,True,0.8926921346067304
2260,0.0,11,True,0.8926446322316116
2261,0.0,44,True,0.8925971298564929
2262,0.0,78,True,0.892549627481374
2263,1.0,109,True,0.8925021251062553
2264,0.0,53,True,0.8924546227311365
2265,0.0,6,True,0.8924071203560178
2266,0.0,12,True,0.892359617980899
2267,0.0,24,True,0.8923121156057803
2268,0.0,6,True,0.8922646132306615
2269,0.0,69,True,0.8922171108555428
2270,0.0,15,True,0.892169608480424
2271,0.0,5,True,0.8921221061053053
2272,0.0,18,True,0.8920746037301865
2273,0.0,5,True,0.8920271013550678
2274,0.0,10,True,0.891979598979949
2275,0.0,5,True,0.8919320966048303
2276,0.0,12,True,0.8918845942297114
2277,0.0,11,True,0.8918370918545927
2278,0.0,70,True,0.891789589479474
2279,0.0,8,True,0.8917420871043552
2280,0.0,24,True,0.8916945847292365
2281,0.0,162,True,0.8916470823541177
2282,0.0,99,True,0.891599579978999
2283,1.0,55,True,0.8915520776038802
2284,0.0,40,True,0.8915045752287615
2285,0.0,5,True,0.8914570728536427
2286,0.0,24,True,0.8914095704785239
2287,0.0,61,True,0.8913620681034051
2288,0.0,24,True,0.8913145657282864
2289,0.0,24,True,0.8912670633531676
2290,0.0,50,True,0.8912195609780489
2291,0.0,32,True,0.8911720586029301
2292,0.0,17,True,0.8911245562278114
2293,0.0,168,True,0.8910770538526926
2294,0.0,53,True,0.8910295514775739
2295,0.0,20,True,0.8909820491024552
2296,0.0,58,True,0.8909345467273364
2297,0.0,17,True,0.8908870443522177
2298,0.0,13,True,0.8908395419770989
2299,0.0,22,True,0.8907920396019801
2300,0.0,7,True,0.8907445372268613
2301,0.0,11,True,0.8906970348517426
2302,0.0,25,True,0.8906495324766238
2303,0.0,9,True,0.8906020301015051
2304,0.0,11,True,0.8905545277263863
2305,0.0,31,True,0.8905070253512676
2306,0.0,9,True,0.8904595229761488
2307,0.0,39,True,0.8904120206010301
2308,0.0,22,True,0.8903645182259113
2309,0.0,5,True,0.8903170158507926
2310,0.0,8,True,0.8902695134756737
2311,0.0,13,True,0.890222011100555
2312,0.0,92,True,0.8901745087254362
2313,0.0,12,True,0.8901270063503175
2314,0.0,7,True,0.8900795039751987
2315,0.0,165,True,0.89003200160008
2316,0.0,5,True,0.8899844992249613
2317,0.0,214,True,0.8899369968498425
2318,0.0,83,True,0.8898894944747238
2319,2.0,189,True,0.889841992099605
2320,0.0,9,True,0.8897944897244863
2321,0.0,9,True,0.8897469873493675
2322,0.0,13,True,0.8896994849742488
2323,0.0,22,True,0.8896519825991299
2324,0.0,29,True,0.8896044802240112
2325,0.0,19,True,0.8895569778488924
2326,0.0,6,True,0.8895094754737737
2327,0.0,86,True,0.8894619730986549
2328,0.0,7,True,0.8894144707235362
2329,0.0,7,True,0.8893669683484174
2330,0.0,97,True,0.8893194659732987
2331,0.0,142,True,0.88927196359818
2332,0.0,31,True,0.8892244612230612
2333,0.0,9,True,0.8891769588479423
2334,0.0,45,True,0.8891294564728236
2335,0.0,20,True,0.8890819540977049
2336,0.0,250,False,0.8890344517225861
2337,0.0,15,True,0.8889869493474674
2338,0.0,12,True,0.8889394469723486
2339,0.0,60,True,0.8888919445972299
2340,0.0,16,True,0.8888444422221111
2341,0.0,96,True,0.8887969398469924
2342,0.0,10,True,0.8887494374718736
2343,0.0,7,True,0.8887019350967549
2344,0.0,17,True,0.8886544327216361
2345,0.0,9,True,0.8886069303465174
2346,0.0,58,True,0.8885594279713986
2347,0.0,18,True,0.8885119255962798
2348,0.0,26,True,0.888464423221161
2349,0.0,27,True,0.8884169208460423
2350,0.0,4,True,0.8883694184709235
2351,0.0,3,True,0.8883219160958048
2352,0.0,19,True,0.888274413720686
2353,0.0,98,True,0.8882269113455673
2354,0.0,48,True,0.8881794089704486
2355,0.0,181,True,0.8881319065953298
2356,0.0,13,True,0.888084404220211
2357,0.0,119,True,0.8880369018450922
2358,0.0,17,True,0.8879893994699735
2359,0.0,5,True,0.8879418970948547
2360,1.0,98,True,0.887894394719736
2361,0.0,68,True,0.8878468923446172
2362,0.0,24,True,0.8877993899694985
2363,0.0,10,True,0.8877518875943797
2364,0.0,5,True,0.887704385219261
2365,0.0,40,True,0.8876568828441422
2366,0.0,36,True,0.8876093804690235
2367,0.0,42,True,0.8875618780939047
2368,0.0,10,True,0.887514375718786
2369,0.0,6,True,0.8874668733436671
2370,0.0,43,True,0.8874193709685484
2371,1.0,175,True,0.8873718685934296
2372,0.0,9,True,0.8873243662183109
2373,0.0,114,True,0.8872768638431922
2374,0.0,51,True,0.8872293614680734
2375,0.0,32,True,0.8871818590929547
2376,0.0,5,True,0.8871343567178359
2377,0.0,8,True,0.8870868543427172
2378,0.0,10,True,0.8870393519675984
2379,0.0,15,True,0.8869918495924797
2380,0.0,9,True,0.8869443472173608
2381,0.0,13,True,0.8868968448422421
2382,0.0,4,True,0.8868493424671233
2383,0.0,42,True,0.8868018400920046
2384,0.0,5,True,0.8867543377168858
2385,0.0,16,True,0.8867068353417671
2386,0.0,74,True,0.8866593329666483
2387,0.0,11,True,0.8866118305915296
2388,0.0,43,True,0.8865643282164108
2389,1.0,96,True,0.8865168258412921
2390,0.0,16,True,0.8864693234661734
2391,0.0,24,True,0.8864218210910546
2392,0.0,3,True,0.8863743187159359
2393,0.0,184,True,0.886326816340817
2394,0.0,16,True,0.8862793139656983
2395,0.0,23,True,0.8862318115905795
2396,0.0,250,False,0.8861843092154608
2397,0.0,4,True,0.886136806840342
2398,0.0,22,True,0.8860893044652233
2399,0.0,118,True,0.8860418020901045
2400,0.0,4,True,0.8859942997149858
2401,0.0,9,True,0.885946797339867
2402,1.0,80,True,0.8858992949647483
2403,0.0,4,True,0.8858517925896295
2404,0.0,3,True,0.8858042902145107
2405,0.0,9,True,0.8857567878393919
2406,0.0,10,True,0.8857092854642732
2407,0.0,19,True,0.8856617830891544
2408,0.0,17,True,0.8856142807140357
2409,0.0,171,True,0.885566778338917
2410,0.0,9,True,0.8855192759637982
2411,0.0,51,True,0.8854717735886795
2412,0.0,45,True,0.8854242712135607
2413,2.0,160,True,0.885376768838442
2414,0.0,2,True,0.8853292664633232
2415,0.0,53,True,0.8852817640882045
2416,2.0,185,True,0.8852342617130857
2417,0.0,89,True,0.8851867593379669
2418,0.0,4,True,0.8851392569628481
2419,0.0,16,True,0.8850917545877294
2420,0.0,16,True,0.8850442522126106
2421,0.0,143,True,0.8849967498374919
2422,0.0,30,True,0.8849492474623731
2423,0.0,38,True,0.8849017450872544
2424,0.0,20,True,0.8848542427121356
2425,0.0,33,True,0.8848067403370169
2426,0.0,39,True,0.884759237961898
2427,0.0,61,True,0.8847117355867793
2428,0.0,9,True,0.8846642332116605
2429,0.0,15,True,0.8846167308365418
2430,0.0,8,True,0.884569228461423
2431,0.0,38,True,0.8845217260863043
2432,0.0,18,True,0.8844742237111856
2433,0.0,66,True,0.8844267213360668
2434,0.0,68,True,0.8843792189609481
2435,0.0,8,True,0.8843317165858293
2436,1.0,98,True,0.8842842142107106
2437,0.0,8,True,0.8842367118355918
2438,0.0,75,True,0.8841892094604731
2439,2.0,107,True,0.8841417070853542
2440,0.0,45,True,0.8840942047102355
2441,0.0,56,True,0.8840467023351167
2442,0.0,4,True,0.883999199959998
2443,0.0,33,True,0.8839516975848792
2444,0.0,39,True,0.8839041952097605
2445,0.0,10,True,0.8838566928346417
2446,0.0,88,True,0.883809190459523
2447,0.0,14,True,0.8837616880844043
2448,0.0,64,True,0.8837141857092855
2449,0.0,27,True,0.8836666833341668
2450,0.0,9,True,0.8836191809590479
2451,2.0,80,True,0.8835716785839292
2452,0.0,89,True,0.8835241762088104
2453,0.0,13,True,0.8834766738336917
2454,0.0,7,True,0.8834291714585729
2455,0.0,48,True,0.8833816690834542
2456,0.0,81,True,0.8833341667083354
2457,0.0,89,True,0.8832866643332167
2458,1.0,155,True,0.8832391619580979
2459,0.0,39,True,0.8831916595829792
2460,0.0,11,True,0.8831441572078604
2461,0.0,15,True,0.8830966548327417
2462,0.0,4,True,0.8830491524576229
2463,0.0,6,True,0.8830016500825041
2464,0.0,23,True,0.8829541477073853
2465,0.0,9,True,0.8829066453322666
2466,0.0,76,True,0.8828591429571478
2467,0.0,93,True,0.8828116405820291
2468,0.0,27,True,0.8827641382069104
2469,0.0,4,True,0.8827166358317916
2470,0.0,3,True,0.8826691334566729
2471,0.0,49,True,0.8826216310815541
2472,0.0,10,True,0.8825741287064354
2473,0.0,3,True,0.8825266263313166
2474,0.0,9,True,0.8824791239561978
2475,0.0,21,True,0.882431621581079
2476,0.0,3,True,0.8823841192059603
2477,0.0,10,True,0.8823366168308415
2478,0.0,46,True,0.8822891144557228
2479,0.0,41,True,0.882241612080604
2480,0.0,13,True,0.8821941097054853
2481,0.0,51,True,0.8821466073303665
2482,0.0,35,True,0.8820991049552478
2483,0.0,2,True,0.882051602580129
2484,0.0,40,True,0.8820041002050103
2485,0.0,8,True,0.8819565978298916
2486,0.0,24,True,0.8819090954547728
2487,0.0,60,True,0.881861593079654
2488,0.0,5,True,0.8818140907045352
2489,0.0,8,True,0.8817665883294165
2490,0.0,10,True,0.8817190859542977
2491,0.0,10,True,0.881671583579179
2492,0.0,109,True,0.8816240812040602
2493,0.0,16,True,0.8815765788289415
2494,0.0,71,True,0.8815290764538227
2495,0.0,108,True,0.881481574078704
2496,0.0,12,True,0.8814340717035851
2497,0.0,17,True,0.8813865693284664
2498,0.0,52,True,0.8813390669533476
2499,0.0,11,True,0.8812915645782289
2500,0.0,3,True,0.8812440622031101
2501,0.0,4,True,0.8811965598279914
2502,1.0,124,True,0.8811490574528726
2503,0.0,11,True,0.8811015550777539
2504,0.0,2,True,0.8810540527026351
2505,0.0,9,True,0.8810065503275164
2506,1.0,112,True,0.8809590479523977
2507,0.0,16,True,0.8809115455772789
2508,0.0,225,True,0.8808640432021602
2509,2.0,107,True,0.8808165408270413
2510,0.0,3,True,0.8807690384519227
2511,0.0,23,True,0.8807215360768038
2512,0.0,5,True,0.8806740337016851
2513,1.0,19,True,0.8806265313265663
2514,0.0,6,True,0.8805790289514476
2515,0.0,6,True,0.8805315265763288
2516,0.0,43,True,0.8804840242012101
2517,0.0,5,True,0.8804365218260913
2518,0.0,26,True,0.8803890194509726
2519,2.0,132,True,0.8803415170758538
2520,0.0,19,True,0.880294014700735
2521,0.0,47,True,0.8802465123256162
2522,0.0,7,True,0.8801990099504975
2523,0.0,64,True,0.8801515075753787
2524,0.0,186,True,0.88010400520026
2525,0.0,41,True,0.8800565028251413
2526,0.0,5,True,0.8800090004500225
2527,0.0,5,True,0.8799614980749038
2528,0.0,84,True,0.879913995699785
2529,0.0,30,True,0.8798664933246663
2530,0.0,142,True,0.8798189909495475
2531,0.0,19,True,0.8797714885744288
2532,2.0,116,True,0.87972398619931
2533,0.0,16,True,0.8796764838241913
2534,1.0,171,True,0.8796289814490724
2535,0.0,13,True,0.8795814790739537
2536,0.0,54,True,0.8795339766988349
2537,0.0,118,True,0.8794864743237162
2538,0.0,11,True,0.8794389719485974
2539,0.0,20,True,0.8793914695734787
2540,0.0,104,True,0.8793439671983599
2541,0.0,11,True,0.8792964648232412
2542,0.0,84,True,0.8792489624481223
2543,0.0,23,True,0.8792014600730037
2544,0.0,94,True,0.8791539576978848
2545,0.0,12,True,0.8791064553227661
2546,0.0,18,True,0.8790589529476474
2547,0.0,16,True,0.8790114505725286
2548,0.0,63,True,0.8789639481974099
2549,0.0,13,True,0.8789164458222911
2550,0.0,32,True,0.8788689434471724
2551,0.0,33,True,0.8788214410720536
2552,0.0,22,True,0.8787739386969349
2553,0.0,6,True,0.8787264363218161
2554,0.0,19,True,0.8786789339466974
2555,0.0,9,True,0.8786314315715786
2556,0.0,11,True,0.8785839291964598
2557,0.0,9,True,0.878536426821341
2558,0.0,35,True,0.8784889244462223
2559,0.0,8,True,0.8784414220711035
2560,0.0,41,True,0.8783939196959848
2561,0.0,58,True,0.878346417320866
2562,0.0,12,True,0.8782989149457473
2563,0.0,36,True,0.8782514125706286
2564,0.0,7,True,0.8782039101955098
2565,0.0,86,True,0.8781564078203911
2566,1.0,69,True,0.8781089054452723
2567,0.0,170,True,0.8780614030701535
2568,0.0,9,True,0.8780139006950347
2569,0.0,8,True,0.877966398319916
2570,0.0,50,True,0.8779188959447972
2571,0.0,22,True,0.8778713935696785
2572,0.0,120,True,0.8778238911945597
2573,0.0,99,True,0.877776388819441
2574,0.0,49,True,0.8777288864443222
2575,0.0,23,True,0.8776813840692035
2576,0.0,61,True,0.8776338816940847
2577,0.0,65,True,0.877586379318966
2578,0.0,41,True,0.8775388769438472
2579,0.0,4,True,0.8774913745687284
2580,0.0,91,True,0.8774438721936098
2581,0.0,16,True,0.8773963698184909
2582,0.0,10,True,0.8773488674433721
2583,0.0,126,True,0.8773013650682534
2584,0.0,4,True,0.8772538626931347
2585,0.0,39,True,0.8772063603180159
2586,0.0,19,True,0.8771588579428972
2587,0.0,40,True,0.8771113555677784
2588,0.0,2,True,0.8770638531926597
2589,0.0,53,True,0.8770163508175409
2590,0.0,10,True,0.8769688484424221
2591,0.0,79,True,0.8769213460673034
2592,0.0,86,True,0.8768738436921846
2593,0.0,10,True,0.8768263413170658
2594,0.0,128,True,0.8767788389419471
2595,2.0,209,True,0.8767313365668283
2596,0.0,61,True,0.8766838341917096
2597,0.0,23,True,0.8766363318165908
2598,0.0,33,True,0.8765888294414721
2599,0.0,6,True,0.8765413270663533
2600,0.0,52,True,0.8764938246912346
2601,2.0,173,True,0.8764463223161159
2602,0.0,49,True,0.8763988199409971
2603,0.0,17,True,0.8763513175658784
2604,0.0,83,True,0.8763038151907595
2605,0.0,12,True,0.8762563128156408
2606,0.0,39,True,0.876208810440522
2607,0.0,72,True,0.8761613080654033
2608,0.0,38,True,0.8761138056902845
2609,0.0,39,True,0.8760663033151658
2610,0.0,6,True,0.876018800940047
2611,1.0,113,True,0.8759712985649283
2612,0.0,55,True,0.8759237961898095
2613,0.0,125,True,0.8758762938146908
2614,0.0,13,True,0.8758287914395719
2615,0.0,68,True,0.8757812890644532
2616,0.0,8,True,0.8757337866893344
2617,0.0,37,True,0.8756862843142157
2618,0.0,173,True,0.8756387819390969
2619,0.0,5,True,0.8755912795639782
2620,0.0,59,True,0.8755437771888595
2621,0.0,5,True,0.8754962748137407
2622,0.0,48,True,0.875448772438622
2623,0.0,71,True,0.8754012700635032
2624,0.0,20,True,0.8753537676883845
2625,0.0,2,True,0.8753062653132657
2626,0.0,39,True,0.875258762938147
2627,0.0,41,True,0.8752112605630281
2628,0.0,88,True,0.8751637581879094
2629,0.0,59,True,0.8751162558127906
2630,0.0,16,True,0.8750687534376719
2631,0.0,105,True,0.8750212510625531
2632,0.0,3,True,0.8749737486874344
2633,0.0,6,True,0.8749262463123156
2634,0.0,39,True,0.8748787439371969
2635,0.0,22,True,0.874831241562078
2636,0.0,160,True,0.8747837391869594
2637,0.0,37,True,0.8747362368118405
2638,0.0,7,True,0.8746887344367218
2639,0.0,102,True,0.874641232061603
2640,0.0,60,True,0.8745937296864843
2641,0.0,17,True,0.8745462273113656
2642,0.0,4,True,0.8744987249362468
2643,0.0,183,True,0.8744512225611281
2644,0.0,13,True,0.8744037201860093
2645,0.0,26,True,0.8743562178108906
2646,0.0,15,True,0.8743087154357718
2647,0.0,50,True,0.8742612130606531
2648,0.0,3,True,0.8742137106855343
2649,0.0,15,True,0.8741662083104156
2650,0.0,16,True,0.8741187059352968
2651,0.0,20,True,0.874071203560178
2652,0.0,14,True,0.8740237011850592
2653,0.0,55,True,0.8739761988099405
2654,0.0,69,True,0.8739286964348217
2655,0.0,9,True,0.873881194059703
2656,0.0,6,True,0.8738336916845842
2657,0.0,11,True,0.8737861893094655
2658,0.0,47,True,0.8737386869343468
2659,0.0,56,True,0.873691184559228
2660,0.0,4,True,0.8736436821841091
2661,0.0,4,True,0.8735961798089904
2662,0.0,47,True,0.8735486774338717
2663,0.0,39,True,0.8735011750587529
2664,0.0,10,True,0.8734536726836342
2665,0.0,2,True,0.8734061703085154
2666,0.0,15,True,0.8733586679333967
2667,0.0,10,True,0.8733111655582779
2668,0.0,5,True,0.8732636631831592
2669,0.0,5,True,0.8732161608080404
2670,0.0,26,True,0.8731686584329217
2671,0.0,61,True,0.8731211560578029
2672,0.0,30,True,0.8730736536826842
2673,0.0,37,True,0.8730261513075654
2674,0.0,42,True,0.8729786489324466
2675,0.0,182,True,0.872931146557328
2676,0.0,49,True,0.8728836441822091
2677,2.0,107,True,0.8728361418070903
2678,0.0,64,True,0.8727886394319716
2679,0.0,67,True,0.8727411370568529
2680,0.0,40,True,0.8726936346817341
2681,0.0,77,True,0.8726461323066154
2682,0.0,5,True,0.8725986299314966
2683,0.0,250,False,0.8725511275563778
2684,0.0,7,True,0.872503625181259
2685,0.0,18,True,0.8724561228061403
2686,0.0,48,True,0.8724086204310215
2687,0.0,18,True,0.8723611180559028
2688,0.0,6,True,0.872313615680784
2689,0.0,16,True,0.8722661133056653
2690,0.0,18,True,0.8722186109305465
2691,0.0,7,True,0.8721711085554278
2692,0.0,4,True,0.872123606180309
2693,0.0,35,True,0.8720761038051903
2694,1.0,137,True,0.8720286014300715
2695,0.0,100,True,0.8719810990549528
2696,0.0,32,True,0.871933596679834
2697,0.0,87,True,0.8718860943047153
2698,0.0,6,True,0.8718385919295965
2699,0.0,95,True,0.8717910895544777
2700,0.0,36,True,0.871743587179359
2701,0.0,18,True,0.8716960848042402
2702,0.0,3,True,0.8716485824291215
2703,0.0,8,True,0.8716010800540027
2704,0.0,17,True,0.871553577678884
2705,0.0,172,True,0.8715060753037651
2706,0.0,235,True,0.8714585729286465
2707,0.0,66,True,0.8714110705535276
2708,0.0,57,True,0.8713635681784089
2709,0.0,9,True,0.8713160658032901
2710,0.0,106,True,0.8712685634281714
2711,0.0,50,True,0.8712210610530526
2712,0.0,4,True,0.8711735586779339
2713,0.0,18,True,0.8711260563028151
2714,0.0,56,True,0.8710785539276964
2715,0.0,5,True,0.8710310515525777
2716,0.0,53,True,0.8709835491774589
2717,0.0,15,True,0.8709360468023402
2718,0.0,52,True,0.8708885444272214
2719,0.0,48,True,0.8708410420521027
2720,0.0,117,True,0.8707935396769839
2721,0.0,6,True,0.8707460373018651
2722,0.0,18,True,0.8706985349267463
2723,0.0,5,True,0.8706510325516276
2724,0.0,17,True,0.8706035301765088
2725,0.0,167,True,0.8705560278013901
2726,0.0,4,True,0.8705085254262713
2727,0.0,14,True,0.8704610230511526
2728,0.0,8,True,0.8704135206760338
2729,0.0,13,True,0.8703660183009151
2730,0.0,19,True,0.8703185159257962
2731,0.0,4,True,0.8702710135506775
2732,0.0,48,True,0.8702235111755587
2733,0.0,11,True,0.87017600880044
2734,0.0,154,True,0.8701285064253212
2735,0.0,10,True,0.8700810040502025
2736,0.0,111,True,0.8700335016750838
2737,0.0,8,True,0.869985999299965
2738,0.0,38,True,0.8699384969248463
2739,0.0,45,True,0.8698909945497275
2740,0.0,4,True,0.8698434921746088
2741,0.0,9,True,0.86979598979949
2742,0.0,34,True,0.8697484874243713
2743,0.0,59,True,0.8697009850492525
2744,0.0,20,True,0.8696534826741337
2745,0.0,7,True,0.869605980299015
2746,0.0,39,True,0.8695584779238962
2747,0.0,75,True,0.8695109755487774
2748,0.0,4,True,0.8694634731736587
2749,0.0,7,True,0.8694159707985399
2750,0.0,154,True,0.8693684684234212
2751,0.0,23,True,0.8693209660483024
2752,0.0,30,True,0.8692734636731837
2753,0.0,11,True,0.8692259612980648
2754,0.0,82,True,0.8691784589229461
2755,0.0,4,True,0.8691309565478273
2756,1.0,107,True,0.8690834541727086
2757,0.0,24,True,0.8690359517975899
2758,0.0,33,True,0.8689884494224711
2759,0.0,19,True,0.8689409470473524
2760,0.0,92,True,0.8688934446722336
2761,0.0,34,True,0.8688459422971149
2762,0.0,110,True,0.8687984399219961
2763,0.0,5,True,0.8687509375468774
2764,0.0,3,True,0.8687034351717586
2765,0.0,6,True,0.8686559327966399
2766,0.0,94,True,0.8686084304215211
2767,0.0,9,True,0.8685609280464024
2768,0.0,23,True,0.8685134256712836
2769,0.0,48,True,0.8684659232961648
2770,0.0,35,True,0.868418420921046
2771,0.0,10,True,0.8683709185459273
2772,0.0,18,True,0.8683234161708085
2773,0.0,173,True,0.8682759137956898
2774,0.0,7,True,0.8682284114205711
2775,0.0,27,True,0.8681809090454523
2776,0.0,7,True,0.8681334066703336
2777,0.0,4,True,0.8680859042952147
2778,0.0,30,True,0.868038401920096
2779,0.0,43,True,0.8679908995449772
2780,0.0,21,True,0.8679433971698585
2781,0.0,16,True,0.8678958947947397
2782,0.0,52,True,0.867848392419621
2783,0.0,78,True,0.8678008900445022
2784,0.0,9,True,0.8677533876693835
2785,0.0,54,True,0.8677058852942647
2786,0.0,11,True,0.867658382919146
2787,1.0,66,True,0.8676108805440272
2788,0.0,7,True,0.8675633781689085
2789,0.0,20,True,0.8675158757937897
2790,0.0,36,True,0.867468373418671
2791,0.0,14,True,0.8674208710435521
2792,0.0,10,True,0.8673733686684334
2793,0.0,75,True,0.8673258662933147
2794,0.0,116,True,0.8672783639181959
2795,0.0,10,True,0.8672308615430772
2796,1.0,66,True,0.8671833591679584
2797,0.0,4,True,0.8671358567928397
2798,0.0,59,True,0.8670883544177209
2799,1.0,140,True,0.8670408520426022
2800,0.0,13,True,0.8669933496674833
2801,0.0,3,True,0.8669458472923646
2802,1.0,40,True,0.8668983449172458
2803,0.0,12,True,0.8668508425421271
2804,0.0,9,True,0.8668033401670083
2805,0.0,27,True,0.8667558377918896
2806,0.0,12,True,0.8667083354167708
2807,0.0,21,True,0.8666608330416521
2808,0.0,55,True,0.8666133306665333
2809,0.0,9,True,0.8665658282914146
2810,0.0,95,True,0.8665183259162959
2811,0.0,34,True,0.8664708235411771
2812,0.0,10,True,0.8664233211660584
2813,0.0,13,True,0.8663758187909396
2814,0.0,66,True,0.8663283164158208
2815,0.0,38,True,0.8662808140407021
2816,0.0,17,True,0.8662333116655833
2817,0.0,11,True,0.8661858092904645
2818,0.0,30,True,0.8661383069153458
2819,0.0,42,True,0.866090804540227
2820,0.0,27,True,0.8660433021651083
2821,0.0,9,True,0.8659957997899895
2822,0.0,137,True,0.8659482974148708
2823,0.0,38,True,0.8659007950397519
2824,0.0,8,True,0.8658532926646333
2825,0.0,44,True,0.8658057902895144
2826,0.0,8,True,0.8657582879143957
2827,0.0,42,True,0.8657107855392769
2828,0.0,36,True,0.8656632831641582
2829,0.0,49,True,0.8656157807890394
2830,1.0,102,True,0.8655682784139207
2831,0.0,5,True,0.865520776038802
2832,0.0,61,True,0.8654732736636832
2833,0.0,19,True,0.8654257712885645
2834,0.0,70,True,0.8653782689134457
2835,0.0,128,True,0.865330766538327
2836,0.0,160,True,0.8652832641632082
2837,0.0,20,True,0.8652357617880895
2838,0.0,4,True,0.8651882594129707
2839,0.0,6,True,0.8651407570378519
2840,0.0,50,True,0.8650932546627331
2841,0.0,72,True,0.8650457522876144
2842,0.0,3,True,0.8649982499124956
2843,0.0,51,True,0.8649507475373769
2844,1.0,72,True,0.8649032451622581
2845,0.0,11,True,0.8648557427871394
2846,0.0,112,True,0.8648082404120206
2847,0.0,4,True,0.8647607380369018
2848,0.0,79,True,0.864713235661783
2849,2.0,152,True,0.8646657332866643
2850,0.0,9,True,0.8646182309115455
2851,0.0,7,True,0.8645707285364268
2852,0.0,20,True,0.8645232261613081
2853,0.0,6,True,0.8644757237861893
2854,0.0,4,True,0.8644282214110706
2855,0.0,15,True,0.8643807190359518
2856,0.0,11,True,0.8643332166608331
2857,0.0,105,True,0.8642857142857143
2858,0.0,61,True,0.8642382119105956
2859,0.0,8,True,0.8641907095354768
2860,0.0,16,True,0.8641432071603581
2861,0.0,14,True,0.8640957047852392
2862,0.0,54,True,0.8640482024101205
2863,0.0,11,True,0.8640007000350017
2864,0.0,15,True,0.863953197659883
2865,1.0,128,True,0.8639056952847642
2866,0.0,10,True,0.8638581929096455
2867,0.0,74,True,0.8638106905345267
2868,0.0,16,True,0.863763188159408
2869,0.0,38,True,0.8637156857842893
2870,0.0,72,True,0.8636681834091704
2871,0.0,8,True,0.8636206810340517
2872,0.0,45,True,0.8635731786589329
2873,0.0,16,True,0.8635256762838142
2874,0.0,31,True,0.8634781739086954
2875,1.0,40,True,0.8634306715335767
2876,0.0,17,True,0.8633831691584579
2877,0.0,12,True,0.8633356667833392
2878,0.0,52,True,0.8632881644082204
2879,0.0,11,True,0.8632406620331017
2880,0.0,27,True,0.8631931596579829
2881,0.0,47,True,0.8631456572828642
2882,0.0,48,True,0.8630981549077454
2883,0.0,31,True,0.8630506525326267
2884,0.0,5,True,0.8630031501575078
2885,0.0,26,True,0.8629556477823892
2886,1.0,250,False,0.8629081454072703
2887,0.0,12,True,0.8628606430321516
2888,0.0,73,True,0.8628131406570329
2889,0.0,6,True,0.8627656382819141
2890,0.0,10,True,0.8627181359067954
2891,0.0,186,True,0.8626706335316766
2892,0.0,12,True,0.8626231311565579
2893,0.0,19,True,0.862575628781439
2894,0.0,4,True,0.8625281264063204
2895,0.0,71,True,0.8624806240312015
2896,0.0,10,True,0.8624331216560828
2897,0.0,9,True,0.862385619280964
2898,0.0,21,True,0.8623381169058453
2899,0.0,24,True,0.8622906145307265
2900,0.0,62,True,0.8622431121556078
2901,0.0,8,True,0.862195609780489
2902,0.0,112,True,0.8621481074053703
2903,0.0,18,True,0.8621006050302515
2904,0.0,94,True,0.8620531026551328
2905,0.0,21,True,0.862005600280014
2906,2.0,137,True,0.8619580979048953
2907,2.0,72,True,0.8619105955297766
2908,0.0,10,True,0.8618630931546578
2909,0.0,75,True,0.861815590779539
2910,0.0,12,True,0.8617680884044202
2911,0.0,8,True,0.8617205860293015
2912,0.0,36,True,0.8616730836541827
2913,0.0,80,True,0.861625581279064
2914,0.0,29,True,0.8615780789039452
2915,0.0,24,True,0.8615305765288265
2916,0.0,21,True,0.8614830741537077
2917,0.0,98,True,0.8614355717785889
2918,0.0,36,True,0.8613880694034701
2919,0.0,6,True,0.8613405670283514
2920,0.0,11,True,0.8612930646532326
2921,0.0,3,True,0.8612455622781139
2922,0.0,143,True,0.8611980599029951
2923,0.0,223,True,0.8611505575278764
2924,0.0,16,True,0.8611030551527576
2925,0.0,3,True,0.8610555527776389
2926,0.0,3,True,0.8610080504025202
2927,0.0,67,True,0.8609605480274014
2928,0.0,8,True,0.8609130456522827
2929,0.0,59,True,0.8608655432771639
2930,0.0,5,True,0.8608180409020452
2931,0.0,30,True,0.8607705385269263
2932,0.0,9,True,0.8607230361518076
2933,0.0,13,True,0.8606755337766888
2934,0.0,11,True,0.8606280314015701
2935,0.0,11,True,0.8605805290264513
2936,0.0,8,True,0.8605330266513326
2937,0.0,25,True,0.8604855242762138
2938,0.0,9,True,0.8604380219010951
2939,0.0,8,True,0.8603905195259763
2940,0.0,4,True,0.8603430171508575
2941,0.0,71,True,0.8602955147757387
2942,0.0,27,True,0.86024801240062
2943,0.0,57,True,0.8602005100255012
2944,0.0,8,True,0.8601530076503825
2945,0.0,4,True,0.8601055052752637
2946,0.0,172,True,0.860058002900145
2947,0.0,66,True,0.8600105005250263
2948,0.0,21,True,0.8599629981499075
2949,0.0,8,True,0.8599154957747888
2950,0.0,57,True,0.85986799339967
2951,0.0,6,True,0.8598204910245513
2952,0.0,36,True,0.8597729886494325
2953,0.0,19,True,0.8597254862743138
2954,0.0,107,True,0.8596779838991949
2955,0.0,110,True,0.8596304815240763
2956,0.0,5,True,0.8595829791489574
2957,0.0,30,True,0.8595354767738387
2958,0.0,23,True,0.8594879743987199
2959,0.0,16,True,0.8594404720236012
2960,0.0,44,True,0.8593929696484824
2961,0.0,37,True,0.8593454672733637
2962,0.0,63,True,0.859297964898245
2963,0.0,14,True,0.8592504625231261
2964,0.0,112,True,0.8592029601480075
2965,0.0,12,True,0.8591554577728886
2966,0.0,22,True,0.8591079553977699
2967,0.0,31,True,0.8590604530226511
2968,0.0,33,True,0.8590129506475324
2969,0.0,6,True,0.8589654482724136
2970,0.0,8,True,0.8589179458972949
2971,0.0,94,True,0.8588704435221761
2972,0.0,15,True,0.8588229411470574
2973,0.0,14,True,0.8587754387719386
2974,0.0,26,True,0.8587279363968199
2975,0.0,15,True,0.8586804340217011
2976,0.0,250,False,0.8586329316465824
2977,0.0,5,True,0.8585854292714636
2978,0.0,52,True,0.8585379268963449
2979,0.0,45,True,0.858490424521226
2980,0.0,15,True,0.8584429221461073
2981,0.0,13,True,0.8583954197709885
2982,0.0,4,True,0.8583479173958698
2983,0.0,6,True,0.858300415020751
2984,0.0,7,True,0.8582529126456323
2985,0.0,29,True,0.8582054102705136
2986,0.0,31,True,0.8581579078953948
2987,0.0,4,True,0.8581104055202761
2988,0.0,21,True,0.8580629031451572
2989,0.0,43,True,0.8580154007700385
2990,0.0,17,True,0.8579678983949197
2991,0.0,60,True,0.857920396019801
2992,0.0,56,True,0.8578728936446822
2993,0.0,32,True,0.8578253912695635
2994,0.0,34,True,0.8577778888944447
2995,0.0,16,True,0.857730386519326
2996,0.0,197,True,0.8576828841442072
2997,0.0,10,True,0.8576353817690885
2998,0.0,9,True,0.8575878793939697
2999,0.0,41,True,0.857540377018851
3000,0.0,115,True,0.8574928746437323
3001,0.0,16,True,0.8574453722686135
3002,0.0,8,True,0.8573978698934946
3003,0.0,5,True,0.8573503675183759
3004,0.0,75,True,0.8573028651432572
3005,0.0,29,True,0.8572553627681384
3006,0.0,24,True,0.8572078603930197
3007,0.0,28,True,0.8571603580179009
3008,0.0,3,True,0.8571128556427822
3009,0.0,195,True,0.8570653532676634
3010,0.0,16,True,0.8570178508925446
3011,0.0,24,True,0.8569703485174258
3012,0.0,37,True,0.8569228461423071
3013,0.0,11,True,0.8568753437671883
3014,0.0,15,True,0.8568278413920696
3015,2.0,226,True,0.8567803390169508
3016,0.0,17,True,0.8567328366418321
3017,0.0,27,True,0.8566853342667133
3018,0.0,26,True,0.8566378318915946
3019,0.0,65,True,0.8565903295164758
3020,0.0,6,True,0.8565428271413571
3021,0.0,37,True,0.8564953247662384
3022,0.0,37,True,0.8564478223911196
3023,0.0,9,True,0.8564003200160009
3024,0.0,7,True,0.856352817640882
3025,0.0,13,True,0.8563053152657634
3026,0.0,93,True,0.8562578128906445
3027,0.0,20,True,0.8562103105155258
3028,0.0,20,True,0.856162808140407
3029,0.0,7,True,0.8561153057652883
3030,1.0,78,True,0.8560678033901695
3031,0.0,20,True,0.8560203010150508
3032,0.0,95,True,0.855972798639932
3033,0.0,122,True,0.8559252962648132
3034,0.0,3,True,0.8558777938896945
3035,0.0,49,True,0.8558302915145757
3036,0.0,11,True,0.8557827891394569
3037,2.0,225,True,0.8557352867643382
3038,0.0,10,True,0.8556877843892194
3039,0.0,9,True,0.8556402820141007
3040,1.0,111,True,0.855592779638982
3041,0.0,50,True,0.8555452772638632
3042,0.0,8,True,0.8554977748887445
3043,0.0,157,True,0.8554502725136257
3044,0.0,160,True,0.855402770138507
3045,0.0,42,True,0.8553552677633882
3046,0.0,39,True,0.8553077653882695
3047,0.0,52,True,0.8552602630131507
3048,0.0,4,True,0.855212760638032
3049,0.0,28,True,0.8551652582629131
3050,0.0,125,True,0.8551177558877944
3051,0.0,43,True,0.8550702535126756
3052,0.0,68,True,0.8550227511375569
3053,0.0,68,True,0.8549752487624381
3054,1.0,177,True,0.8549277463873194
3055,0.0,20,True,0.8548802440122006
3056,0.0,22,True,0.8548327416370819
3057,0.0,43,True,0.8547852392619631
3058,0.0,8,True,0.8547377368868443
3059,0.0,19,True,0.8546902345117255
3060,0.0,184,True,0.8546427321366068
3061,0.0,7,True,0.854595229761488
3062,0.0,13,True,0.8545477273863693
3063,0.0,29,True,0.8545002250112506
3064,0.0,93,True,0.8544527226361318
3065,0.0,103,True,0.8544052202610131
3066,0.0,41,True,0.8543577178858943
3067,0.0,84,True,0.8543102155107756
3068,0.0,12,True,0.8542627131356568
3069,1.0,166,True,0.8542152107605381
3070,0.0,61,True,0.8541677083854193
3071,0.0,94,True,0.8541202060103006
3072,0.0,18,True,0.8540727036351817
3073,0.0,20,True,0.854025201260063
3074,0.0,6,True,0.8539776988849442
3075,0.0,4,True,0.8539301965098255
3076,0.0,119,True,0.8538826941347067
3077,0.0,7,True,0.853835191759588
3078,0.0,21,True,0.8537876893844693
3079,0.0,83,True,0.8537401870093505
3080,0.0,46,True,0.8536926846342316
3081,0.0,4,True,0.8536451822591129
3082,0.0,5,True,0.8535976798839942
3083,0.0,28,True,0.8535501775088754
3084,0.0,11,True,0.8535026751337567
3085,0.0,7,True,0.8534551727586379
3086,0.0,97,True,0.8534076703835192
3087,0.0,11,True,0.8533601680084004
3088,0.0,118,True,0.8533126656332817
3089,1.0,75,True,0.8532651632581629
3090,0.0,41,True,0.8532176608830442
3091,0.0,69,True,0.8531701585079254
3092,0.0,2,True,0.8531226561328067
3093,0.0,27,True,0.8530751537576879
3094,0.0,56,True,0.8530276513825691
3095,0.0,5,True,0.8529801490074504
3096,0.0,13,True,0.8529326466323316
3097,0.0,62,True,0.8528851442572128
3098,0.0,13,True,0.8528376418820941
3099,0.0,5,True,0.8527901395069754
3100,0.0,8,True,0.8527426371318566
3101,0.0,4,True,0.8526951347567379
3102,0.0,42,True,0.8526476323816191
3103,2.0,105,True,0.8526001300065003
3104,0.0,41,True,0.8525526276313816
3105,0.0,4,True,0.8525051252562628
3106,0.0,66,True,0.852457622881144
3107,0.0,32,True,0.8524101205060253
3108,2.0,147,True,0.8523626181309065
3109,0.0,10,True,0.8523151157557878
3110,0.0,58,True,0.852267613380669
3111,0.0,113,True,0.8522201110055503
3112,0.0,250,False,0.8521726086304315
3113,0.0,5,True,0.8521251062553128
3114,0.0,2,True,0.852077603880194
3115,0.0,17,True,0.8520301015050753
3116,1.0,49,True,0.8519825991299566
3117,0.0,10,True,0.8519350967548378
3118,0.0,76,True,0.8518875943797191
3119,0.0,83,True,0.8518400920046002
3120,0.0,30,True,0.8517925896294815
3121,0.0,20,True,0.8517450872543627
3122,0.0,5,True,0.851697584879244
3123,0.0,73,True,0.8516500825041252
3124,0.0,30,True,0.8516025801290065
3125,0.0,128,True,0.8515550777538877
3126,0.0,7,True,0.851507575378769
3127,1.0,203,True,0.8514600730036502
3128,0.0,5,True,0.8514125706285314
3129,0.0,89,True,0.8513650682534126
3130,1.0,120,True,0.8513175658782939
3131,0.0,5,True,0.8512700635031751
3132,2.0,117,True,0.8512225611280564
3133,0.0,12,True,0.8511750587529376
3134,0.0,36,True,0.8511275563778189
3135,0.0,84,True,0.8510800540027001
3136,0.0,39,True,0.8510325516275814
3137,0.0,5,True,0.8509850492524627
3138,0.0,16,True,0.8509375468773439
3139,0.0,51,True,0.8508900445022252
3140,0.0,9,True,0.8508425421271064
3141,0.0,7,True,0.8507950397519877
3142,0.0,145,True,0.8507475373768688
3143,0.0,45,True,0.8507000350017502
3144,0.0,5,True,0.8506525326266313
3145,1.0,200,True,0.8506050302515126
3146,0.0,3,True,0.8505575278763938
3147,0.0,39,True,0.8505100255012751
3148,0.0,35,True,0.8504625231261563
3149,0.0,16,True,0.8504150207510376
3150,0.0,48,True,0.8503675183759188
3151,0.0,6,True,0.8503200160008
3152,0.0,61,True,0.8502725136256812
3153,0.0,11,True,0.8502250112505625
3154,0.0,55,True,0.8501775088754437
3155,0.0,29,True,0.850130006500325
3156,0.0,7,True,0.8500825041252063
3157,0.0,6,True,0.8500350017500875
3158,0.0,46,True,0.8499874993749688
3159,0.0,110,True,0.84993999699985
3160,0.0,48,True,0.8498924946247313
3161,0.0,36,True,0.8498449922496125
3162,0.0,8,True,0.8497974898744938
3163,0.0,10,True,0.849749987499375
3164,0.0,19,True,0.8497024851242563
3165,0.0,5,True,0.8496549827491375
3166,0.0,41,True,0.8496074803740187
3167,0.0,91,True,0.8495599779988999
3168,0.0,17,True,0.8495124756237812
3169,0.0,11,True,0.8494649732486624
3170,0.0,139,True,0.8494174708735437
3171,0.0,76,True,0.8493699684984249
3172,0.0,4,True,0.8493224661233062
3173,0.0,5,True,0.8492749637481873
3174,0.0,42,True,0.8492274613730687
3175,0.0,17,True,0.8491799589979498
3176,2.0,89,True,0.8491324566228311
3177,0.0,5,True,0.8490849542477124
3178,0.0,91,True,0.8490374518725936
3179,0.0,71,True,0.8489899494974749
3180,0.0,8,True,0.8489424471223561
3181,0.0,14,True,0.8488949447472374
3182,0.0,199,True,0.8488474423721186
3183,0.0,14,True,0.8487999399969999
3184,0.0,105,True,0.8487524376218811
3185,0.0,12,True,0.8487049352467624
3186,0.0,4,True,0.8486574328716436
3187,0.0,10,True,0.8486099304965249
3188,1.0,40,True,0.8485624281214061
3189,0.0,10,True,0.8485149257462873
3190,0.0,117,True,0.8484674233711685
3191,1.0,27,True,0.8484199209960498
3192,0.0,12,True,0.848372418620931
3193,0.0,14,True,0.8483249162458123
3194,0.0,3,True,0.8482774138706936
3195,0.0,27,True,0.8482299114955748
3196,0.0,121,True,0.8481824091204561
3197,0.0,53,True,0.8481349067453373
3198,0.0,10,True,0.8480874043702185
3199,0.0,61,True,0.8480399019950997
3200,0.0,52,True,0.847992399619981
3201,0.0,4,True,0.8479448972448622
3202,1.0,60,True,0.8478973948697435
3203,0.0,12,True,0.8478498924946247
3204,0.0,13,True,0.847802390119506
3205,0.0,38,True,0.8477548877443872
3206,0.0,114,True,0.8477073853692685
3207,0.0,7,True,0.8476598829941497
3208,0.0,96,True,0.847612380619031
3209,1.0,110,True,0.8475648782439122
3210,0.0,18,True,0.8475173758687935
3211,0.0,45,True,0.8474698734936748
3212,2.0,129,True,0.8474223711185559
3213,0.0,16,True,0.8473748687434373
3214,0.0,165,True,0.8473273663683184
3215,0.0,34,True,0.8472798639931997
3216,0.0,76,True,0.8472323616180809
3217,0.0,56,True,0.8471848592429622
3218,1.0,124,True,0.8471373568678434
3219,0.0,13,True,0.8470898544927247
3220,0.0,19,True,0.8470423521176059
3221,0.0,12,True,0.8469948497424871
3222,0.0,51,True,0.8469473473673683
3223,0.0,54,True,0.8468998449922496
3224,0.0,30,True,0.8468523426171308
3225,0.0,50,True,0.8468048402420121
3226,0.0,36,True,0.8467573378668933
3227,0.0,3,True,0.8467098354917746
3228,0.0,54,True,0.8466623331166558
3229,0.0,34,True,0.8466148307415371
3230,0.0,21,True,0.8465673283664183
3231,0.0,11,True,0.8465198259912996
3232,0.0,79,True,0.8464723236161809
3233,0.0,21,True,0.8464248212410621
3234,0.0,76,True,0.8463773188659434
3235,0.0,5,True,0.8463298164908246
3236,0.0,47,True,0.8462823141157058
3237,0.0,32,True,0.846234811740587
3238,0.0,3,True,0.8461873093654683
3239,0.0,7,True,0.8461398069903495
3240,0.0,88,True,0.8460923046152308
3241,0.0,6,True,0.846044802240112
3242,0.0,9,True,0.8459972998649933
3243,0.0,25,True,0.8459497974898744
3244,0.0,3,True,0.8459022951147558
3245,0.0,110,True,0.8458547927396369
3246,0.0,26,True,0.8458072903645182
3247,0.0,34,True,0.8457597879893994
3248,0.0,23,True,0.8457122856142807
3249,0.0,102,True,0.8456647832391619
3250,1.0,113,True,0.8456172808640432
3251,0.0,20,True,0.8455697784889245
3252,0.0,4,True,0.8455222761138057
3253,0.0,119,True,0.845474773738687
3254,0.0,15,True,0.8454272713635682
3255,0.0,130,True,0.8453797689884495
3256,0.0,90,True,0.8453322666133307
3257,0.0,53,True,0.845284764238212
3258,0.0,31,True,0.8452372618630932
3259,0.0,114,True,0.8451897594879744
3260,0.0,32,True,0.8451422571128556
3261,0.0,48,True,0.8450947547377369
3262,0.0,19,True,0.8450472523626181
3263,0.0,45,True,0.8449997499874994
3264,0.0,7,True,0.8449522476123806
3265,0.0,9,True,0.8449047452372619
3266,0.0,8,True,0.8448572428621431
3267,0.0,3,True,0.8448097404870244
3268,1.0,138,True,0.8447622381119055
3269,0.0,17,True,0.8447147357367868
3270,0.0,27,True,0.844667233361668
3271,0.0,45,True,0.8446197309865493
3272,0.0,10,True,0.8445722286114306
3273,0.0,42,True,0.8445247262363118
3274,0.0,15,True,0.8444772238611931
3275,0.0,10,True,0.8444297214860743
3276,0.0,11,True,0.8443822191109556
3277,0.0,52,True,0.8443347167358368
3278,0.0,19,True,0.8442872143607181
3279,0.0,22,True,0.8442397119855993
3280,0.0,123,True,0.8441922096104806
3281,0.0,7,True,0.8441447072353618
3282,0.0,13,True,0.844097204860243
3283,0.0,30,True,0.8440497024851243
3284,0.0,93,True,0.8440022001100055
3285,0.0,11,True,0.8439546977348867
3286,0.0,125,True,0.843907195359768
3287,0.0,5,True,0.8438596929846492
3288,0.0,53,True,0.8438121906095305
3289,0.0,16,True,0.8437646882344118
3290,0.0,72,True,0.843717185859293
3291,0.0,30,True,0.8436696834841741
3292,0.0,15,True,0.8436221811090554
3293,0.0,11,True,0.8435746787339367
3294,0.0,63,True,0.8435271763588179
3295,0.0,210,True,0.8434796739836992
3296,0.0,10,True,0.8434321716085804
3297,0.0,2,True,0.8433846692334617
3298,0.0,19,True,0.8433371668583429
3299,0.0,159,True,0.8432896644832242
3300,0.0,19,True,0.8432421621081054
3301,0.0,8,True,0.8431946597329867
3302,0.0,101,True,0.8431471573578679
3303,1.0,103,True,0.8430996549827492
3304,0.0,6,True,0.8430521526076304
3305,0.0,88,True,0.8430046502325117
3306,0.0,3,True,0.842957147857393
3307,0.0,21,True,0.8429096454822741
3308,0.0,57,True,0.8428621431071553
3309,0.0,10,True,0.8428146407320366
3310,0.0,60,True,0.8427671383569179
3311,0.0,14,True,0.8427196359817991
3312,0.0,17,True,0.8426721336066804
3313,0.0,29,True,0.8426246312315616
3314,0.0,8,True,0.8425771288564429
3315,0.0,30,True,0.842529626481324
3316,0.0,25,True,0.8424821241062053
3317,0.0,31,True,0.8424346217310865
3318,0.0,32,True,0.8423871193559678
3319,0.0,96,True,0.842339616980849
3320,0.0,104,True,0.8422921146057303
3321,0.0,14,True,0.8422446122306115
3322,0.0,7,True,0.8421971098554928
3323,0.0,153,True,0.842149607480374
3324,0.0,11,True,0.8421021051052553
3325,0.0,6,True,0.8420546027301365
3326,2.0,85,True,0.8420071003550178
3327,0.0,22,True,0.841959597979899
3328,0.0,11,True,0.8419120956047803
3329,0.0,2,True,0.8418645932296615
3330,0.0,99,True,0.8418170908545427
3331,0.0,38,True,0.841769588479424
3332,0.0,53,True,0.8417220861043052
3333,0.0,43,True,0.8416745837291865
3334,1.0,52,True,0.8416270813540677
3335,0.0,10,True,0.841579578978949
3336,0.0,17,True,0.8415320766038302
3337,0.0,64,True,0.8414845742287115
3338,0.0,9,True,0.8414370718535926
3339,1.0,121,True,0.8413895694784739
3340,0.0,11,True,0.8413420671033551
3341,0.0,19,True,0.8412945647282364
3342,0.0,35,True,0.8412470623531176
3343,0.0,18,True,0.8411995599779989
3344,2.0,236,True,0.8411520576028801
3345,0.0,7,True,0.8411045552277614
3346,0.0,31,True,0.8410570528526427
3347,0.0,2,True,0.8410095504775239
3348,0.0,11,True,0.8409620481024052
3349,0.0,6,True,0.8409145457272864
3350,0.0,111,True,0.8408670433521677
3351,0.0,74,True,0.8408195409770489
3352,0.0,9,True,0.8407720386019301
3353,0.0,19,True,0.8407245362268114
3354,0.0,5,True,0.8406770338516926
3355,0.0,5,True,0.8406295314765738
3356,0.0,72,True,0.8405820291014551
3357,0.0,12,True,0.8405345267263363
3358,1.0,140,True,0.8404870243512176
3359,0.0,12,True,0.8404395219760988
3360,0.0,6,True,0.8403920196009801
3361,0.0,56,True,0.8403445172258612
3362,0.0,82,True,0.8402970148507426
3363,2.0,54,True,0.8402495124756237
3364,0.0,103,True,0.840202010100505
3365,0.0,36,True,0.8401545077253862
3366,0.0,20,True,0.8401070053502675
3367,0.0,4,True,0.8400595029751488
3368,0.0,156,True,0.84001200060003
3369,0.0,11,True,0.8399644982249113
3370,0.0,78,True,0.8399169958497925
3371,0.0,42,True,0.8398694934746738
3372,0.0,5,True,0.839821991099555
3373,0.0,100,True,0.8397744887244363
3374,0.0,54,True,0.8397269863493175
3375,0.0,5,True,0.8396794839741988
3376,0.0,78,True,0.83963198159908
3377,0.0,14,True,0.8395844792239612
3378,0.0,16,True,0.8395369768488424
3379,0.0,57,True,0.8394894744737237
3380,0.0,5,True,0.8394419720986049
3381,0.0,9,True,0.8393944697234862
3382,0.0,14,True,0.8393469673483674
3383,0.0,97,True,0.8392994649732487
3384,0.0,204,True,0.83925196259813
3385,0.0,97,True,0.8392044602230111
3386,0.0,3,True,0.8391569578478923
3387,0.0,57,True,0.8391094554727736
3388,0.0,14,True,0.8390619530976549
3389,0.0,38,True,0.8390144507225361
3390,0.0,7,True,0.8389669483474174
3391,0.0,36,True,0.8389194459722986
3392,0.0,9,True,0.8388719435971799
3393,0.0,26,True,0.8388244412220611
3394,0.0,15,True,0.8387769388469424
3395,0.0,26,True,0.8387294364718236
3396,0.0,29,True,0.8386819340967049
3397,0.0,16,True,0.8386344317215861
3398,0.0,62,True,0.8385869293464674
3399,0.0,10,True,0.8385394269713485
3400,0.0,58,True,0.8384919245962298
3401,0.0,26,True,0.838444422221111
3402,0.0,34,True,0.8383969198459923
3403,0.0,27,True,0.8383494174708735
3404,0.0,14,True,0.8383019150957548
3405,0.0,15,True,0.838254412720636
3406,0.0,56,True,0.8382069103455173
3407,0.0,140,True,0.8381594079703986
3408,0.0,16,True,0.8381119055952797
3409,0.0,71,True,0.838064403220161
3410,0.0,41,True,0.8380169008450422
3411,0.0,4,True,0.8379693984699235
3412,0.0,14,True,0.8379218960948047
3413,0.0,73,True,0.837874393719686
3414,0.0,4,True,0.8378268913445672
3415,0.0,53,True,0.8377793889694485
3416,0.0,27,True,0.8377318865943297
3417,1.0,140,True,0.837684384219211
3418,1.0,102,True,0.8376368818440922
3419,0.0,92,True,0.8375893794689735
3420,0.0,55,True,0.8375418770938547
3421,0.0,9,True,0.837494374718736
3422,0.0,17,True,0.8374468723436171
3423,0.0,97,True,0.8373993699684985
3424,0.0,61,True,0.8373518675933797
3425,0.0,15,True,0.8373043652182609
3426,0.0,25,True,0.8372568628431422
3427,2.0,66,True,0.8372093604680234
3428,0.0,71,True,0.8371618580929047
3429,0.0,14,True,0.8371143557177859
3430,1.0,75,True,0.8370668533426672
3431,0.0,19,True,0.8370193509675483
3432,0.0,6,True,0.8369718485924297
3433,0.0,70,True,0.8369243462173108
3434,1.0,176,True,0.8368768438421921
3435,0.0,9,True,0.8368293414670733
3436,0.0,17,True,0.8367818390919546
3437,0.0,83,True,0.8367343367168358
3438,0.0,16,True,0.8366868343417171
3439,0.0,28,True,0.8366393319665983
3440,0.0,5,True,0.8365918295914796
3441,0.0,149,True,0.8365443272163609
3442,0.0,14,True,0.8364968248412421
3443,0.0,7,True,0.8364493224661234
3444,0.0,61,True,0.8364018200910046
3445,0.0,15,True,0.8363543177158859
3446,0.0,15,True,0.8363068153407671
3447,0.0,70,True,0.8362593129656483
3448,0.0,5,True,0.8362118105905295
3449,0.0,12,True,0.8361643082154108
3450,0.0,3,True,0.836116805840292
3451,1.0,92,True,0.8360693034651733
3452,0.0,52,True,0.8360218010900545
3453,0.0,20,True,0.8359742987149358
3454,1.0,86,True,0.835926796339817
3455,0.0,13,True,0.8358792939646982
3456,0.0,10,True,0.8358317915895794
3457,0.0,7,True,0.8357842892144607
3458,0.0,2,True,0.8357367868393419
3459,0.0,141,True,0.8356892844642232
3460,0.0,13,True,0.8356417820891044
3461,0.0,21,True,0.8355942797139857
3462,0.0,13,True,0.835546777338867
3463,0.0,18,True,0.8354992749637482
3464,2.0,125,True,0.8354517725886295
3465,0.0,4,True,0.8354042702135107
3466,2.0,78,True,0.835356767838392
3467,0.0,28,True,0.8353092654632732
3468,0.0,15,True,0.8352617630881545
3469,0.0,18,True,0.8352142607130356
3470,0.0,7,True,0.8351667583379169
3471,0.0,68,True,0.8351192559627981
3472,0.0,14,True,0.8350717535876794
3473,1.0,127,True,0.8350242512125606
3474,1.0,58,True,0.8349767488374419
3475,0.0,14,True,0.8349292464623231
3476,0.0,14,True,0.8348817440872044
3477,0.0,10,True,0.8348342417120856
3478,0.0,7,True,0.8347867393369668
3479,0.0,11,True,0.834739236961848
3480,0.0,41,True,0.8346917345867293
3481,0.0,116,True,0.8346442322116105
3482,0.0,42,True,0.8345967298364918
3483,0.0,52,True,0.834549227461373
3484,0.0,44,True,0.8345017250862543
3485,0.0,3,True,0.8344542227111356
3486,0.0,110,True,0.8344067203360168
3487,0.0,81,True,0.8343592179608981
3488,0.0,7,True,0.8343117155857793
3489,0.0,238,True,0.8342642132106606
3490,0.0,32,True,0.8342167108355418
3491,0.0,23,True,0.8341692084604231
3492,0.0,69,True,0.8341217060853042
3493,0.0,7,True,0.8340742037101856
3494,1.0,131,True,0.8340267013350667
3495,0.0,19,True,0.833979198959948
3496,0.0,6,True,0.8339316965848292
3497,0.0,13,True,0.8338841942097105
3498,0.0,8,True,0.8338366918345917
3499,2.0,84,True,0.833789189459473
3500,0.0,33,True,0.8337416870843543
3501,0.0,6,True,0.8336941847092354
3502,0.0,8,True,0.8336466823341168
3503,0.0,7,True,0.8335991799589979
3504,0.0,3,True,0.8335516775838792
3505,0.0,11,True,0.8335041752087604
3506,0.0,5,True,0.8334566728336417
3507,1.0,158,True,0.8334091704585229
3508,0.0,12,True,0.8333616680834042
3509,2.0,177,True,0.8333141657082854
3510,0.0,38,True,0.8332666633331667
3511,0.0,2,True,0.8332191609580479
3512,0.0,10,True,0.8331716585829292
3513,0.0,32,True,0.8331241562078104
3514,0.0,39,True,0.8330766538326917
3515,1.0,181,True,0.833029151457573
3516,0.0,46,True,0.8329816490824542
3517,0.0,51,True,0.8329341467073353
3518,0.0,7,True,0.8328866443322166
3519,0.0,58,True,0.8328391419570979
3520,0.0,44,True,0.8327916395819791
3521,0.0,6,True,0.8327441372068604
3522,0.0,32,True,0.8326966348317416
3523,0.0,8,True,0.8326491324566229
3524,0.0,4,True,0.8326016300815041
3525,0.0,60,True,0.8325541277063854
3526,0.0,20,True,0.8325066253312665
3527,0.0,10,True,0.8324591229561478
3528,0.0,7,True,0.832411620581029
3529,1.0,250,False,0.8323641182059103
3530,1.0,65,True,0.8323166158307915
3531,0.0,3,True,0.8322691134556728
3532,0.0,90,True,0.832221611080554
3533,0.0,47,True,0.8321741087054353
3534,0.0,91,True,0.8321266063303165
3535,0.0,35,True,0.8320791039551978
3536,1.0,99,True,0.832031601580079
3537,0.0,50,True,0.8319840992049603
3538,0.0,33,True,0.8319365968298416
3539,0.0,44,True,0.8318890944547228
3540,0.0,31,True,0.831841592079604
3541,0.0,21,True,0.8317940897044852
3542,0.0,54,True,0.8317465873293665
3543,0.0,95,True,0.8316990849542477
3544,0.0,34,True,0.831651582579129
3545,0.0,105,True,0.8316040802040102
3546,0.0,17,True,0.8315565778288915
3547,0.0,183,True,0.8315090754537727
3548,0.0,15,True,0.8314615730786539
3549,0.0,34,True,0.8314140707035351
3550,0.0,209,True,0.8313665683284164
3551,0.0,4,True,0.8313190659532976
3552,0.0,28,True,0.8312715635781789
3553,0.0,18,True,0.8312240612030601
3554,0.0,5,True,0.8311765588279414
3555,0.0,7,True,0.8311290564528226
3556,0.0,49,True,0.8310815540777039
3557,0.0,54,True,0.8310340517025852
3558,0.0,43,True,0.8309865493274664
3559,2.0,79,True,0.8309390469523477
3560,0.0,11,True,0.8308915445772289
3561,0.0,22,True,0.8308440422021102
3562,0.0,9,True,0.8307965398269913
3563,0.0,33,True,0.8307490374518727
3564,0.0,61,True,0.8307015350767538
3565,0.0,6,True,0.8306540327016351
3566,1.0,128,True,0.8306065303265163
3567,0.0,74,True,0.8305590279513976
3568,0.0,4,True,0.8305115255762788
3569,0.0,100,True,0.8304640232011601
3570,0.0,8,True,0.8304165208260413
3571,0.0,13,True,0.8303690184509225
3572,0.0,31,True,0.8303215160758038
3573,0.0,13,True,0.830274013700685
3574,0.0,47,True,0.8302265113255662
3575,2.0,166,True,0.8301790089504475
3576,0.0,48,True,0.8301315065753287
3577,0.0,58,True,0.83008400420021
3578,0.0,62,True,0.8300365018250913
3579,0.0,8,True,0.8299889994499725
3580,0.0,8,True,0.8299414970748538
3581,0.0,61,True,0.829893994699735
3582,0.0,14,True,0.8298464923246163
3583,0.0,103,True,0.8297989899494975
3584,1.0,125,True,0.8297514875743788
3585,0.0,24,True,0.82970398519926
3586,0.0,4,True,0.8296564828241413
3587,0.0,19,True,0.8296089804490224
3588,0.0,21,True,0.8295614780739037
3589,0.0,55,True,0.8295139756987849
3590,0.0,67,True,0.8294664733236662
3591,0.0,4,True,0.8294189709485474
3592,0.0,28,True,0.8293714685734287
3593,0.0,91,True,0.82932396619831
3594,0.0,46,True,0.8292764638231912
3595,0.0,144,True,0.8292289614480725
3596,0.0,20,True,0.8291814590729536
3597,0.0,29,True,0.8291339566978349
3598,0.0,72,True,0.8290864543227161
3599,0.0,20,True,0.8290389519475974
3600,0.0,44,True,0.8289914495724786
3601,0.0,16,True,0.8289439471973599
3602,0.0,30,True,0.8288964448222411
3603,2.0,135,True,0.8288489424471224
3604,0.0,21,True,0.8288014400720036
3605,0.0,16,True,0.8287539376968849
3606,0.0,87,True,0.8287064353217661
3607,0.0,30,True,0.8286589329466474
3608,0.0,97,True,0.8286114305715286
3609,0.0,56,True,0.8285639281964099
3610,0.0,4,True,0.828516425821291
3611,0.0,8,True,0.8284689234461723
3612,0.0,43,True,0.8284214210710535
3613,0.0,10,True,0.8283739186959348
3614,0.0,13,True,0.828326416320816
3615,1.0,58,True,0.8282789139456973
3616,1.0,61,True,0.8282314115705786
3617,0.0,18,True,0.8281839091954598
3618,0.0,25,True,0.828136406820341
3619,0.0,47,True,0.8280889044452222
3620,2.0,198,True,0.8280414020701035
3621,0.0,102,True,0.8279938996949847
3622,2.0,173,True,0.827946397319866
3623,1.0,76,True,0.8278988949447472
3624,0.0,35,True,0.8278513925696285
3625,0.0,3,True,0.8278038901945097
3626,0.0,31,True,0.827756387819391
3627,0.0,104,True,0.8277088854442722
3628,0.0,49,True,0.8276613830691535
3629,0.0,7,True,0.8276138806940347
3630,0.0,37,True,0.827566378318916
3631,0.0,10,True,0.8275188759437972
3632,0.0,23,True,0.8274713735686784
3633,0.0,19,True,0.8274238711935598
3634,0.0,11,True,0.8273763688184409
3635,1.0,106,True,0.8273288664433222
3636,0.0,5,True,0.8272813640682034
3637,0.0,10,True,0.8272338616930847
3638,0.0,7,True,0.8271863593179659
3639,0.0,80,True,0.8271388569428472
3640,0.0,42,True,0.8270913545677284
3641,0.0,35,True,0.8270438521926096
3642,0.0,6,True,0.8269963498174909
3643,0.0,60,True,0.8269488474423721
3644,0.0,17,True,0.8269013450672533
3645,2.0,189,True,0.8268538426921346
3646,0.0,30,True,0.8268063403170158
3647,0.0,156,True,0.8267588379418971
3648,0.0,13,True,0.8267113355667783
3649,0.0,9,True,0.8266638331916596
3650,0.0,4,True,0.8266163308165408
3651,0.0,83,True,0.8265688284414221
3652,0.0,5,True,0.8265213260663034
3653,0.0,4,True,0.8264738236911846
3654,0.0,18,True,0.8264263213160659
3655,1.0,205,True,0.8263788189409471
3656,0.0,3,True,0.8263313165658284
3657,0.0,11,True,0.8262838141907095
3658,0.0,39,True,0.8262363118155908
3659,0.0,15,True,0.826188809440472
3660,0.0,52,True,0.8261413070653533
3661,0.0,4,True,0.8260938046902345
3662,0.0,11,True,0.8260463023151158
3663,0.0,68,True,0.825998799939997
3664,0.0,27,True,0.8259512975648783
3665,0.0,7,True,0.8259037951897595
3666,2.0,100,True,0.8258562928146407
3667,0.0,211,True,0.8258087904395219
3668,1.0,178,True,0.8257612880644032
3669,0.0,12,True,0.8257137856892844
3670,0.0,44,True,0.8256662833141657
3671,1.0,118,True,0.825618780939047
3672,0.0,41,True,0.8255712785639282
3673,0.0,5,True,0.8255237761888095
3674,0.0,12,True,0.8254762738136907
3675,0.0,12,True,0.825428771438572
3676,0.0,68,True,0.8253812690634532
3677,0.0,127,True,0.8253337666883345
3678,0.0,6,True,0.8252862643132157
3679,0.0,8,True,0.825238761938097
3680,0.0,33,True,0.8251912595629781
3681,0.0,21,True,0.8251437571878594
3682,0.0,70,True,0.8250962548127406
3683,0.0,18,True,0.8250487524376219
3684,0.0,8,True,0.8250012500625031
3685,0.0,32,True,0.8249537476873844
3686,0.0,42,True,0.8249062453122656
3687,0.0,28,True,0.8248587429371469
3688,2.0,218,True,0.8248112405620281
3689,0.0,75,True,0.8247637381869093
3690,0.0,98,True,0.8247162358117905
3691,0.0,145,True,0.8246687334366718
3692,0.0,85,True,0.824621231061553
3693,0.0,22,True,0.8245737286864343
3694,0.0,34,True,0.8245262263113156
3695,0.0,65,True,0.8244787239361968
3696,0.0,130,True,0.8244312215610781
3697,2.0,109,True,0.8243837191859593
3698,0.0,22,True,0.8243362168108406
3699,0.0,25,True,0.8242887144357218
3700,0.0,16,True,0.8242412120606031
3701,0.0,9,True,0.8241937096854843
3702,0.0,89,True,0.8241462073103656
3703,0.0,14,True,0.8240987049352468
3704,0.0,43,True,0.824051202560128
3705,0.0,38,True,0.8240037001850092
3706,0.0,2,True,0.8239561978098905
3707,0.0,28,True,0.8239086954347717
3708,0.0,25,True,0.823861193059653
3709,0.0,151,True,0.8238136906845342
3710,0.0,34,True,0.8237661883094155
3711,0.0,10,True,0.8237186859342966
3712,2.0,155,True,0.823671183559178
3713,1.0,105,True,0.8236236811840592
3714,0.0,30,True,0.8235761788089404
3715,0.0,27,True,0.8235286764338217
3716,0.0,4,True,0.8234811740587029
3717,0.0,20,True,0.8234336716835842
3718,0.0,57,True,0.8233861693084654
3719,0.0,79,True,0.8233386669333467
3720,0.0,40,True,0.8232911645582279
3721,0.0,21,True,0.8232436621831092
3722,0.0,16,True,0.8231961598079904
3723,2.0,63,True,0.8231486574328717
3724,0.0,25,True,0.8231011550577529
3725,0.0,12,True,0.8230536526826342
3726,0.0,45,True,0.8230061503075154
3727,0.0,42,True,0.8229586479323966
3728,0.0,5,True,0.8229111455572778
3729,0.0,68,True,0.8228636431821591
3730,0.0,44,True,0.8228161408070404
3731,0.0,20,True,0.8227686384319216
3732,0.0,18,True,0.8227211360568029
3733,0.0,36,True,0.8226736336816841
3734,0.0,99,True,0.8226261313065654
3735,0.0,129,True,0.8225786289314466
3736,0.0,10,True,0.8225311265563278
3737,0.0,43,True,0.822483624181209
3738,0.0,23,True,0.8224361218060903
3739,0.0,25,True,0.8223886194309715
3740,0.0,4,True,0.8223411170558528
3741,0.0,12,True,0.822293614680734
3742,0.0,16,True,0.8222461123056153
3743,0.0,39,True,0.8221986099304965
3744,0.0,48,True,0.8221511075553778
3745,0.0,23,True,0.822103605180259
3746,0.0,53,True,0.8220561028051403
3747,0.0,61,True,0.8220086004300216
3748,1.0,86,True,0.8219610980549028
3749,1.0,50,True,0.8219135956797841
3750,0.0,97,True,0.8218660933046652
3751,0.0,78,True,0.8218185909295466
3752,0.0,37,True,0.8217710885544277
3753,0.0,5,True,0.821723586179309
3754,0.0,59,True,0.8216760838041902
3755,0.0,64,True,0.8216285814290715
3756,0.0,47,True,0.8215810790539527
3757,0.0,16,True,0.821533576678834
3758,2.0,88,True,0.8214860743037152
3759,0.0,61,True,0.8214385719285964
3760,0.0,54,True,0.8213910695534776
3761,0.0,6,True,0.8213435671783589
3762,0.0,49,True,0.8212960648032401
3763,0.0,31,True,0.8212485624281214
3764,0.0,14,True,0.8212010600530026
3765,0.0,29,True,0.8211535576778839
3766,0.0,8,True,0.8211060553027651
3767,0.0,65,True,0.8210585529276464
3768,0.0,4,True,0.8210110505525277
3769,0.0,20,True,0.8209635481774089
3770,0.0,6,True,0.8209160458022902
3771,0.0,29,True,0.8208685434271714
3772,0.0,61,True,0.8208210410520527
3773,0.0,56,True,0.8207735386769339
3774,0.0,29,True,0.8207260363018151
3775,0.0,29,True,0.8206785339266963
3776,0.0,2,True,0.8206310315515776
3777,0.0,62,True,0.8205835291764588
3778,0.0,5,True,0.8205360268013401
3779,0.0,18,True,0.8204885244262213
3780,0.0,24,True,0.8204410220511026
3781,0.0,4,True,0.8203935196759837
3782,0.0,27,True,0.8203460173008651
3783,0.0,3,True,0.8202985149257462
3784,1.0,95,True,0.8202510125506275
3785,0.0,22,True,0.8202035101755087
3786,0.0,4,True,0.82015600780039
3787,0.0,27,True,0.8201085054252713
3788,0.0,45,True,0.8200610030501525
3789,2.0,119,True,0.8200135006750338
3790,0.0,25,True,0.819965998299915
3791,0.0,31,True,0.8199184959247963
3792,0.0,46,True,0.8198709935496775
3793,0.0,31,True,0.8198234911745588
3794,0.0,39,True,0.81977598879944
3795,0.0,19,True,0.8197284864243213
3796,1.0,73,True,0.8196809840492025
3797,0.0,64,True,0.8196334816740837
3798,0.0,17,True,0.8195859792989649
3799,0.0,69,True,0.8195384769238462
3800,1.0,88,True,0.8194909745487274
3801,0.0,8,True,0.8194434721736087
3802,0.0,17,True,0.8193959697984899
3803,1.0,81,True,0.8193484674233712
3804,0.0,58,True,0.8193009650482524
3805,0.0,13,True,0.8192534626731337
3806,0.0,53,True,0.8192059602980148
3807,0.0,34,True,0.8191584579228961
3808,0.0,32,True,0.8191109555477774
3809,0.0,99,True,0.8190634531726586
3810,0.0,6,True,0.8190159507975399
3811,0.0,49,True,0.8189684484224211
3812,0.0,85,True,0.8189209460473024
3813,0.0,66,True,0.8188734436721836
3814,0.0,10,True,0.8188259412970649
3815,0.0,36,True,0.8187784389219461
3816,2.0,223,True,0.8187309365468274
3817,0.0,3,True,0.8186834341717086
3818,0.0,15,True,0.8186359317965899
3819,0.0,102,True,0.8185884294214711
3820,0.0,11,True,0.8185409270463523
3821,0.0,117,True,0.8184934246712336
3822,2.0,138,True,0.8184459222961148
3823,0.0,17,True,0.818398419920996
3824,0.0,111,True,0.8183509175458773
3825,0.0,23,True,0.8183034151707586
3826,0.0,27,True,0.8182559127956398
3827,0.0,35,True,0.8182084104205211
3828,0.0,45,True,0.8181609080454023
3829,0.0,129,True,0.8181134056702835
3830,0.0,20,True,0.8180659032951647
3831,0.0,17,True,0.818018400920046
3832,0.0,57,True,0.8179708985449272
3833,0.0,18,True,0.8179233961698085
3834,0.0,15,True,0.8178758937946897
3835,0.0,3,True,0.817828391419571
3836,0.0,7,True,0.8177808890444522
3837,0.0,6,True,0.8177333866693335
3838,0.0,37,True,0.8176858842942147
3839,0.0,31,True,0.817638381919096
3840,0.0,40,True,0.8175908795439772
3841,1.0,75,True,0.8175433771688585
3842,0.0,11,True,0.8174958747937398
3843,0.0,11,True,0.817448372418621
3844,0.0,23,True,0.8174008700435023
3845,0.0,17,True,0.8173533676683834
3846,0.0,4,True,0.8173058652932647
3847,0.0,77,True,0.8172583629181459
3848,0.0,4,True,0.8172108605430272
3849,0.0,88,True,0.8171633581679084
3850,0.0,11,True,0.8171158557927897
3851,0.0,53,True,0.8170683534176709
3852,0.0,30,True,0.8170208510425522
3853,1.0,94,True,0.8169733486674333
3854,0.0,4,True,0.8169258462923146
3855,2.0,250,False,0.8168783439171958
3856,2.0,110,True,0.8168308415420771
3857,0.0,8,True,0.8167833391669583
3858,0.0,9,True,0.8167358367918396
3859,0.0,28,True,0.8166883344167208
3860,0.0,6,True,0.8166408320416021
3861,0.0,47,True,0.8165933296664833
3862,0.0,51,True,0.8165458272913646
3863,0.0,42,True,0.8164983249162459
3864,0.0,85,True,0.8164508225411271
3865,0.0,38,True,0.8164033201660084
3866,1.0,86,True,0.8163558177908896
3867,0.0,24,True,0.8163083154157708
3868,0.0,140,True,0.816260813040652
3869,0.0,4,True,0.8162133106655333
3870,0.0,29,True,0.8161658082904145
3871,1.0,65,True,0.8161183059152958
3872,0.0,17,True,0.816070803540177
3873,0.0,10,True,0.8160233011650583
3874,0.0,12,True,0.8159757987899395
3875,1.0,63,True,0.8159282964148208
3876,0.0,30,True,0.8158807940397019
3877,0.0,4,True,0.8158332916645832
3878,0.0,5,True,0.8157857892894644
3879,0.0,3,True,0.8157382869143457
3880,0.0,39,True,0.8156907845392269
3881,0.0,36,True,0.8156432821641082
3882,0.0,15,True,0.8155957797889895
3883,0.0,16,True,0.8155482774138707
3884,1.0,63,True,0.815500775038752
3885,0.0,46,True,0.8154532726636332
3886,0.0,73,True,0.8154057702885145
3887,0.0,35,True,0.8153582679133957
3888,0.0,19,True,0.815310765538277
3889,1.0,118,True,0.8152632631631582
3890,0.0,6,True,0.8152157607880394
3891,0.0,46,True,0.8151682584129207
3892,0.0,14,True,0.8151207560378019
3893,1.0,65,True,0.8150732536626831
3894,0.0,11,True,0.8150257512875644
3895,0.0,7,True,0.8149782489124456
3896,0.0,16,True,0.8149307465373269
3897,0.0,82,True,0.8148832441622081
3898,0.0,22,True,0.8148357417870894
3899,0.0,17,True,0.8147882394119705
3900,0.0,12,True,0.8147407370368519
3901,0.0,6,True,0.814693234661733
3902,0.0,34,True,0.8146457322866143
3903,0.0,47,True,0.8145982299114956
3904,0.0,3,True,0.8145507275363768
3905,1.0,250,False,0.8145032251612581
3906,0.0,29,True,0.8144557227861393
3907,0.0,88,True,0.8144082204110206
3908,0.0,20,True,0.8143607180359018
3909,0.0,30,True,0.8143132156607831
3910,0.0,37,True,0.8142657132856643
3911,0.0,2,True,0.8142182109105456
3912,0.0,22,True,0.8141707085354268
3913,0.0,44,True,0.8141232061603081
3914,0.0,4,True,0.8140757037851893
3915,0.0,14,True,0.8140282014100705
3916,0.0,41,True,0.8139806990349517
3917,0.0,50,True,0.813933196659833
3918,0.0,16,True,0.8138856942847142
3919,0.0,30,True,0.8138381919095955
3920,0.0,58,True,0.8137906895344768
3921,0.0,13,True,0.813743187159358
3922,1.0,162,True,0.8136956847842393
3923,0.0,17,True,0.8136481824091204
3924,0.0,52,True,0.8136006800340017
3925,0.0,7,True,0.8135531776588829
3926,0.0,2,True,0.8135056752837642
3927,0.0,48,True,0.8134581729086454
3928,0.0,12,True,0.8134106705335267
3929,0.0,13,True,0.8133631681584079
3930,1.0,193,True,0.8133156657832892
3931,0.0,31,True,0.8132681634081704
3932,0.0,43,True,0.8132206610330517
3933,0.0,5,True,0.8131731586579329
3934,0.0,30,True,0.8131256562828142
3935,0.0,32,True,0.8130781539076954
3936,0.0,5,True,0.8130306515325767
3937,0.0,8,True,0.8129831491574578
3938,0.0,74,True,0.8129356467823391
3939,0.0,88,True,0.8128881444072203
3940,0.0,5,True,0.8128406420321016
3941,0.0,25,True,0.8127931396569829
3942,0.0,69,True,0.8127456372818641
3943,0.0,38,True,0.8126981349067454
3944,0.0,45,True,0.8126506325316266
3945,0.0,55,True,0.8126031301565079
3946,0.0,25,True,0.812555627781389
3947,0.0,31,True,0.8125081254062703
3948,0.0,6,True,0.8124606230311515
3949,0.0,30,True,0.8124131206560328
3950,0.0,115,True,0.812365618280914
3951,0.0,61,True,0.8123181159057953
3952,0.0,25,True,0.8122706135306765
3953,0.0,16,True,0.8122231111555578
3954,0.0,96,True,0.812175608780439
3955,0.0,59,True,0.8121281064053203
3956,2.0,213,True,0.8120806040302015
3957,0.0,17,True,0.8120331016550828
3958,0.0,49,True,0.811985599279964
3959,0.0,13,True,0.8119380969048453
3960,0.0,61,True,0.8118905945297265
3961,0.0,119,True,0.8118430921546078
3962,0.0,56,True,0.811795589779489
3963,0.0,19,True,0.8117480874043702
3964,0.0,6,True,0.8117005850292515
3965,0.0,29,True,0.8116530826541327
3966,0.0,61,True,0.811605580279014
3967,0.0,5,True,0.8115580779038952
3968,2.0,61,True,0.8115105755287765
3969,0.0,6,True,0.8114630731536576
3970,2.0,61,True,0.811415570778539
3971,0.0,86,True,0.8113680684034201
3972,0.0,133,True,0.8113205660283014
3973,1.0,131,True,0.8112730636531826
3974,0.0,15,True,0.8112255612780639
3975,1.0,146,True,0.8111780589029451
3976,0.0,71,True,0.8111305565278264
3977,0.0,9,True,0.8110830541527076
3978,0.0,22,True,0.8110355517775889
3979,0.0,15,True,0.8109880494024702
3980,0.0,8,True,0.8109405470273514
3981,0.0,13,True,0.8108930446522327
3982,0.0,7,True,0.8108455422771139
3983,0.0,12,True,0.8107980399019952
3984,0.0,34,True,0.8107505375268764
3985,2.0,160,True,0.8107030351517576
3986,0.0,15,True,0.8106555327766388
3987,0.0,7,True,0.8106080304015201
3988,0.0,73,True,0.8105605280264013
3989,0.0,59,True,0.8105130256512826
3990,0.0,10,True,0.8104655232761638
3991,0.0,36,True,0.8104180209010451
3992,2.0,148,True,0.8103705185259263
3993,1.0,127,True,0.8103230161508075
3994,0.0,14,True,0.8102755137756887
3995,0.0,23,True,0.81022801140057
3996,0.0,4,True,0.8101805090254512
3997,0.0,70,True,0.8101330066503325
3998,0.0,42,True,0.8100855042752138
3999,0.0,18,True,0.810038001900095
4000,1.0,41,True,0.8099904995249763
4001,0.0,47,True,0.8099429971498575
4002,0.0,69,True,0.8098954947747388
4003,1.0,115,True,0.80984799239962
4004,0.0,6,True,0.8098004900245013
4005,0.0,75,True,0.8097529876493825
4006,0.0,3,True,0.8097054852742638
4007,0.0,6,True,0.8096579828991449
4008,0.0,7,True,0.8096104805240262
4009,0.0,49,True,0.8095629781489074
4010,0.0,8,True,0.8095154757737887
4011,0.0,11,True,0.8094679733986699
4012,0.0,10,True,0.8094204710235512
4013,0.0,13,True,0.8093729686484324
4014,0.0,8,True,0.8093254662733137
4015,0.0,27,True,0.809277963898195
4016,0.0,11,True,0.8092304615230761
4017,1.0,124,True,0.8091829591479573
4018,0.0,47,True,0.8091354567728386
4019,0.0,36,True,0.8090879543977199
4020,0.0,17,True,0.8090404520226011
4021,0.0,250,False,0.8089929496474824
4022,0.0,45,True,0.8089454472723636
4023,0.0,89,True,0.8088979448972449
4024,0.0,40,True,0.8088504425221261
4025,0.0,7,True,0.8088029401470074
4026,0.0,44,True,0.8087554377718886
4027,0.0,12,True,0.8087079353967699
4028,0.0,6,True,0.8086604330216511
4029,0.0,51,True,0.8086129306465324
4030,0.0,18,True,0.8085654282714135
4031,0.0,28,True,0.8085179258962949
4032,0.0,6,True,0.808470423521176
4033,0.0,3,True,0.8084229211460573
4034,0.0,11,True,0.8083754187709385
4035,0.0,87,True,0.8083279163958198
4036,0.0,80,True,0.808280414020701
4037,0.0,2,True,0.8082329116455823
4038,0.0,2,True,0.8081854092704636
4039,0.0,18,True,0.8081379068953447
4040,0.0,16,True,0.8080904045202261
4041,1.0,62,True,0.8080429021451072
4042,0.0,45,True,0.8079953997699885
4043,0.0,30,True,0.8079478973948697
4044,0.0,93,True,0.807900395019751
4045,0.0,145,True,0.8078528926446322
4046,1.0,96,True,0.8078053902695135
4047,0.0,34,True,0.8077578878943947
4048,0.0,21,True,0.807710385519276
4049,0.0,15,True,0.8076628831441572
4050,0.0,79,True,0.8076153807690385
4051,0.0,12,True,0.8075678783939197
4052,0.0,72,True,0.807520376018801
4053,0.0,26,True,0.8074728736436823
4054,0.0,89,True,0.8074253712685635
4055,1.0,104,True,0.8073778688934447
4056,0.0,66,True,0.8073303665183259
4057,0.0,12,True,0.8072828641432072
4058,0.0,5,True,0.8072353617680884
4059,0.0,13,True,0.8071878593929697
4060,0.0,57,True,0.8071403570178509
4061,0.0,7,True,0.8070928546427322
4062,0.0,19,True,0.8070453522676134
4063,0.0,54,True,0.8069978498924947
4064,0.0,91,True,0.8069503475173758
4065,0.0,18,True,0.8069028451422571
4066,0.0,32,True,0.8068553427671383
4067,0.0,48,True,0.8068078403920196
4068,0.0,19,True,0.8067603380169008
4069,0.0,20,True,0.8067128356417821
4070,0.0,6,True,0.8066653332666633
4071,0.0,81,True,0.8066178308915446
4072,0.0,108,True,0.8065703285164258
4073,0.0,8,True,0.8065228261413071
4074,0.0,15,True,0.8064753237661884
4075,0.0,13,True,0.8064278213910696
4076,0.0,3,True,0.8063803190159509
4077,0.0,50,True,0.8063328166408321
4078,0.0,94,True,0.8062853142657133
4079,0.0,17,True,0.8062378118905945
4080,0.0,35,True,0.8061903095154758
4081,0.0,38,True,0.806142807140357
4082,0.0,56,True,0.8060953047652383
4083,0.0,77,True,0.8060478023901195
4084,0.0,15,True,0.8060003000150008
4085,0.0,27,True,0.805952797639882
4086,0.0,9,True,0.8059052952647632
4087,1.0,75,True,0.8058577928896444
4088,0.0,84,True,0.8058102905145257
4089,0.0,9,True,0.8057627881394069
4090,0.0,3,True,0.8057152857642882
4091,0.0,43,True,0.8056677833891694
4092,0.0,82,True,0.8056202810140507
4093,0.0,8,True,0.805572778638932
4094,0.0,27,True,0.8055252762638132
4095,0.0,13,True,0.8054777738886945
4096,0.0,6,True,0.8054302715135757
4097,0.0,9,True,0.805382769138457
4098,0.0,19,True,0.8053352667633382
4099,0.0,8,True,0.8052877643882195
4100,0.0,36,True,0.8052402620131006
4101,0.0,49,True,0.805192759637982
4102,0.0,4,True,0.8051452572628631
4103,0.0,28,True,0.8050977548877444
4104,0.0,39,True,0.8050502525126256
4105,0.0,17,True,0.8050027501375069
4106,1.0,90,True,0.8049552477623881
4107,0.0,5,True,0.8049077453872694
4108,0.0,12,True,0.8048602430121506
4109,0.0,7,True,0.8048127406370318
4110,0.0,95,True,0.8047652382619132
4111,0.0,23,True,0.8047177358867943
4112,0.0,109,True,0.8046702335116755
4113,0.0,62,True,0.8046227311365568
4114,0.0,80,True,0.804575228761438
4115,1.0,116,True,0.8045277263863193
4116,0.0,22,True,0.8044802240112006
4117,0.0,5,True,0.8044327216360818
4118,0.0,19,True,0.8043852192609631
4119,0.0,26,True,0.8043377168858443
4120,2.0,114,True,0.8042902145107256
4121,0.0,36,True,0.8042427121356068
4122,0.0,15,True,0.8041952097604881
4123,0.0,96,True,0.8041477073853693
4124,0.0,6,True,0.8041002050102506
4125,0.0,14,True,0.8040527026351317
4126,2.0,139,True,0.804005200260013
4127,0.0,20,True,0.8039576978848942
4128,0.0,17,True,0.8039101955097755
4129,0.0,28,True,0.8038626931346567
4130,0.0,54,True,0.803815190759538
4131,0.0,13,True,0.8037676883844193
4132,0.0,4,True,0.8037201860093005
4133,0.0,39,True,0.8036726836341818
4134,2.0,94,True,0.8036251812590629
4135,0.0,18,True,0.8035776788839442
4136,2.0,153,True,0.8035301765088254
4137,0.0,100,True,0.8034826741337067
4138,0.0,19,True,0.8034351717585879
4139,0.0,19,True,0.8033876693834692
4140,0.0,3,True,0.8033401670083504
4141,0.0,9,True,0.8032926646332317
4142,0.0,96,True,0.8032451622581129
4143,2.0,226,True,0.8031976598829942
4144,0.0,8,True,0.8031501575078754
4145,0.0,12,True,0.8031026551327567
4146,0.0,12,True,0.803055152757638
4147,0.0,8,True,0.8030076503825192
4148,1.0,123,True,0.8029601480074003
4149,0.0,9,True,0.8029126456322816
4150,0.0,79,True,0.8028651432571628
4151,0.0,18,True,0.8028176408820441
4152,0.0,12,True,0.8027701385069254
4153,0.0,52,True,0.8027226361318066
4154,0.0,8,True,0.8026751337566879
4155,0.0,7,True,0.8026276313815691
4156,0.0,7,True,0.8025801290064503
4157,0.0,4,True,0.8025326266313315
4158,0.0,10,True,0.8024851242562128
4159,2.0,116,True,0.802437621881094
4160,0.0,3,True,0.8023901195059753
4161,0.0,22,True,0.8023426171308565
4162,0.0,66,True,0.8022951147557378
4163,0.0,9,True,0.802247612380619
4164,0.0,6,True,0.8022001100055003
4165,0.0,4,True,0.8021526076303815
4166,0.0,6,True,0.8021051052552628
4167,0.0,23,True,0.802057602880144
4168,0.0,7,True,0.8020101005050253
4169,1.0,104,True,0.8019625981299066
4170,0.0,8,True,0.8019150957547877
4171,0.0,69,True,0.8018675933796691
4172,1.0,107,True,0.8018200910045502
4173,0.0,25,True,0.8017725886294315
4174,0.0,48,True,0.8017250862543127
4175,0.0,9,True,0.801677583879194
4176,0.0,7,True,0.8016300815040752
4177,0.0,19,True,0.8015825791289565
4178,0.0,59,True,0.8015350767538377
4179,0.0,31,True,0.8014875743787189
4180,0.0,4,True,0.8014400720036002
4181,0.0,14,True,0.8013925696284814
4182,0.0,2,True,0.8013450672533626
4183,0.0,34,True,0.8012975648782439
4184,0.0,20,True,0.8012500625031251
4185,0.0,3,True,0.8012025601280064
4186,0.0,7,True,0.8011550577528876
4187,0.0,3,True,0.8011075553777689
4188,0.0,36,True,0.8010600530026502
4189,0.0,42,True,0.8010125506275314
4190,0.0,13,True,0.8009650482524127
4191,0.0,10,True,0.8009175458772939
4192,0.0,65,True,0.8008700435021752
4193,0.0,5,True,0.8008225411270564
4194,0.0,21,True,0.8007750387519377
4195,0.0,11,True,0.8007275363768188
4196,0.0,26,True,0.8006800340017001
4197,1.0,55,True,0.8006325316265813
4198,0.0,7,True,0.8005850292514626
4199,0.0,73,True,0.8005375268763438
4200,0.0,11,True,0.8004900245012251
4201,0.0,9,True,0.8004425221261063
4202,0.0,30,True,0.8003950197509876
4203,0.0,12,True,0.8003475173758688
4204,0.0,41,True,0.80030001500075
4205,2.0,110,True,0.8002525126256312
4206,0.0,74,True,0.8002050102505125
4207,2.0,203,True,0.8001575078753937
4208,0.0,32,True,0.800110005500275
4209,0.0,17,True,0.8000625031251563
4210,0.0,51,True,0.8000150007500375
4211,0.0,45,True,0.7999674983749188
4212,1.0,44,True,0.7999199959998
4213,0.0,27,True,0.7998724936246813
4214,0.0,11,True,0.7998249912495625
4215,0.0,28,True,0.7997774888744438
4216,0.0,49,True,0.799729986499325
4217,0.0,10,True,0.7996824841242063
4218,0.0,13,True,0.7996349817490874
4219,0.0,46,True,0.7995874793739687
4220,0.0,49,True,0.7995399769988499
4221,0.0,42,True,0.7994924746237312
4222,0.0,53,True,0.7994449722486124
4223,0.0,14,True,0.7993974698734937
4224,0.0,63,True,0.799349967498375
4225,0.0,43,True,0.7993024651232562
4226,0.0,54,True,0.7992549627481375
4227,0.0,5,True,0.7992074603730186
4228,0.0,12,True,0.7991599579978999
4229,0.0,39,True,0.7991124556227811
4230,0.0,12,True,0.7990649532476624
4231,0.0,2,True,0.7990174508725436
4232,0.0,10,True,0.7989699484974249
4233,0.0,4,True,0.7989224461223061
4234,0.0,35,True,0.7988749437471874
4235,0.0,36,True,0.7988274413720686
4236,0.0,2,True,0.7987799389969499
4237,1.0,64,True,0.7987324366218311
4238,0.0,41,True,0.7986849342467124
4239,1.0,62,True,0.7986374318715936
4240,0.0,25,True,0.7985899294964749
4241,0.0,28,True,0.7985424271213561
4242,0.0,48,True,0.7984949247462373
4243,1.0,117,True,0.7984474223711185
4244,0.0,38,True,0.7983999199959998
4245,2.0,64,True,0.798352417620881
4246,0.0,11,True,0.7983049152457623
4247,0.0,24,True,0.7982574128706436
4248,1.0,47,True,0.7982099104955248
4249,0.0,48,True,0.798162408120406
4250,0.0,27,True,0.7981149057452873
4251,0.0,22,True,0.7980674033701685
4252,0.0,60,True,0.7980199009950497
4253,0.0,30,True,0.797972398619931
4254,0.0,17,True,0.7979248962448122
4255,0.0,14,True,0.7978773938696935
4256,0.0,60,True,0.7978298914945747
4257,0.0,23,True,0.797782389119456
4258,0.0,38,True,0.7977348867443372
4259,0.0,108,True,0.7976873843692185
4260,0.0,35,True,0.7976398819940997
4261,0.0,4,True,0.797592379618981
4262,0.0,42,True,0.7975448772438622
4263,0.0,46,True,0.7974973748687435
4264,0.0,8,True,0.7974498724936248
4265,0.0,24,True,0.7974023701185059
4266,0.0,62,True,0.7973548677433872
4267,0.0,6,True,0.7973073653682684
4268,0.0,38,True,0.7972598629931497
4269,0.0,93,True,0.7972123606180309
4270,0.0,8,True,0.7971648582429122
4271,0.0,40,True,0.7971173558677934
4272,0.0,45,True,0.7970698534926747
4273,1.0,87,True,0.7970223511175559
4274,0.0,4,True,0.7969748487424371
4275,1.0,114,True,0.7969273463673183
4276,0.0,3,True,0.7968798439921996
4277,0.0,33,True,0.7968323416170808
4278,0.0,5,True,0.7967848392419621
4279,0.0,5,True,0.7967373368668433
4280,0.0,71,True,0.7966898344917246
4281,0.0,38,True,0.7966423321166058
4282,0.0,10,True,0.7965948297414871
4283,0.0,72,True,0.7965473273663684
4284,0.0,11,True,0.7964998249912496
4285,0.0,9,True,0.7964523226161309
4286,0.0,35,True,0.7964048202410121
4287,0.0,34,True,0.7963573178658934
4288,0.0,62,True,0.7963098154907745
4289,0.0,82,True,0.7962623131156558
4290,0.0,11,True,0.796214810740537
4291,0.0,35,True,0.7961673083654183
4292,0.0,5,True,0.7961198059902995
4293,0.0,13,True,0.7960723036151808
4294,0.0,66,True,0.796024801240062
4295,0.0,46,True,0.7959772988649433
4296,0.0,8,True,0.7959297964898245
4297,0.0,20,True,0.7958822941147057
4298,0.0,14,True,0.7958347917395869
4299,2.0,88,True,0.7957872893644682
4300,0.0,7,True,0.7957397869893494
4301,0.0,4,True,0.7956922846142307
4302,0.0,73,True,0.795644782239112
4303,0.0,41,True,0.7955972798639932
4304,0.0,52,True,0.7955497774888745
4305,0.0,6,True,0.7955022751137557
4306,0.0,9,True,0.795454772738637
4307,0.0,8,True,0.7954072703635182
4308,0.0,9,True,0.7953597679883995
4309,0.0,36,True,0.7953122656132807
4310,0.0,19,True,0.795264763238162
4311,0.0,14,True,0.7952172608630432
4312,0.0,45,True,0.7951697584879244
4313,0.0,22,True,0.7951222561128056
4314,0.0,16,True,0.7950747537376869
4315,0.0,28,True,0.7950272513625681
4316,0.0,88,True,0.7949797489874494
4317,0.0,9,True,0.7949322466123306
4318,1.0,134,True,0.7948847442372119
4319,1.0,70,True,0.794837241862093
4320,0.0,3,True,0.7947897394869744
4321,0.0,2,True,0.7947422371118555
4322,0.0,119,True,0.7946947347367368
4323,0.0,6,True,0.794647232361618
4324,0.0,3,True,0.7945997299864993
4325,2.0,106,True,0.7945522276113806
4326,0.0,42,True,0.7945047252362618
4327,0.0,17,True,0.7944572228611431
4328,0.0,6,True,0.7944097204860243
4329,0.0,47,True,0.7943622181109056
4330,0.0,10,True,0.7943147157357868
4331,0.0,3,True,0.7942672133606681
4332,0.0,4,True,0.7942197109855493
4333,0.0,79,True,0.7941722086104306
4334,0.0,65,True,0.7941247062353118
4335,0.0,23,True,0.794077203860193
4336,0.0,4,True,0.7940297014850742
4337,0.0,7,True,0.7939821991099555
4338,0.0,27,True,0.7939346967348367
4339,0.0,56,True,0.793887194359718
4340,0.0,35,True,0.7938396919845992
4341,0.0,24,True,0.7937921896094805
4342,0.0,26,True,0.7937446872343618
4343,0.0,8,True,0.793697184859243
4344,0.0,89,True,0.7936496824841242
4345,0.0,4,True,0.7936021801090054
4346,0.0,36,True,0.7935546777338867
4347,0.0,22,True,0.7935071753587679
4348,0.0,43,True,0.7934596729836492
4349,1.0,65,True,0.7934121706085304
4350,0.0,21,True,0.7933646682334117
4351,1.0,75,True,0.7933171658582929
4352,2.0,250,False,0.7932696634831742
4353,0.0,86,True,0.7932221611080554
4354,0.0,4,True,0.7931746587329367
4355,0.0,22,True,0.7931271563578179
4356,1.0,59,True,0.7930796539826992
4357,0.0,93,True,0.7930321516075804
4358,0.0,9,True,0.7929846492324616
4359,0.0,26,True,0.7929371468573428
4360,0.0,6,True,0.7928896444822241
4361,0.0,25,True,0.7928421421071054
4362,0.0,6,True,0.7927946397319866
4363,0.0,7,True,0.7927471373568679
4364,0.0,5,True,0.7926996349817491
4365,0.0,19,True,0.7926521326066304
4366,0.0,40,True,0.7926046302315116
4367,0.0,86,True,0.7925571278563928
4368,0.0,3,True,0.792509625481274
4369,0.0,33,True,0.7924621231061553
4370,0.0,37,True,0.7924146207310365
4371,0.0,14,True,0.7923671183559178
4372,0.0,16,True,0.792319615980799
4373,0.0,4,True,0.7922721136056803
4374,0.0,6,True,0.7922246112305615
4375,0.0,2,True,0.7921771088554428
4376,0.0,8,True,0.792129606480324
4377,0.0,19,True,0.7920821041052053
4378,0.0,52,True,0.7920346017300866
4379,0.0,3,True,0.7919870993549678
4380,0.0,28,True,0.7919395969798491
4381,0.0,14,True,0.7918920946047303
4382,0.0,24,True,0.7918445922296116
4383,0.0,3,True,0.7917970898544927
4384,0.0,52,True,0.791749587479374
4385,0.0,74,True,0.7917020851042552
4386,0.0,85,True,0.7916545827291365
4387,0.0,14,True,0.7916070803540177
4388,0.0,10,True,0.791559577978899
4389,0.0,71,True,0.7915120756037802
4390,0.0,8,True,0.7914645732286615
4391,0.0,39,True,0.7914170708535426
4392,0.0,16,True,0.7913695684784239
4393,2.0,138,True,0.7913220661033051
4394,0.0,3,True,0.7912745637281864
4395,1.0,31,True,0.7912270613530676
4396,0.0,150,True,0.7911795589779489
4397,0.0,170,True,0.7911320566028301
4398,0.0,14,True,0.7910845542277114
4399,0.0,13,True,0.7910370518525927
4400,0.0,17,True,0.7909895494774739
4401,0.0,76,True,0.7909420471023552
4402,0.0,5,True,0.7908945447272364
4403,0.0,24,True,0.7908470423521177
4404,0.0,19,True,0.7907995399769989
4405,0.0,126,True,0.7907520376018801
4406,0.0,11,True,0.7907045352267613
4407,0.0,6,True,0.7906570328516426
4408,0.0,40,True,0.7906095304765238
4409,0.0,23,True,0.7905620281014051
4410,0.0,88,True,0.7905145257262863
4411,0.0,17,True,0.7904670233511676
4412,0.0,2,True,0.7904195209760488
4413,0.0,232,True,0.7903720186009301
4414,0.0,8,True,0.7903245162258112
4415,0.0,24,True,0.7902770138506925
4416,0.0,22,True,0.7902295114755737
4417,0.0,21,True,0.790182009100455
4418,0.0,7,True,0.7901345067253362
4419,0.0,16,True,0.7900870043502175
4420,0.0,6,True,0.7900395019750988
4421,0.0,40,True,0.78999199959998
4422,0.0,67,True,0.7899444972248613
4423,0.0,47,True,0.7898969948497425
4424,0.0,34,True,0.7898494924746238
4425,0.0,5,True,0.789801990099505
4426,0.0,93,True,0.7897544877243863
4427,0.0,15,True,0.7897069853492675
4428,0.0,9,True,0.7896594829741487
4429,0.0,12,True,0.78961198059903
4430,0.0,5,True,0.7895644782239112
4431,0.0,31,True,0.7895169758487924
4432,0.0,44,True,0.7894694734736737
4433,0.0,3,True,0.7894219710985549
4434,1.0,71,True,0.7893744687234362
4435,0.0,8,True,0.7893269663483174
4436,0.0,73,True,0.7892794639731987
4437,0.0,5,True,0.7892319615980798
4438,0.0,23,True,0.7891844592229612
4439,0.0,2,True,0.7891369568478424
4440,0.0,82,True,0.7890894544727236
4441,1.0,54,True,0.7890419520976049
4442,0.0,9,True,0.7889944497224861
4443,0.0,18,True,0.7889469473473674
4444,0.0,39,True,0.7888994449722486
4445,0.0,2,True,0.7888519425971299
4446,0.0,5,True,0.7888044402220111
4447,0.0,26,True,0.7887569378468924
4448,0.0,6,True,0.7887094354717736
4449,0.0,8,True,0.7886619330966549
4450,1.0,78,True,0.7886144307215361
4451,1.0,139,True,0.7885669283464174
4452,0.0,10,True,0.7885194259712986
4453,0.0,19,True,0.7884719235961798
4454,0.0,9,True,0.788424421221061
4455,0.0,6,True,0.7883769188459423
4456,2.0,107,True,0.7883294164708236
4457,0.0,122,True,0.7882819140957048
4458,0.0,33,True,0.7882344117205861
4459,0.0,35,True,0.7881869093454673
4460,0.0,2,True,0.7881394069703486
4461,0.0,16,True,0.7880919045952297
4462,0.0,38,True,0.788044402220111
4463,0.0,15,True,0.7879968998449922
4464,0.0,8,True,0.7879493974698735
4465,1.0,65,True,0.7879018950947547
4466,2.0,62,True,0.787854392719636
4467,0.0,9,True,0.7878068903445172
4468,0.0,37,True,0.7877593879693985
4469,0.0,13,True,0.7877118855942797
4470,0.0,29,True,0.787664383219161
4471,0.0,3,True,0.7876168808440422
4472,0.0,17,True,0.7875693784689235
4473,0.0,26,True,0.7875218760938048
4474,0.0,34,True,0.787474373718686
4475,0.0,17,True,0.7874268713435671
4476,0.0,40,True,0.7873793689684484
4477,0.0,31,True,0.7873318665933297
4478,0.0,24,True,0.7872843642182109
4479,0.0,4,True,0.7872368618430922
4480,0.0,3,True,0.7871893594679734
4481,0.0,10,True,0.7871418570928547
4482,0.0,7,True,0.7870943547177359
4483,0.0,3,True,0.7870468523426172
4484,2.0,77,True,0.7869993499674983
4485,0.0,7,True,0.7869518475923796
4486,0.0,24,True,0.7869043452172608
4487,0.0,34,True,0.7868568428421421
4488,0.0,3,True,0.7868093404670233
4489,0.0,10,True,0.7867618380919046
4490,0.0,21,True,0.7867143357167858
4491,2.0,64,True,0.7866668333416671
4492,0.0,8,True,0.7866193309665483
4493,0.0,28,True,0.7865718285914296
4494,0.0,4,True,0.7865243262163109
4495,0.0,8,True,0.7864768238411921
4496,2.0,96,True,0.7864293214660734
4497,0.0,10,True,0.7863818190909546
4498,0.0,2,True,0.7863343167158358
4499,0.0,27,True,0.7862868143407171
4500,0.0,2,True,0.7862393119655983
4501,2.0,77,True,0.7861918095904795
4502,0.0,44,True,0.7861443072153608
4503,0.0,22,True,0.786096804840242
4504,0.0,20,True,0.7860493024651233
4505,0.0,32,True,0.7860018000900045
4506,0.0,116,True,0.7859542977148858
4507,0.0,4,True,0.7859067953397669
4508,0.0,8,True,0.7858592929646483
4509,0.0,15,True,0.7858117905895294
4510,0.0,23,True,0.7857642882144107
4511,2.0,71,True,0.7857167858392919
4512,0.0,3,True,0.7856692834641732
4513,2.0,55,True,0.7856217810890544
4514,0.0,51,True,0.7855742787139357
4515,0.0,25,True,0.785526776338817
4516,2.0,123,True,0.7854792739636982
4517,0.0,13,True,0.7854317715885795
4518,0.0,6,True,0.7853842692134607
4519,0.0,154,True,0.785336766838342
4520,0.0,49,True,0.7852892644632232
4521,0.0,31,True,0.7852417620881045
4522,0.0,6,True,0.7851942597129857
4523,0.0,20,True,0.7851467573378669
4524,0.0,71,True,0.7850992549627481
4525,0.0,25,True,0.7850517525876294
4526,0.0,6,True,0.7850042502125106
4527,2.0,149,True,0.7849567478373919
4528,0.0,6,True,0.7849092454622731
4529,0.0,25,True,0.7848617430871544
4530,0.0,8,True,0.7848142407120356
4531,0.0,87,True,0.7847667383369168
4532,0.0,18,True,0.784719235961798
4533,0.0,10,True,0.7846717335866793
4534,1.0,99,True,0.7846242312115606
4535,0.0,17,True,0.7845767288364418
4536,1.0,42,True,0.7845292264613231
4537,0.0,3,True,0.7844817240862043
4538,0.0,6,True,0.7844342217110856
4539,1.0,89,True,0.7843867193359668
4540,0.0,16,True,0.7843392169608481
4541,0.0,51,True,0.7842917145857293
4542,0.0,42,True,0.7842442122106106
4543,0.0,2,True,0.7841967098354918
4544,0.0,43,True,0.7841492074603731
4545,0.0,32,True,0.7841017050852542
4546,0.0,10,True,0.7840542027101355
4547,0.0,43,True,0.7840067003350167
4548,0.0,13,True,0.783959197959898
4549,0.0,68,True,0.7839116955847792
4550,0.0,9,True,0.7838641932096605
4551,0.0,19,True,0.7838166908345418
4552,0.0,44,True,0.783769188459423
4553,0.0,18,True,0.7837216860843043
4554,0.0,30,True,0.7836741837091854
4555,0.0,30,True,0.7836266813340667
4556,2.0,122,True,0.7835791789589479
4557,0.0,85,True,0.7835316765838292
4558,0.0,26,True,0.7834841742087104
4559,0.0,80,True,0.7834366718335917
4560,0.0,124,True,0.7833891694584729
4561,0.0,10,True,0.7833416670833542
4562,0.0,7,True,0.7832941647082354
4563,0.0,58,True,0.7832466623331167
4564,0.0,15,True,0.7831991599579979
4565,0.0,8,True,0.7831516575828792
4566,0.0,5,True,0.7831041552077604
4567,0.0,15,True,0.7830566528326417
4568,1.0,83,True,0.7830091504575228
4569,0.0,155,True,0.7829616480824042
4570,0.0,21,True,0.7829141457072853
4571,0.0,6,True,0.7828666433321666
4572,1.0,80,True,0.7828191409570479
4573,0.0,5,True,0.7827716385819291
4574,0.0,12,True,0.7827241362068104
4575,2.0,73,True,0.7826766338316916
4576,0.0,12,True,0.7826291314565729
4577,0.0,8,True,0.782581629081454
4578,0.0,20,True,0.7825341267063354
4579,1.0,70,True,0.7824866243312165
4580,0.0,22,True,0.7824391219560978
4581,0.0,21,True,0.782391619580979
4582,0.0,12,True,0.7823441172058603
4583,0.0,3,True,0.7822966148307415
4584,0.0,36,True,0.7822491124556228
4585,0.0,5,True,0.782201610080504
4586,0.0,16,True,0.7821541077053853
4587,1.0,77,True,0.7821066053302665
4588,2.0,240,True,0.7820591029551478
4589,0.0,3,True,0.782011600580029
4590,0.0,106,True,0.7819640982049103
4591,0.0,10,True,0.7819165958297916
4592,0.0,54,True,0.7818690934546728
4593,0.0,110,True,0.781821591079554
4594,0.0,11,True,0.7817740887044352
4595,0.0,33,True,0.7817265863293165
4596,0.0,24,True,0.7816790839541977
4597,0.0,2,True,0.781631581579079
4598,0.0,14,True,0.7815840792039602
4599,1.0,86,True,0.7815365768288415
4600,0.0,7,True,0.7814890744537227
4601,0.0,8,True,0.781441572078604
4602,2.0,152,True,0.7813940697034851
4603,0.0,70,True,0.7813465673283664
4604,0.0,54,True,0.7812990649532476
4605,0.0,9,True,0.7812515625781289
4606,0.0,16,True,0.7812040602030101
4607,0.0,19,True,0.7811565578278914
4608,0.0,38,True,0.7811090554527726
4609,0.0,10,True,0.7810615530776539
4610,0.0,14,True,0.7810140507025352
4611,0.0,41,True,0.7809665483274164
4612,0.0,6,True,0.7809190459522977
4613,0.0,53,True,0.7808715435771789
4614,0.0,14,True,0.7808240412020602
4615,0.0,11,True,0.7807765388269414
4616,0.0,17,True,0.7807290364518226
4617,0.0,14,True,0.7806815340767038
4618,0.0,6,True,0.7806340317015851
4619,0.0,6,True,0.7805865293264663
4620,0.0,24,True,0.7805390269513476
4621,0.0,29,True,0.7804915245762288
4622,0.0,24,True,0.7804440222011101
4623,0.0,27,True,0.7803965198259913
4624,0.0,38,True,0.7803490174508725
4625,1.0,62,True,0.7803015150757537
4626,0.0,19,True,0.780254012700635
4627,0.0,6,True,0.7802065103255162
4628,0.0,25,True,0.7801590079503975
4629,0.0,35,True,0.7801115055752788
4630,0.0,77,True,0.78006400320016
4631,0.0,23,True,0.7800165008250413
4632,0.0,46,True,0.7799689984499225
4633,0.0,88,True,0.7799214960748038
4634,0.0,4,True,0.779873993699685
4635,0.0,37,True,0.7798264913245663
4636,1.0,119,True,0.7797789889494475
4637,0.0,3,True,0.7797314865743288
4638,0.0,9,True,0.7796839841992099
4639,0.0,47,True,0.7796364818240913
4640,0.0,29,True,0.7795889794489724
4641,0.0,53,True,0.7795414770738537
4642,0.0,69,True,0.7794939746987349
4643,0.0,6,True,0.7794464723236162
4644,0.0,27,True,0.7793989699484974
4645,0.0,3,True,0.7793514675733787
4646,0.0,9,True,0.77930396519826
4647,0.0,7,True,0.7792564628231411
4648,3.0,166,False,0.7792089604480225
4649,0.0,19,True,0.7791614580729036
4650,0.0,15,True,0.7791139556977849
4651,3.0,152,False,0.7790664533226661
4652,0.0,6,True,0.7790189509475474
4653,0.0,99,True,0.7789714485724286
4654,0.0,34,True,0.7789239461973099
4655,0.0,62,True,0.7788764438221911
4656,0.0,20,True,0.7788289414470724
4657,1.0,104,True,0.7787814390719536
4658,0.0,80,True,0.7787339366968349
4659,0.0,12,True,0.7786864343217161
4660,0.0,34,True,0.7786389319465974
4661,0.0,26,True,0.7785914295714786
4662,0.0,13,True,0.7785439271963599
4663,0.0,22,True,0.778496424821241
4664,0.0,10,True,0.7784489224461223
4665,0.0,6,True,0.7784014200710035
4666,0.0,2,True,0.7783539176958848
4667,0.0,15,True,0.778306415320766
4668,0.0,17,True,0.7782589129456473
4669,0.0,91,True,0.7782114105705286
4670,0.0,14,True,0.7781639081954098
4671,0.0,8,True,0.7781164058202911
4672,0.0,45,True,0.7780689034451722
4673,0.0,15,True,0.7780214010700535
4674,0.0,25,True,0.7779738986949347
4675,0.0,32,True,0.777926396319816
4676,0.0,2,True,0.7778788939446972
4677,0.0,9,True,0.7778313915695785
4678,0.0,4,True,0.7777838891944597
4679,0.0,25,True,0.777736386819341
4680,0.0,11,True,0.7776888844442222
4681,0.0,11,True,0.7776413820691035
4682,0.0,3,True,0.7775938796939847
4683,0.0,16,True,0.777546377318866
4684,0.0,39,True,0.7774988749437473
4685,1.0,139,True,0.7774513725686285
4686,2.0,72,True,0.7774038701935096
4687,0.0,37,True,0.7773563678183909
4688,0.0,41,True,0.7773088654432722
4689,0.0,20,True,0.7772613630681534
4690,0.0,16,True,0.7772138606930347
4691,0.0,20,True,0.7771663583179159
4692,0.0,9,True,0.7771188559427972
4693,0.0,159,True,0.7770713535676784
4694,0.0,18,True,0.7770238511925596
4695,2.0,64,True,0.7769763488174408
4696,0.0,19,True,0.7769288464423221
4697,0.0,37,True,0.7768813440672033
4698,0.0,110,True,0.7768338416920846
4699,0.0,9,True,0.7767863393169658
4700,2.0,93,True,0.7767388369418471
4701,1.0,128,True,0.7766913345667283
4702,0.0,13,True,0.7766438321916096
4703,0.0,34,True,0.7765963298164908
4704,0.0,3,True,0.7765488274413721
4705,0.0,11,True,0.7765013250662534
4706,0.0,71,True,0.7764538226911346
4707,0.0,5,True,0.7764063203160159
4708,0.0,129,True,0.776358817940897
4709,0.0,61,True,0.7763113155657784
4710,2.0,77,True,0.7762638131906595
4711,0.0,7,True,0.7762163108155408
4712,0.0,7,True,0.776168808440422
4713,0.0,32,True,0.7761213060653033
4714,0.0,70,True,0.7760738036901845
4715,0.0,22,True,0.7760263013150658
4716,0.0,55,True,0.775978798939947
4717,0.0,15,True,0.7759312965648282
4718,0.0,31,True,0.7758837941897095
4719,0.0,150,True,0.7758362918145907
4720,0.0,41,True,0.7757887894394719
4721,0.0,19,True,0.7757412870643532
4722,0.0,33,True,0.7756937846892344
4723,0.0,16,True,0.7756462823141157
4724,0.0,40,True,0.775598779938997
4725,2.0,91,True,0.7755512775638782
4726,0.0,25,True,0.7755037751887595
4727,0.0,65,True,0.7754562728136407
4728,0.0,18,True,0.775408770438522
4729,0.0,67,True,0.7753612680634032
4730,0.0,13,True,0.7753137656882845
4731,0.0,16,True,0.7752662633131657
4732,0.0,16,True,0.775218760938047
4733,0.0,22,True,0.7751712585629281
4734,0.0,4,True,0.7751237561878094
4735,0.0,36,True,0.7750762538126906
4736,0.0,12,True,0.7750287514375719
4737,1.0,73,True,0.7749812490624531
4738,0.0,68,True,0.7749337466873344
4739,0.0,45,True,0.7748862443122156
4740,0.0,9,True,0.7748387419370969
4741,0.0,73,True,0.7747912395619782
4742,0.0,12,True,0.7747437371868593
4743,0.0,25,True,0.7746962348117405
4744,0.0,52,True,0.7746487324366218
4745,0.0,21,True,0.774601230061503
4746,0.0,73,True,0.7745537276863843
4747,0.0,25,True,0.7745062253112656
4748,0.0,78,True,0.7744587229361468
4749,0.0,16,True,0.7744112205610281
4750,0.0,16,True,0.7743637181859093
4751,0.0,11,True,0.7743162158107906
4752,0.0,15,True,0.7742687134356718
4753,0.0,60,True,0.7742212110605531
4754,0.0,18,True,0.7741737086854343
4755,0.0,61,True,0.7741262063103156
4756,0.0,8,True,0.7740787039351967
4757,0.0,74,True,0.774031201560078
4758,0.0,11,True,0.7739836991849592
4759,0.0,10,True,0.7739361968098405
4760,0.0,54,True,0.7738886944347217
4761,0.0,48,True,0.773841192059603
4762,0.0,10,True,0.7737936896844843
4763,2.0,229,True,0.7737461873093655
4764,0.0,15,True,0.7736986849342468
4765,0.0,44,True,0.7736511825591279
4766,0.0,32,True,0.7736036801840092
4767,0.0,6,True,0.7735561778088904
4768,0.0,25,True,0.7735086754337717
4769,0.0,15,True,0.7734611730586529
4770,0.0,80,True,0.7734136706835342
4771,0.0,26,True,0.7733661683084154
4772,0.0,24,True,0.7733186659332967
4773,0.0,6,True,0.7732711635581779
4774,0.0,69,True,0.7732236611830592
4775,0.0,2,True,0.7731761588079404
4776,0.0,41,True,0.7731286564328217
4777,0.0,15,True,0.773081154057703
4778,1.0,170,True,0.7730336516825842
4779,1.0,74,True,0.7729861493074655
4780,0.0,14,True,0.7729386469323466
4781,0.0,7,True,0.7728911445572278
4782,0.0,18,True,0.7728436421821091
4783,0.0,6,True,0.7727961398069904
4784,0.0,54,True,0.7727486374318716
4785,0.0,81,True,0.7727011350567529
4786,0.0,62,True,0.7726536326816341
4787,0.0,8,True,0.7726061303065153
4788,0.0,11,True,0.7725586279313966
4789,2.0,137,True,0.7725111255562778
4790,0.0,73,True,0.772463623181159
4791,0.0,35,True,0.7724161208060403
4792,2.0,199,True,0.7723686184309215
4793,0.0,12,True,0.7723211160558028
4794,0.0,36,True,0.772273613680684
4795,0.0,34,True,0.7722261113055653
4796,0.0,45,True,0.7721786089304465
4797,0.0,12,True,0.7721311065553278
4798,0.0,12,True,0.772083604180209
4799,1.0,135,True,0.7720361018050903
4800,0.0,22,True,0.7719885994299716
4801,0.0,14,True,0.7719410970548528
4802,0.0,5,True,0.7718935946797341
4803,0.0,6,True,0.7718460923046152
4804,0.0,12,True,0.7717985899294965
4805,0.0,6,True,0.7717510875543777
4806,0.0,14,True,0.771703585179259
4807,0.0,121,True,0.7716560828041402
4808,0.0,72,True,0.7716085804290215
4809,0.0,65,True,0.7715610780539027
4810,0.0,19,True,0.771513575678784
4811,0.0,72,True,0.7714660733036652
4812,0.0,11,True,0.7714185709285464
4813,1.0,141,True,0.7713710685534276
4814,1.0,103,True,0.7713235661783089
4815,0.0,13,True,0.7712760638031901
4816,0.0,62,True,0.7712285614280714
4817,0.0,11,True,0.7711810590529526
4818,1.0,92,True,0.7711335566778339
4819,0.0,7,True,0.7710860543027152
4820,0.0,9,True,0.7710385519275964
4821,1.0,71,True,0.7709910495524777
4822,1.0,59,True,0.7709435471773589
4823,0.0,12,True,0.7708960448022402
4824,0.0,8,True,0.7708485424271214
4825,0.0,8,True,0.7708010400520027
4826,0.0,25,True,0.7707535376768838
4827,2.0,110,True,0.7707060353017651
4828,0.0,16,True,0.7706585329266463
4829,0.0,3,True,0.7706110305515276
4830,0.0,3,True,0.7705635281764088
4831,0.0,3,True,0.7705160258012901
4832,0.0,42,True,0.7704685234261713
4833,0.0,7,True,0.7704210210510526
4834,0.0,65,True,0.7703735186759338
4835,1.0,72,True,0.770326016300815
4836,0.0,14,True,0.7702785139256962
4837,0.0,13,True,0.7702310115505775
4838,1.0,100,True,0.7701835091754587
4839,0.0,23,True,0.77013600680034
4840,0.0,48,True,0.7700885044252213
4841,0.0,13,True,0.7700410020501025
4842,0.0,35,True,0.7699934996749838
4843,0.0,19,True,0.769945997299865
4844,0.0,109,True,0.7698984949247463
4845,0.0,32,True,0.7698509925496275
4846,0.0,11,True,0.7698034901745088
4847,0.0,29,True,0.76975598779939
4848,1.0,108,True,0.7697084854242713
4849,0.0,56,True,0.7696609830491525
4850,0.0,37,True,0.7696134806740337
4851,0.0,11,True,0.7695659782989149
4852,0.0,46,True,0.7695184759237962
4853,0.0,4,True,0.7694709735486774
4854,0.0,8,True,0.7694234711735587
4855,0.0,23,True,0.76937596879844
4856,1.0,107,True,0.7693284664233212
4857,0.0,18,True,0.7692809640482023
4858,0.0,14,True,0.7692334616730837
4859,0.0,49,True,0.7691859592979648
4860,0.0,123,True,0.7691384569228461
4861,0.0,15,True,0.7690909545477274
4862,0.0,23,True,0.7690434521726086
4863,0.0,30,True,0.7689959497974899
4864,1.0,171,True,0.7689484474223711
4865,0.0,46,True,0.7689009450472524
4866,1.0,113,True,0.7688534426721336
4867,0.0,57,True,0.7688059402970149
4868,1.0,35,True,0.7687584379218961
4869,0.0,18,True,0.7687109355467774
4870,0.0,64,True,0.7686634331716586
4871,1.0,99,True,0.7686159307965399
4872,0.0,4,True,0.7685684284214211
4873,0.0,10,True,0.7685209260463023
4874,0.0,4,True,0.7684734236711835
4875,0.0,5,True,0.7684259212960648
4876,0.0,17,True,0.768378418920946
4877,0.0,11,True,0.7683309165458273
4878,2.0,145,True,0.7682834141707086
4879,0.0,18,True,0.7682359117955898
4880,0.0,47,True,0.7681884094204711
4881,0.0,2,True,0.7681409070453523
4882,0.0,66,True,0.7680934046702335
4883,0.0,53,True,0.7680459022951147
4884,0.0,18,True,0.767998399919996
4885,0.0,41,True,0.7679508975448772
4886,0.0,8,True,0.7679033951697585
4887,0.0,6,True,0.7678558927946397
4888,0.0,7,True,0.767808390419521
4889,2.0,185,True,0.7677608880444022
4890,1.0,68,True,0.7677133856692835
4891,0.0,50,True,0.7676658832941647
4892,0.0,10,True,0.767618380919046
4893,0.0,54,True,0.7675708785439272
4894,0.0,52,True,0.7675233761688085
4895,0.0,43,True,0.7674758737936898
4896,0.0,26,True,0.7674283714185709
4897,0.0,46,True,0.7673808690434522
4898,0.0,5,True,0.7673333666683334
4899,0.0,32,True,0.7672858642932147
4900,0.0,59,True,0.7672383619180959
4901,0.0,3,True,0.7671908595429772
4902,0.0,22,True,0.7671433571678584
4903,0.0,10,True,0.7670958547927397
4904,0.0,3,True,0.7670483524176209
4905,1.0,62,True,0.7670008500425021
4906,0.0,8,True,0.7669533476673833
4907,0.0,48,True,0.7669058452922646
4908,0.0,38,True,0.7668583429171458
4909,0.0,44,True,0.7668108405420271
4910,0.0,10,True,0.7667633381669083
4911,0.0,59,True,0.7667158357917896
4912,0.0,11,True,0.7666683334166708
4913,0.0,24,True,0.7666208310415521
4914,0.0,26,True,0.7665733286664334
4915,0.0,16,True,0.7665258262913146
4916,0.0,20,True,0.7664783239161959
4917,0.0,22,True,0.7664308215410771
4918,0.0,17,True,0.7663833191659584
4919,0.0,51,True,0.7663358167908396
4920,1.0,58,True,0.7662883144157209
4921,0.0,14,True,0.766240812040602
4922,0.0,22,True,0.7661933096654833
4923,0.0,109,True,0.7661458072903645
4924,0.0,62,True,0.7660983049152458
4925,0.0,12,True,0.766050802540127
4926,0.0,10,True,0.7660033001650083
4927,0.0,10,True,0.7659557977898895
4928,0.0,92,True,0.7659082954147708
4929,0.0,31,True,0.7658607930396519
4930,0.0,22,True,0.7658132906645332
4931,0.0,10,True,0.7657657882894144
4932,0.0,9,True,0.7657182859142957
4933,0.0,137,True,0.765670783539177
4934,0.0,8,True,0.7656232811640582
4935,0.0,44,True,0.7655757787889395
4936,0.0,26,True,0.7655282764138207
4937,0.0,80,True,0.765480774038702
4938,0.0,5,True,0.7654332716635832
4939,0.0,29,True,0.7653857692884645
4940,0.0,50,True,0.7653382669133457
4941,0.0,3,True,0.765290764538227
4942,0.0,17,True,0.7652432621631082
4943,0.0,77,True,0.7651957597879894
4944,0.0,4,True,0.7651482574128706
4945,0.0,77,True,0.7651007550377519
4946,0.0,43,True,0.7650532526626331
4947,0.0,30,True,0.7650057502875144
4948,1.0,83,True,0.7649582479123956
4949,0.0,34,True,0.7649107455372769
4950,0.0,6,True,0.7648632431621581
4951,0.0,57,True,0.7648157407870394
4952,0.0,4,True,0.7647682384119205
4953,0.0,111,True,0.7647207360368018
4954,0.0,24,True,0.764673233661683
4955,0.0,28,True,0.7646257312865643
4956,0.0,2,True,0.7645782289114456
4957,0.0,17,True,0.7645307265363268
4958,0.0,14,True,0.7644832241612081
4959,0.0,28,True,0.7644357217860893
4960,0.0,17,True,0.7643882194109706
4961,0.0,7,True,0.7643407170358518
4962,2.0,123,True,0.7642932146607331
4963,0.0,27,True,0.7642457122856143
4964,0.0,13,True,0.7641982099104956
4965,0.0,41,True,0.7641507075353768
4966,0.0,42,True,0.764103205160258
4967,0.0,58,True,0.7640557027851392
4968,0.0,71,True,0.7640082004100205
4969,0.0,48,True,0.7639606980349017
4970,1.0,67,True,0.763913195659783
4971,0.0,3,True,0.7638656932846642
4972,1.0,71,True,0.7638181909095455
4973,0.0,11,True,0.7637706885344268
4974,1.0,127,True,0.763723186159308
4975,0.0,19,True,0.7636756837841892
4976,0.0,47,True,0.7636281814090705
4977,0.0,68,True,0.7635806790339517
4978,0.0,7,True,0.7635331766588329
4979,0.0,8,True,0.7634856742837142
4980,0.0,6,True,0.7634381719085954
4981,0.0,16,True,0.7633906695334767
4982,0.0,2,True,0.7633431671583579
4983,0.0,86,True,0.7632956647832392
4984,0.0,76,True,0.7632481624081204
4985,0.0,25,True,0.7632006600330017
4986,0.0,85,True,0.7631531576578829
4987,0.0,61,True,0.7631056552827642
4988,0.0,93,True,0.7630581529076454
4989,1.0,61,True,0.7630106505325267
4990,0.0,5,True,0.762963148157408
4991,0.0,10,True,0.7629156457822891
4992,1.0,106,True,0.7628681434071704
4993,0.0,235,True,0.7628206410320516
4994,0.0,51,True,0.7627731386569329
4995,0.0,49,True,0.7627256362818141
4996,0.0,99,True,0.7626781339066954
4997,1.0,136,True,0.7626306315315766
4998,0.0,84,True,0.7625831291564579
4999,0.0,30,True,0.762535626781339
5000,1.0,56,True,0.7624881244062203
5001,0.0,28,True,0.7624406220311015
5002,0.0,9,True,0.7623931196559828
5003,0.0,17,True,0.762345617280864
5004,0.0,10,True,0.7622981149057453
5005,0.0,5,True,0.7622506125306265
5006,0.0,15,True,0.7622031101555078
5007,0.0,103,True,0.762155607780389
5008,0.0,5,True,0.7621081054052703
5009,0.0,15,True,0.7620606030301516
5010,0.0,27,True,0.7620131006550328
5011,0.0,36,True,0.7619655982799141
5012,3.0,122,False,0.7619180959047953
5013,0.0,10,True,0.7618705935296766
5014,0.0,41,True,0.7618230911545577
5015,0.0,50,True,0.761775588779439
5016,0.0,4,True,0.7617280864043202
5017,0.0,3,True,0.7616805840292015
5018,0.0,87,True,0.7616330816540827
5019,1.0,57,True,0.761585579278964
5020,1.0,57,True,0.7615380769038452
5021,0.0,24,True,0.7614905745287264
5022,0.0,62,True,0.7614430721536076
5023,0.0,21,True,0.7613955697784889
5024,2.0,64,True,0.7613480674033702
5025,0.0,11,True,0.7613005650282514
5026,0.0,17,True,0.7612530626531326
5027,1.0,100,True,0.7612055602780139
5028,1.0,77,True,0.7611580579028951
5029,0.0,5,True,0.7611105555277764
5030,1.0,101,True,0.7610630531526577
5031,0.0,18,True,0.7610155507775389
5032,0.0,9,True,0.7609680484024202
5033,0.0,35,True,0.7609205460273014
5034,0.0,34,True,0.7608730436521827
5035,0.0,4,True,0.7608255412770638
5036,0.0,23,True,0.7607780389019451
5037,1.0,110,True,0.7607305365268264
5038,0.0,33,True,0.7606830341517077
5039,0.0,14,True,0.7606355317765888
5040,0.0,18,True,0.7605880294014701
5041,0.0,22,True,0.7605405270263513
5042,0.0,33,True,0.7604930246512326
5043,0.0,3,True,0.7604455222761138
5044,0.0,33,True,0.7603980199009951
5045,0.0,82,True,0.7603505175258763
5046,0.0,17,True,0.7603030151507575
5047,0.0,73,True,0.7602555127756387
5048,0.0,7,True,0.76020801040052
5049,0.0,9,True,0.7601605080254012
5050,0.0,9,True,0.7601130056502825
5051,0.0,82,True,0.7600655032751638
5052,0.0,31,True,0.760018000900045
5053,0.0,21,True,0.7599704985249263
5054,0.0,37,True,0.7599229961498075
5055,0.0,50,True,0.7598754937746888
5056,0.0,4,True,0.75982799139957
5057,2.0,116,True,0.7597804890244513
5058,0.0,22,True,0.7597329866493325
5059,0.0,51,True,0.7596854842742138
5060,0.0,13,True,0.7596379818990949
5061,1.0,100,True,0.7595904795239762
5062,0.0,10,True,0.7595429771488574
5063,0.0,10,True,0.7594954747737387
5064,0.0,8,True,0.7594479723986199
5065,0.0,21,True,0.7594004700235012
5066,0.0,33,True,0.7593529676483824
5067,0.0,22,True,0.7593054652732636
5068,1.0,44,True,0.759257962898145
5069,0.0,35,True,0.7592104605230262
5070,0.0,119,True,0.7591629581479074
5071,0.0,16,True,0.7591154557727886
5072,0.0,11,True,0.7590679533976699
5073,0.0,80,True,0.7590204510225511
5074,0.0,8,True,0.7589729486474324
5075,0.0,27,True,0.7589254462723136
5076,0.0,28,True,0.7588779438971949
5077,0.0,72,True,0.7588304415220761
5078,0.0,28,True,0.7587829391469574
5079,0.0,6,True,0.7587354367718386
5080,0.0,106,True,0.7586879343967199
5081,0.0,6,True,0.7586404320216011
5082,0.0,57,True,0.7585929296464824
5083,1.0,49,True,0.7585454272713636
5084,0.0,4,True,0.7584979248962448
5085,2.0,198,True,0.758450422521126
5086,0.0,45,True,0.7584029201460073
5087,0.0,15,True,0.7583554177708886
5088,0.0,24,True,0.7583079153957698
5089,0.0,75,True,0.7582604130206511
5090,1.0,105,True,0.7582129106455323
5091,0.0,8,True,0.7581654082704135
5092,0.0,6,True,0.7581179058952947
5093,0.0,10,True,0.758070403520176
5094,0.0,9,True,0.7580229011450573
5095,1.0,145,True,0.7579753987699385
5096,0.0,15,True,0.7579278963948197
5097,0.0,51,True,0.757880394019701
5098,0.0,4,True,0.7578328916445822
5099,0.0,20,True,0.7577853892694635
5100,0.0,75,True,0.7577378868943447
5101,0.0,5,True,0.757690384519226
5102,0.0,41,True,0.7576428821441072
5103,0.0,12,True,0.7575953797689885
5104,0.0,14,True,0.7575478773938698
5105,0.0,43,True,0.7575003750187509
5106,0.0,21,True,0.7574528726436321
5107,0.0,128,True,0.7574053702685135
5108,0.0,24,True,0.7573578678933948
5109,0.0,14,True,0.7573103655182759
5110,0.0,19,True,0.7572628631431572
5111,0.0,9,True,0.7572153607680384
5112,0.0,26,True,0.7571678583929197
5113,0.0,17,True,0.7571203560178009
5114,0.0,41,True,0.7570728536426822
5115,0.0,21,True,0.7570253512675634
5116,0.0,10,True,0.7569778488924446
5117,0.0,21,True,0.7569303465173258
5118,1.0,42,True,0.7568828441422071
5119,0.0,19,True,0.7568353417670883
5120,0.0,3,True,0.7567878393919696
5121,0.0,12,True,0.7567403370168508
5122,0.0,13,True,0.7566928346417321
5123,0.0,19,True,0.7566453322666133
5124,0.0,2,True,0.7565978298914946
5125,0.0,12,True,0.7565503275163759
5126,0.0,27,True,0.7565028251412571
5127,0.0,53,True,0.7564553227661384
5128,2.0,141,True,0.7564078203910196
5129,0.0,11,True,0.7563603180159009
5130,0.0,14,True,0.756312815640782
5131,0.0,82,True,0.7562653132656633
5132,0.0,15,True,0.7562178108905445
5133,0.0,79,True,0.7561703085154258
5134,0.0,165,True,0.756122806140307
5135,0.0,2,True,0.7560753037651883
5136,0.0,8,True,0.7560278013900695
5137,0.0,25,True,0.7559802990149507
5138,0.0,14,True,0.755932796639832
5139,0.0,51,True,0.7558852942647133
5140,0.0,3,True,0.7558377918895944
5141,0.0,17,True,0.7557902895144757
5142,0.0,50,True,0.7557427871393569
5143,0.0,36,True,0.7556952847642382
5144,0.0,8,True,0.7556477823891194
5145,1.0,250,False,0.7556002800140007
5146,0.0,9,True,0.755552777638882
5147,0.0,9,True,0.7555052752637632
5148,0.0,33,True,0.7554577728886445
5149,0.0,138,True,0.7554102705135257
5150,0.0,6,True,0.755362768138407
5151,0.0,25,True,0.7553152657632882
5152,0.0,23,True,0.7552677633881695
5153,0.0,93,True,0.7552202610130507
5154,0.0,27,True,0.7551727586379319
5155,0.0,22,True,0.7551252562628131
5156,0.0,45,True,0.7550777538876944
5157,0.0,18,True,0.7550302515125756
5158,0.0,55,True,0.7549827491374569
5159,0.0,33,True,0.7549352467623381
5160,0.0,59,True,0.7548877443872194
5161,2.0,198,True,0.7548402420121005
5162,0.0,53,True,0.7547927396369818
5163,0.0,8,True,0.754745237261863
5164,0.0,3,True,0.7546977348867444
5165,0.0,12,True,0.7546502325116256
5166,0.0,8,True,0.7546027301365068
5167,0.0,16,True,0.7545552277613881
5168,0.0,3,True,0.7545077253862693
5169,0.0,70,True,0.7544602230111506
5170,3.0,173,False,0.7544127206360318
5171,0.0,12,True,0.7543652182609131
5172,0.0,82,True,0.7543177158857943
5173,1.0,154,True,0.7542702135106756
5174,1.0,40,True,0.7542227111355568
5175,0.0,70,True,0.754175208760438
5176,0.0,10,True,0.7541277063853192
5177,0.0,72,True,0.7540802040102006
5178,0.0,35,True,0.7540327016350818
5179,2.0,110,True,0.753985199259963
5180,0.0,59,True,0.7539376968848442
5181,0.0,54,True,0.7538901945097255
5182,0.0,43,True,0.7538426921346068
5183,0.0,56,True,0.753795189759488
5184,0.0,26,True,0.7537476873843693
5185,0.0,44,True,0.7537001850092505
5186,0.0,8,True,0.7536526826341317
5187,0.0,3,True,0.7536051802590129
5188,0.0,4,True,0.7535576778838942
5189,2.0,126,True,0.7535101755087754
5190,0.0,9,True,0.7534626731336567
5191,0.0,5,True,0.7534151707585379
5192,0.0,43,True,0.7533676683834192
5193,2.0,138,True,0.7533201660083004
5194,0.0,124,True,0.7532726636331817
5195,0.0,10,True,0.7532251612580629
5196,0.0,87,True,0.7531776588829442
5197,0.0,18,True,0.7531301565078254
5198,0.0,3,True,0.7530826541327067
5199,0.0,35,True,0.753035151757588
5200,0.0,36,True,0.7529876493824691
5201,3.0,98,False,0.7529401470073503
5202,1.0,43,True,0.7528926446322316
5203,0.0,6,True,0.7528451422571129
5204,1.0,75,True,0.7527976398819941
5205,0.0,21,True,0.7527501375068754
5206,2.0,145,True,0.7527026351317566
5207,0.0,54,True,0.7526551327566378
5208,1.0,95,True,0.7526076303815191
5209,0.0,22,True,0.7525601280064004
5210,0.0,13,True,0.7525126256312816
5211,2.0,60,True,0.7524651232561628
5212,0.0,46,True,0.752417620881044
5213,0.0,9,True,0.7523701185059253
5214,0.0,5,True,0.7523226161308065
5215,0.0,19,True,0.7522751137556878
5216,0.0,5,True,0.752227611380569
5217,1.0,104,True,0.7521801090054503
5218,2.0,88,True,0.7521326066303315
5219,0.0,7,True,0.7520851042552128
5220,1.0,76,True,0.752037601880094
5221,0.0,77,True,0.7519900995049753
5222,0.0,75,True,0.7519425971298566
5223,0.0,3,True,0.7518950947547378
5224,0.0,26,True,0.7518475923796191
5225,0.0,6,True,0.7518000900045002
5226,0.0,23,True,0.7517525876293815
5227,0.0,82,True,0.7517050852542627
5228,2.0,250,False,0.751657582879144
5229,0.0,3,True,0.7516100805040252
5230,0.0,17,True,0.7515625781289065
5231,0.0,34,True,0.7515150757537877
5232,0.0,3,True,0.7514675733786689
5233,0.0,22,True,0.7514200710035501
5234,0.0,16,True,0.7513725686284315
5235,0.0,8,True,0.7513250662533126
5236,0.0,5,True,0.7512775638781939
5237,0.0,84,True,0.7512300615030751
5238,0.0,8,True,0.7511825591279564
5239,0.0,3,True,0.7511350567528376
5240,0.0,47,True,0.7510875543777189
5241,0.0,34,True,0.7510400520026002
5242,0.0,10,True,0.7509925496274814
5243,1.0,74,True,0.7509450472523627
5244,0.0,38,True,0.7508975448772439
5245,0.0,93,True,0.7508500425021252
5246,0.0,7,True,0.7508025401270063
5247,1.0,79,True,0.7507550377518877
5248,0.0,10,True,0.7507075353767689
5249,0.0,4,True,0.7506600330016501
5250,0.0,33,True,0.7506125306265313
5251,0.0,10,True,0.7505650282514126
5252,0.0,77,True,0.7505175258762938
5253,0.0,108,True,0.7504700235011751
5254,0.0,28,True,0.7504225211260563
5255,0.0,21,True,0.7503750187509376
5256,0.0,12,True,0.7503275163758187
5257,0.0,5,True,0.7502800140007
5258,0.0,4,True,0.7502325116255812
5259,1.0,119,True,0.7501850092504625
5260,2.0,55,True,0.7501375068753438
5261,0.0,23,True,0.750090004500225
5262,0.0,2,True,0.7500425021251063
5263,0.0,46,True,0.7499949997499875
5264,2.0,120,True,0.7499474973748688
5265,0.0,5,True,0.74989999499975
5266,1.0,115,True,0.7498524926246313
5267,0.0,13,True,0.7498049902495125
5268,1.0,87,True,0.7497574878743938
5269,0.0,6,True,0.749709985499275
5270,0.0,88,True,0.7496624831241562
5271,0.0,32,True,0.7496149807490375
5272,0.0,26,True,0.7495674783739188
5273,0.0,71,True,0.7495199759988
5274,0.0,6,True,0.7494724736236812
5275,0.0,11,True,0.7494249712485624
5276,0.0,63,True,0.7493774688734437
5277,0.0,17,True,0.7493299664983248
5278,0.0,40,True,0.7492824641232061
5279,1.0,154,True,0.7492349617480873
5280,0.0,3,True,0.7491874593729687
5281,0.0,7,True,0.7491399569978499
5282,0.0,29,True,0.7490924546227311
5283,0.0,6,True,0.7490449522476124
5284,0.0,26,True,0.7489974498724936
5285,0.0,9,True,0.7489499474973749
5286,0.0,25,True,0.7489024451222561
5287,0.0,11,True,0.7488549427471374
5288,0.0,22,True,0.7488074403720186
5289,1.0,40,True,0.7487599379968999
5290,0.0,13,True,0.7487124356217811
5291,2.0,125,True,0.7486649332466624
5292,0.0,9,True,0.7486174308715436
5293,0.0,64,True,0.7485699284964249
5294,0.0,25,True,0.7485224261213062
5295,0.0,42,True,0.7484749237461873
5296,0.0,47,True,0.7484274213710685
5297,2.0,88,True,0.7483799189959498
5298,0.0,22,True,0.748332416620831
5299,0.0,18,True,0.7482849142457123
5300,1.0,139,True,0.7482374118705936
5301,0.0,18,True,0.7481899094954748
5302,0.0,33,True,0.748142407120356
5303,2.0,154,True,0.7480949047452372
5304,0.0,22,True,0.7480474023701185
5305,0.0,57,True,0.7479998999949997
5306,0.0,9,True,0.747952397619881
5307,0.0,6,True,0.7479048952447622
5308,0.0,7,True,0.7478573928696435
5309,0.0,3,True,0.7478098904945247
5310,0.0,38,True,0.747762388119406
5311,1.0,126,True,0.7477148857442872
5312,2.0,95,True,0.7476673833691685
5313,0.0,10,True,0.7476198809940497
5314,2.0,49,True,0.747572378618931
5315,0.0,8,True,0.7475248762438123
5316,0.0,5,True,0.7474773738686935
5317,0.0,7,True,0.7474298714935748
5318,1.0,92,True,0.747382369118456
5319,0.0,5,True,0.7473348667433372
5320,0.0,31,True,0.7472873643682184
5321,0.0,31,True,0.7472398619930997
5322,0.0,6,True,0.7471923596179809
5323,0.0,48,True,0.7471448572428621
5324,0.0,41,True,0.7470973548677434
5325,0.0,43,True,0.7470498524926247
5326,1.0,103,True,0.7470023501175058
5327,0.0,87,True,0.7469548477423871
5328,2.0,157,True,0.7469073453672683
5329,0.0,36,True,0.7468598429921496
5330,0.0,60,True,0.7468123406170308
5331,2.0,73,True,0.7467648382419121
5332,0.0,28,True,0.7467173358667933
5333,0.0,28,True,0.7466698334916746
5334,0.0,6,True,0.7466223311165558
5335,1.0,96,True,0.7465748287414371
5336,0.0,21,True,0.7465273263663184
5337,0.0,7,True,0.7464798239911996
5338,0.0,32,True,0.7464323216160809
5339,0.0,7,True,0.7463848192409621
5340,0.0,14,True,0.7463373168658433
5341,0.0,20,True,0.7462898144907246
5342,0.0,31,True,0.7462423121156059
5343,0.0,5,True,0.7461948097404871
5344,2.0,71,True,0.7461473073653683
5345,0.0,6,True,0.7460998049902495
5346,0.0,26,True,0.7460523026151308
5347,0.0,67,True,0.7460048002400119
5348,0.0,5,True,0.7459572978648932
5349,0.0,7,True,0.7459097954897744
5350,3.0,82,False,0.7458622931146558
5351,0.0,28,True,0.7458147907395369
5352,1.0,56,True,0.7457672883644182
5353,0.0,27,True,0.7457197859892994
5354,0.0,4,True,0.7456722836141807
5355,0.0,16,True,0.745624781239062
5356,0.0,16,True,0.7455772788639432
5357,0.0,4,True,0.7455297764888245
5358,0.0,56,True,0.7454822741137057
5359,1.0,89,True,0.745434771738587
5360,0.0,37,True,0.7453872693634682
5361,0.0,16,True,0.7453397669883495
5362,0.0,72,True,0.7452922646132307
5363,0.0,12,True,0.745244762238112
5364,0.0,20,True,0.7451972598629932
5365,0.0,6,True,0.7451497574878744
5366,0.0,29,True,0.7451022551127556
5367,0.0,22,True,0.7450547527376369
5368,0.0,140,True,0.7450072503625181
5369,1.0,74,True,0.7449597479873994
5370,0.0,72,True,0.7449122456122806
5371,0.0,48,True,0.7448647432371619
5372,2.0,170,True,0.744817240862043
5373,0.0,21,True,0.7447697384869243
5374,0.0,120,True,0.7447222361118055
5375,0.0,68,True,0.7446747337366868
5376,0.0,2,True,0.744627231361568
5377,0.0,47,True,0.7445797289864493
5378,0.0,116,True,0.7445322266113306
5379,0.0,93,True,0.7444847242362118
5380,0.0,58,True,0.7444372218610931
5381,0.0,43,True,0.7443897194859743
5382,0.0,87,True,0.7443422171108556
5383,0.0,22,True,0.7442947147357368
5384,1.0,102,True,0.7442472123606181
5385,0.0,16,True,0.7441997099854993
5386,0.0,43,True,0.7441522076103806
5387,0.0,13,True,0.7441047052352618
5388,0.0,18,True,0.7440572028601431
5389,0.0,100,True,0.7440097004850242
5390,0.0,5,True,0.7439621981099055
5391,1.0,115,True,0.7439146957347867
5392,0.0,9,True,0.743867193359668
5393,2.0,68,True,0.7438196909845491
5394,0.0,10,True,0.7437721886094305
5395,3.0,116,False,0.7437246862343118
5396,0.0,37,True,0.7436771838591929
5397,0.0,42,True,0.7436296814840742
5398,0.0,28,True,0.7435821791089554
5399,0.0,52,True,0.7435346767338367
5400,0.0,7,True,0.7434871743587179
5401,2.0,95,True,0.7434396719835992
5402,0.0,5,True,0.7433921696084804
5403,0.0,15,True,0.7433446672333617
5404,0.0,82,True,0.7432971648582429
5405,0.0,10,True,0.7432496624831242
5406,0.0,37,True,0.7432021601080054
5407,0.0,30,True,0.7431546577328867
5408,0.0,5,True,0.743107155357768
5409,0.0,16,True,0.7430596529826492
5410,1.0,56,True,0.7430121506075303
5411,0.0,15,True,0.7429646482324117
5412,0.0,9,True,0.742917145857293
5413,0.0,64,True,0.7428696434821742
5414,0.0,14,True,0.7428221411070554
5415,0.0,76,True,0.7427746387319366
5416,0.0,43,True,0.7427271363568179
5417,1.0,35,True,0.742679633981699
5418,0.0,53,True,0.7426321316065803
5419,0.0,52,True,0.7425846292314615
5420,0.0,5,True,0.7425371268563429
5421,0.0,61,True,0.742489624481224
5422,0.0,15,True,0.7424421221061053
5423,0.0,22,True,0.7423946197309865
5424,3.0,171,False,0.7423471173558678
5425,0.0,69,True,0.742299614980749
5426,0.0,8,True,0.7422521126056303
5427,0.0,24,True,0.7422046102305115
5428,0.0,11,True,0.7421571078553928
5429,0.0,92,True,0.742109605480274
5430,0.0,2,True,0.7420621031051553
5431,0.0,49,True,0.7420146007300366
5432,0.0,7,True,0.7419670983549178
5433,0.0,22,True,0.7419195959797991
5434,0.0,9,True,0.7418720936046803
5435,0.0,33,True,0.7418245912295615
5436,0.0,10,True,0.7417770888544427
5437,0.0,66,True,0.741729586479324
5438,0.0,5,True,0.7416820841042052
5439,0.0,6,True,0.7416345817290865
5440,0.0,43,True,0.7415870793539677
5441,0.0,6,True,0.741539576978849
5442,0.0,11,True,0.7414920746037301
5443,0.0,18,True,0.7414445722286114
5444,1.0,70,True,0.7413970698534926
5445,0.0,55,True,0.7413495674783739
5446,0.0,21,True,0.7413020651032551
5447,1.0,124,True,0.7412545627281364
5448,0.0,4,True,0.7412070603530176
5449,0.0,83,True,0.7411595579778989
5450,0.0,6,True,0.7411120556027802
5451,0.0,48,True,0.7410645532276614
5452,0.0,26,True,0.7410170508525427
5453,0.0,25,True,0.7409695484774239
5454,0.0,13,True,0.7409220461023052
5455,0.0,163,True,0.7408745437271864
5456,0.0,13,True,0.7408270413520677
5457,0.0,50,True,0.7407795389769489
5458,0.0,71,True,0.7407320366018302
5459,0.0,17,True,0.7406845342267113
5460,0.0,16,True,0.7406370318515926
5461,0.0,8,True,0.7405895294764738
5462,0.0,4,True,0.7405420271013551
5463,0.0,6,True,0.7404945247262362
5464,0.0,57,True,0.7404470223511176
5465,0.0,22,True,0.7403995199759988
5466,0.0,67,True,0.74035201760088
5467,2.0,171,True,0.7403045152257612
5468,0.0,3,True,0.7402570128506425
5469,2.0,106,True,0.7402095104755237
5470,0.0,7,True,0.740162008100405
5471,0.0,36,True,0.7401145057252863
5472,0.0,9,True,0.7400670033501675
5473,0.0,147,True,0.7400195009750488
5474,0.0,68,True,0.73997199859993
5475,0.0,29,True,0.7399244962248113
5476,0.0,49,True,0.7398769938496925
5477,0.0,6,True,0.7398294914745738
5478,0.0,24,True,0.739781989099455
5479,0.0,11,True,0.7397344867243363
5480,0.0,23,True,0.7396869843492174
5481,0.0,6,True,0.7396394819740988
5482,0.0,50,True,0.73959197959898
5483,1.0,52,True,0.7395444772238613
5484,0.0,24,True,0.7394969748487424
5485,2.0,107,True,0.7394494724736237
5486,0.0,7,True,0.739401970098505
5487,0.0,8,True,0.7393544677233861
5488,0.0,4,True,0.7393069653482673
5489,0.0,18,True,0.7392594629731486
5490,0.0,69,True,0.73921196059803
5491,1.0,65,True,0.7391644582229111
5492,0.0,20,True,0.7391169558477924
5493,0.0,47,True,0.7390694534726736
5494,0.0,17,True,0.7390219510975549
5495,0.0,23,True,0.7389744487224361
5496,0.0,9,True,0.7389269463473174
5497,0.0,6,True,0.7388794439721986
5498,0.0,52,True,0.7388319415970799
5499,0.0,30,True,0.7387844392219611
5500,0.0,103,True,0.7387369368468424
5501,0.0,75,True,0.7386894344717236
5502,0.0,9,True,0.7386419320966049
5503,0.0,59,True,0.7385944297214861
5504,0.0,8,True,0.7385469273463674
5505,0.0,44,True,0.7384994249712485
5506,0.0,4,True,0.7384519225961298
5507,0.0,7,True,0.738404420221011
5508,0.0,43,True,0.7383569178458923
5509,0.0,29,True,0.7383094154707736
5510,0.0,7,True,0.7382619130956548
5511,0.0,6,True,0.7382144107205361
5512,0.0,5,True,0.7381669083454172
5513,2.0,86,True,0.7381194059702985
5514,0.0,77,True,0.7380719035951797
5515,0.0,30,True,0.738024401220061
5516,1.0,124,True,0.7379768988449422
5517,0.0,13,True,0.7379293964698235
5518,0.0,23,True,0.7378818940947047
5519,0.0,5,True,0.737834391719586
5520,0.0,11,True,0.7377868893444672
5521,0.0,13,True,0.7377393869693485
5522,1.0,124,True,0.7376918845942297
5523,0.0,56,True,0.737644382219111
5524,0.0,40,True,0.7375968798439922
5525,0.0,8,True,0.7375493774688735
5526,0.0,5,True,0.7375018750937548
5527,0.0,11,True,0.737454372718636
5528,0.0,22,True,0.7374068703435173
5529,0.0,57,True,0.7373593679683984
5530,0.0,96,True,0.7373118655932797
5531,0.0,29,True,0.7372643632181609
5532,0.0,61,True,0.7372168608430422
5533,0.0,7,True,0.7371693584679233
5534,0.0,29,True,0.7371218560928047
5535,0.0,4,True,0.7370743537176859
5536,0.0,10,True,0.7370268513425672
5537,0.0,63,True,0.7369793489674483
5538,0.0,12,True,0.7369318465923296
5539,0.0,6,True,0.7368843442172108
5540,1.0,79,True,0.7368368418420921
5541,2.0,134,True,0.7367893394669733
5542,0.0,8,True,0.7367418370918546
5543,0.0,33,True,0.7366943347167358
5544,0.0,16,True,0.7366468323416171
5545,0.0,4,True,0.7365993299664984
5546,0.0,71,True,0.7365518275913796
5547,1.0,60,True,0.7365043252162609
5548,0.0,44,True,0.7364568228411421
5549,0.0,111,True,0.7364093204660234
5550,0.0,57,True,0.7363618180909046
5551,0.0,69,True,0.7363143157157859
5552,0.0,7,True,0.7362668133406671
5553,0.0,28,True,0.7362193109655484
5554,0.0,20,True,0.7361718085904295
5555,0.0,22,True,0.7361243062153108
5556,0.0,43,True,0.736076803840192
5557,0.0,50,True,0.7360293014650733
5558,3.0,107,False,0.7359817990899544
5559,0.0,33,True,0.7359342967148357
5560,0.0,6,True,0.735886794339717
5561,0.0,10,True,0.7358392919645982
5562,0.0,16,True,0.7357917895894794
5563,2.0,91,True,0.7357442872143607
5564,0.0,46,True,0.735696784839242
5565,1.0,50,True,0.7356492824641232
5566,1.0,63,True,0.7356017800890045
5567,1.0,125,True,0.7355542777138857
5568,0.0,41,True,0.735506775338767
5569,0.0,9,True,0.7354592729636482
5570,0.0,26,True,0.7354117705885295
5571,0.0,32,True,0.7353642682134107
5572,0.0,5,True,0.735316765838292
5573,0.0,23,True,0.7352692634631732
5574,0.0,47,True,0.7352217610880545
5575,3.0,127,False,0.7351742587129356
5576,0.0,5,True,0.7351267563378169
5577,0.0,13,True,0.7350792539626981
5578,0.0,26,True,0.7350317515875795
5579,0.0,73,True,0.7349842492124606
5580,0.0,8,True,0.7349367468373419
5581,0.0,22,True,0.7348892444622231
5582,0.0,5,True,0.7348417420871043
5583,0.0,48,True,0.7347942397119855
5584,1.0,79,True,0.7347467373368668
5585,0.0,19,True,0.734699234961748
5586,0.0,5,True,0.7346517325866293
5587,0.0,10,True,0.7346042302115106
5588,1.0,115,True,0.7345567278363918
5589,0.0,6,True,0.7345092254612731
5590,3.0,121,False,0.7344617230861543
5591,0.0,10,True,0.7344142207110356
5592,0.0,9,True,0.7343667183359168
5593,0.0,19,True,0.7343192159607981
5594,0.0,37,True,0.7342717135856793
5595,0.0,110,True,0.7342242112105606
5596,0.0,24,True,0.7341767088354418
5597,0.0,35,True,0.7341292064603231
5598,0.0,30,True,0.7340817040852043
5599,0.0,13,True,0.7340342017100856
5600,0.0,5,True,0.7339866993349667
5601,0.0,38,True,0.733939196959848
5602,0.0,51,True,0.7338916945847292
5603,0.0,50,True,0.7338441922096104
5604,0.0,21,True,0.7337966898344918
5605,0.0,54,True,0.733749187459373
5606,0.0,31,True,0.7337016850842543
5607,0.0,27,True,0.7336541827091354
5608,1.0,75,True,0.7336066803340167
5609,0.0,78,True,0.7335591779588979
5610,0.0,2,True,0.7335116755837792
5611,0.0,9,True,0.7334641732086604
5612,1.0,109,True,0.7334166708335417
5613,0.0,11,True,0.7333691684584229
5614,0.0,5,True,0.7333216660833042
5615,0.0,10,True,0.7332741637081854
5616,0.0,80,True,0.7332266613330667
5617,0.0,11,True,0.7331791589579479
5618,0.0,5,True,0.7331316565828292
5619,0.0,76,True,0.7330841542077104
5620,0.0,3,True,0.7330366518325917
5621,0.0,21,True,0.732989149457473
5622,0.0,10,True,0.7329416470823542
5623,1.0,113,True,0.7328941447072355
5624,0.0,32,True,0.7328466423321166
5625,1.0,64,True,0.7327991399569979
5626,0.0,12,True,0.7327516375818791
5627,0.0,32,True,0.7327041352067604
5628,0.0,25,True,0.7326566328316415
5629,0.0,27,True,0.7326091304565228
5630,1.0,74,True,0.7325616280814041
5631,0.0,21,True,0.7325141257062853
5632,0.0,11,True,0.7324666233311665
5633,0.0,141,True,0.7324191209560478
5634,0.0,15,True,0.732371618580929
5635,0.0,88,True,0.7323241162058103
5636,0.0,59,True,0.7322766138306915
5637,3.0,110,False,0.7322291114555728
5638,0.0,12,True,0.732181609080454
5639,0.0,20,True,0.7321341067053353
5640,2.0,77,True,0.7320866043302166
5641,0.0,37,True,0.7320391019550978
5642,0.0,9,True,0.7319915995799791
5643,0.0,2,True,0.7319440972048603
5644,0.0,48,True,0.7318965948297416
5645,0.0,95,True,0.7318490924546227
5646,0.0,10,True,0.731801590079504
5647,2.0,135,True,0.7317540877043852
5648,0.0,23,True,0.7317065853292666
5649,0.0,36,True,0.7316590829541477
5650,0.0,22,True,0.731611580579029
5651,0.0,19,True,0.7315640782039102
5652,0.0,12,True,0.7315165758287914
5653,0.0,15,True,0.7314690734536726
5654,0.0,30,True,0.7314215710785539
5655,0.0,155,True,0.7313740687034351
5656,0.0,24,True,0.7313265663283164
5657,0.0,35,True,0.7312790639531976
5658,0.0,11,True,0.7312315615780789
5659,0.0,7,True,0.7311840592029601
5660,1.0,90,True,0.7311365568278414
5661,0.0,31,True,0.7310890544527227
5662,0.0,79,True,0.7310415520776039
5663,0.0,102,True,0.7309940497024852
5664,1.0,62,True,0.7309465473273664
5665,0.0,20,True,0.7308990449522477
5666,2.0,127,True,0.7308515425771289
5667,0.0,6,True,0.7308040402020102
5668,3.0,130,False,0.7307565378268914
5669,0.0,5,True,0.7307090354517727
5670,0.0,37,True,0.7306615330766538
5671,0.0,62,True,0.7306140307015351
5672,0.0,11,True,0.7305665283264163
5673,0.0,112,True,0.7305190259512975
5674,0.0,22,True,0.7304715235761788
5675,0.0,49,True,0.7304240212010601
5676,2.0,90,True,0.7303765188259413
5677,0.0,62,True,0.7303290164508225
5678,0.0,10,True,0.7302815140757037
5679,0.0,7,True,0.730234011700585
5680,0.0,72,True,0.7301865093254662
5681,0.0,13,True,0.7301390069503475
5682,0.0,15,True,0.7300915045752288
5683,0.0,5,True,0.73004400220011
5684,1.0,64,True,0.7299964998249913
5685,1.0,47,True,0.7299489974498725
5686,0.0,14,True,0.7299014950747538
5687,0.0,13,True,0.729853992699635
5688,0.0,10,True,0.7298064903245163
5689,3.0,132,False,0.7297589879493975
5690,0.0,18,True,0.7297114855742788
5691,0.0,21,True,0.72966398319916
5692,0.0,3,True,0.7296164808240413
5693,0.0,92,True,0.7295689784489225
5694,0.0,4,True,0.7295214760738037
5695,0.0,74,True,0.7294739736986849
5696,0.0,8,True,0.7294264713235662
5697,0.0,25,True,0.7293789689484474
5698,0.0,4,True,0.7293314665733286
5699,0.0,7,True,0.7292839641982098
5700,0.0,4,True,0.7292364618230912
5701,0.0,7,True,0.7291889594479724
5702,0.0,12,True,0.7291414570728536
5703,0.0,47,True,0.7290939546977349
5704,0.0,15,True,0.7290464523226161
5705,0.0,23,True,0.7289989499474974
5706,0.0,12,True,0.7289514475723786
5707,0.0,28,True,0.7289039451972599
5708,0.0,23,True,0.7288564428221411
5709,0.0,17,True,0.7288089404470224
5710,0.0,30,True,0.7287614380719036
5711,0.0,37,True,0.7287139356967849
5712,0.0,20,True,0.7286664333216661
5713,1.0,126,True,0.7286189309465474
5714,0.0,35,True,0.7285714285714286
5715,2.0,96,True,0.7285239261963098
5716,0.0,17,True,0.728476423821191
5717,0.0,12,True,0.7284289214460723
5718,0.0,15,True,0.7283814190709537
5719,0.0,41,True,0.7283339166958348
5720,0.0,13,True,0.7282864143207161
5721,0.0,29,True,0.7282389119455973
5722,0.0,18,True,0.7281914095704785
5723,0.0,45,True,0.7281439071953597
5724,0.0,67,True,0.728096404820241
5725,0.0,3,True,0.7280489024451222
5726,1.0,109,True,0.7280014000700035
5727,0.0,22,True,0.7279538976948847
5728,0.0,60,True,0.727906395319766
5729,0.0,18,True,0.7278588929446472
5730,0.0,28,True,0.7278113905695285
5731,0.0,11,True,0.7277638881944097
5732,0.0,2,True,0.727716385819291
5733,0.0,3,True,0.7276688834441722
5734,0.0,13,True,0.7276213810690535
5735,0.0,42,True,0.7275738786939348
5736,0.0,18,True,0.727526376318816
5737,0.0,37,True,0.7274788739436973
5738,2.0,181,True,0.7274313715685785
5739,0.0,17,True,0.7273838691934598
5740,2.0,110,True,0.7273363668183409
5741,0.0,5,True,0.7272888644432222
5742,0.0,44,True,0.7272413620681034
5743,0.0,153,True,0.7271938596929846
5744,0.0,16,True,0.7271463573178659
5745,0.0,34,True,0.7270988549427472
5746,0.0,19,True,0.7270513525676284
5747,0.0,31,True,0.7270038501925096
5748,1.0,132,True,0.7269563478173908
5749,0.0,57,True,0.7269088454422721
5750,1.0,60,True,0.7268613430671533
5751,0.0,116,True,0.7268138406920346
5752,1.0,196,True,0.7267663383169158
5753,0.0,17,True,0.7267188359417971
5754,0.0,15,True,0.7266713335666783
5755,0.0,51,True,0.7266238311915596
5756,0.0,33,True,0.7265763288164409
5757,0.0,41,True,0.7265288264413221
5758,0.0,13,True,0.7264813240662034
5759,0.0,62,True,0.7264338216910846
5760,0.0,65,True,0.7263863193159659
5761,0.0,9,True,0.7263388169408471
5762,0.0,8,True,0.7262913145657284
5763,0.0,12,True,0.7262438121906096
5764,0.0,14,True,0.7261963098154908
5765,1.0,55,True,0.726148807440372
5766,0.0,20,True,0.7261013050652533
5767,0.0,23,True,0.7260538026901345
5768,0.0,57,True,0.7260063003150157
5769,0.0,24,True,0.7259587979398969
5770,0.0,36,True,0.7259112955647783
5771,1.0,113,True,0.7258637931896594
5772,0.0,54,True,0.7258162908145407
5773,0.0,7,True,0.7257687884394219
5774,0.0,29,True,0.7257212860643032
5775,0.0,16,True,0.7256737836891844
5776,0.0,13,True,0.7256262813140657
5777,0.0,51,True,0.725578778938947
5778,0.0,101,True,0.7255312765638282
5779,0.0,91,True,0.7254837741887095
5780,3.0,75,False,0.7254362718135907
5781,2.0,136,True,0.725388769438472
5782,0.0,17,True,0.7253412670633532
5783,2.0,53,True,0.7252937646882345
5784,0.0,89,True,0.7252462623131157
5785,2.0,73,True,0.7251987599379969
5786,0.0,69,True,0.7251512575628781
5787,1.0,63,True,0.7251037551877594
5788,0.0,25,True,0.7250562528126407
5789,0.0,21,True,0.7250087504375219
5790,0.0,5,True,0.7249612480624031
5791,0.0,10,True,0.7249137456872844
5792,0.0,31,True,0.7248662433121655
5793,0.0,2,True,0.7248187409370468
5794,0.0,60,True,0.724771238561928
5795,0.0,3,True,0.7247237361868093
5796,0.0,58,True,0.7246762338116906
5797,0.0,8,True,0.7246287314365718
5798,0.0,37,True,0.7245812290614531
5799,0.0,4,True,0.7245337266863343
5800,0.0,56,True,0.7244862243112156
5801,0.0,28,True,0.7244387219360968
5802,0.0,20,True,0.7243912195609781
5803,1.0,82,True,0.7243437171858593
5804,0.0,45,True,0.7242962148107406
5805,0.0,37,True,0.7242487124356218
5806,0.0,25,True,0.7242012100605031
5807,3.0,109,False,0.7241537076853843
5808,0.0,21,True,0.7241062053102656
5809,0.0,6,True,0.7240587029351468
5810,2.0,139,True,0.724011200560028
5811,0.0,79,True,0.7239636981849092
5812,0.0,30,True,0.7239161958097905
5813,0.0,108,True,0.7238686934346716
5814,0.0,58,True,0.723821191059553
5815,0.0,4,True,0.7237736886844343
5816,0.0,6,True,0.7237261863093155
5817,0.0,42,True,0.7236786839341967
5818,2.0,153,True,0.7236311815590779
5819,0.0,16,True,0.7235836791839592
5820,0.0,30,True,0.7235361768088404
5821,0.0,23,True,0.7234886744337217
5822,0.0,18,True,0.7234411720586029
5823,0.0,13,True,0.7233936696834842
5824,0.0,14,True,0.7233461673083654
5825,2.0,157,True,0.7232986649332467
5826,0.0,4,True,0.7232511625581279
5827,1.0,76,True,0.7232036601830092
5828,1.0,95,True,0.7231561578078904
5829,1.0,61,True,0.7231086554327717
5830,0.0,5,True,0.723061153057653
5831,0.0,13,True,0.7230136506825342
5832,0.0,75,True,0.7229661483074155
5833,0.0,41,True,0.7229186459322967
5834,0.0,38,True,0.7228711435571779
5835,0.0,10,True,0.7228236411820591
5836,0.0,9,True,0.7227761388069404
5837,1.0,97,True,0.7227286364318216
5838,0.0,9,True,0.7226811340567028
5839,0.0,18,True,0.722633631681584
5840,0.0,43,True,0.7225861293064654
5841,0.0,7,True,0.7225386269313465
5842,0.0,12,True,0.7224911245562278
5843,0.0,11,True,0.722443622181109
5844,0.0,57,True,0.7223961198059903
5845,0.0,36,True,0.7223486174308715
5846,0.0,89,True,0.7223011150557528
5847,0.0,40,True,0.722253612680634
5848,0.0,55,True,0.7222061103055153
5849,0.0,18,True,0.7221586079303965
5850,0.0,12,True,0.7221111055552778
5851,0.0,10,True,0.722063603180159
5852,1.0,99,True,0.7220161008050403
5853,0.0,28,True,0.7219685984299216
5854,0.0,18,True,0.7219210960548028
5855,0.0,6,True,0.721873593679684
5856,0.0,24,True,0.7218260913045652
5857,0.0,10,True,0.7217785889294465
5858,0.0,73,True,0.7217310865543278
5859,0.0,6,True,0.721683584179209
5860,3.0,96,False,0.7216360818040902
5861,2.0,95,True,0.7215885794289715
5862,0.0,6,True,0.7215410770538526
5863,0.0,17,True,0.7214935746787339
5864,1.0,100,True,0.7214460723036151
5865,0.0,44,True,0.7213985699284964
5866,0.0,15,True,0.7213510675533776
5867,0.0,4,True,0.7213035651782589
5868,0.0,20,True,0.7212560628031401
5869,0.0,9,True,0.7212085604280214
5870,0.0,28,True,0.7211610580529026
5871,0.0,9,True,0.7211135556777839
5872,0.0,4,True,0.7210660533026652
5873,0.0,7,True,0.7210185509275464
5874,1.0,98,True,0.7209710485524277
5875,0.0,7,True,0.7209235461773089
5876,0.0,23,True,0.7208760438021902
5877,0.0,35,True,0.7208285414270714
5878,0.0,39,True,0.7207810390519527
5879,0.0,21,True,0.7207335366768339
5880,2.0,130,True,0.7206860343017151
5881,0.0,32,True,0.7206385319265963
5882,0.0,96,True,0.7205910295514776
5883,0.0,37,True,0.7205435271763587
5884,0.0,30,True,0.7204960248012401
5885,0.0,27,True,0.7204485224261213
5886,1.0,112,True,0.7204010200510026
5887,0.0,10,True,0.7203535176758837
5888,2.0,147,True,0.720306015300765
5889,3.0,137,False,0.7202585129256462
5890,0.0,3,True,0.7202110105505275
5891,0.0,68,True,0.7201635081754088
5892,0.0,33,True,0.72011600580029
5893,0.0,12,True,0.7200685034251713
5894,0.0,25,True,0.7200210010500525
5895,0.0,11,True,0.7199734986749338
5896,0.0,38,True,0.719925996299815
5897,0.0,7,True,0.7198784939246963
5898,0.0,31,True,0.7198309915495775
5899,0.0,11,True,0.7197834891744588
5900,0.0,23,True,0.71973598679934
5901,0.0,36,True,0.7196884844242213
5902,0.0,42,True,0.7196409820491025
5903,0.0,9,True,0.7195934796739838
5904,0.0,15,True,0.719545977298865
5905,0.0,16,True,0.7194984749237462
5906,1.0,103,True,0.7194509725486274
5907,0.0,21,True,0.7194034701735087
5908,0.0,4,True,0.7193559677983898
5909,0.0,3,True,0.7193084654232711
5910,0.0,27,True,0.7192609630481525
5911,0.0,17,True,0.7192134606730337
5912,0.0,32,True,0.7191659582979149
5913,0.0,45,True,0.7191184559227961
5914,0.0,26,True,0.7190709535476774
5915,1.0,203,True,0.7190234511725586
5916,0.0,47,True,0.7189759487974399
5917,0.0,4,True,0.7189284464223211
5918,0.0,62,True,0.7188809440472024
5919,0.0,53,True,0.7188334416720836
5920,0.0,3,True,0.7187859392969649
5921,0.0,29,True,0.7187384369218461
5922,0.0,24,True,0.7186909345467274
5923,0.0,36,True,0.7186434321716086
5924,0.0,18,True,0.7185959297964899
5925,0.0,15,True,0.7185484274213711
5926,0.0,39,True,0.7185009250462523
5927,2.0,234,True,0.7184534226711335
5928,0.0,14,True,0.7184059202960149
5929,0.0,16,True,0.718358417920896
5930,1.0,91,True,0.7183109155457773
5931,0.0,9,True,0.7182634131706586
5932,0.0,8,True,0.7182159107955398
5933,1.0,109,True,0.718168408420421
5934,0.0,36,True,0.7181209060453022
5935,0.0,22,True,0.7180734036701835
5936,2.0,100,True,0.7180259012950647
5937,0.0,12,True,0.717978398919946
5938,0.0,50,True,0.7179308965448272
5939,0.0,45,True,0.7178833941697085
5940,0.0,9,True,0.7178358917945897
5941,0.0,71,True,0.717788389419471
5942,0.0,3,True,0.7177408870443522
5943,0.0,14,True,0.7176933846692335
5944,0.0,16,True,0.7176458822941147
5945,0.0,22,True,0.717598379918996
5946,0.0,64,True,0.7175508775438773
5947,2.0,93,True,0.7175033751687585
5948,0.0,37,True,0.7174558727936398
5949,0.0,9,True,0.717408370418521
5950,3.0,97,False,0.7173608680434022
5951,0.0,25,True,0.7173133656682834
5952,0.0,48,True,0.7172658632931647
5953,0.0,56,True,0.7172183609180459
5954,0.0,38,True,0.7171708585429272
5955,0.0,108,True,0.7171233561678084
5956,0.0,55,True,0.7170758537926897
5957,0.0,39,True,0.7170283514175708
5958,0.0,51,True,0.7169808490424521
5959,0.0,46,True,0.7169333466673333
5960,0.0,15,True,0.7168858442922146
5961,0.0,69,True,0.7168383419170958
5962,0.0,6,True,0.7167908395419771
5963,0.0,6,True,0.7167433371668583
5964,0.0,20,True,0.7166958347917396
5965,0.0,32,True,0.7166483324166208
5966,0.0,48,True,0.7166008300415021
5967,1.0,111,True,0.7165533276663834
5968,0.0,24,True,0.7165058252912646
5969,0.0,17,True,0.7164583229161459
5970,0.0,97,True,0.7164108205410271
5971,0.0,4,True,0.7163633181659084
5972,0.0,6,True,0.7163158157907896
5973,0.0,10,True,0.7162683134156709
5974,0.0,15,True,0.7162208110405521
5975,0.0,15,True,0.7161733086654333
5976,0.0,19,True,0.7161258062903145
5977,0.0,4,True,0.7160783039151958
5978,0.0,29,True,0.7160308015400769
5979,0.0,38,True,0.7159832991649582
5980,0.0,71,True,0.7159357967898395
5981,0.0,39,True,0.7158882944147208
5982,0.0,8,True,0.7158407920396019
5983,0.0,55,True,0.7157932896644832
5984,0.0,42,True,0.7157457872893644
5985,0.0,33,True,0.7156982849142457
5986,0.0,37,True,0.715650782539127
5987,0.0,13,True,0.7156032801640082
5988,0.0,22,True,0.7155557777888895
5989,0.0,5,True,0.7155082754137707
5990,0.0,14,True,0.715460773038652
5991,0.0,50,True,0.7154132706635332
5992,0.0,18,True,0.7153657682884145
5993,0.0,29,True,0.7153182659132957
5994,0.0,95,True,0.715270763538177
5995,0.0,60,True,0.7152232611630582
5996,2.0,117,True,0.7151757587879394
5997,2.0,126,True,0.7151282564128206
5998,0.0,4,True,0.715080754037702
5999,0.0,2,True,0.7150332516625831
6000,0.0,48,True,0.7149857492874644
6001,0.0,3,True,0.7149382469123456
6002,0.0,20,True,0.7148907445372269
6003,2.0,90,True,0.714843242162108
6004,0.0,29,True,0.7147957397869893
6005,0.0,24,True,0.7147482374118705
6006,0.0,43,True,0.7147007350367518
6007,0.0,50,True,0.714653232661633
6008,0.0,22,True,0.7146057302865143
6009,1.0,176,True,0.7145582279113956
6010,0.0,5,True,0.7145107255362768
6011,0.0,88,True,0.7144632231611581
6012,0.0,34,True,0.7144157207860393
6013,0.0,27,True,0.7143682184109206
6014,0.0,6,True,0.7143207160358018
6015,0.0,3,True,0.7142732136606831
6016,0.0,13,True,0.7142257112855643
6017,0.0,96,True,0.7141782089104456
6018,0.0,6,True,0.7141307065353268
6019,0.0,2,True,0.7140832041602081
6020,0.0,2,True,0.7140357017850892
6021,0.0,24,True,0.7139881994099705
6022,0.0,3,True,0.7139406970348517
6023,0.0,3,True,0.713893194659733
6024,0.0,4,True,0.7138456922846143
6025,0.0,24,True,0.7137981899094955
6026,0.0,4,True,0.7137506875343768
6027,0.0,91,True,0.7137031851592579
6028,0.0,34,True,0.7136556827841392
6029,0.0,6,True,0.7136081804090204
6030,0.0,36,True,0.7135606780339017
6031,0.0,18,True,0.7135131756587829
6032,0.0,11,True,0.7134656732836642
6033,0.0,13,True,0.7134181709085454
6034,0.0,16,True,0.7133706685334267
6035,0.0,3,True,0.7133231661583079
6036,0.0,18,True,0.7132756637831892
6037,0.0,36,True,0.7132281614080704
6038,2.0,70,True,0.7131806590329517
6039,0.0,7,True,0.713133156657833
6040,0.0,12,True,0.7130856542827142
6041,0.0,57,True,0.7130381519075955
6042,0.0,20,True,0.7129906495324767
6043,0.0,22,True,0.712943147157358
6044,0.0,43,True,0.7128956447822392
6045,0.0,7,True,0.7128481424071204
6046,0.0,46,True,0.7128006400320016
6047,0.0,73,True,0.7127531376568829
6048,0.0,10,True,0.712705635281764
6049,1.0,60,True,0.7126581329066453
6050,0.0,6,True,0.7126106305315266
6051,0.0,31,True,0.7125631281564079
6052,0.0,55,True,0.712515625781289
6053,1.0,70,True,0.7124681234061703
6054,0.0,21,True,0.7124206210310515
6055,1.0,88,True,0.7123731186559328
6056,0.0,43,True,0.712325616280814
6057,0.0,8,True,0.7122781139056953
6058,0.0,12,True,0.7122306115305765
6059,0.0,120,True,0.7121831091554578
6060,0.0,6,True,0.712135606780339
6061,1.0,72,True,0.7120881044052203
6062,3.0,94,False,0.7120406020301016
6063,0.0,8,True,0.7119930996549828
6064,1.0,56,True,0.7119455972798641
6065,0.0,4,True,0.7118980949047453
6066,0.0,19,True,0.7118505925296265
6067,0.0,69,True,0.7118030901545077
6068,3.0,79,False,0.7117555877793891
6069,1.0,127,True,0.7117080854042702
6070,0.0,83,True,0.7116605830291515
6071,0.0,5,True,0.7116130806540327
6072,0.0,31,True,0.711565578278914
6073,0.0,27,True,0.7115180759037951
6074,0.0,40,True,0.7114705735286764
6075,0.0,26,True,0.7114230711535576
6076,0.0,34,True,0.7113755687784389
6077,2.0,116,True,0.7113280664033201
6078,2.0,88,True,0.7112805640282014
6079,0.0,32,True,0.7112330616530826
6080,0.0,13,True,0.7111855592779639
6081,1.0,77,True,0.7111380569028452
6082,0.0,166,True,0.7110905545277264
6083,0.0,36,True,0.7110430521526077
6084,0.0,28,True,0.7109955497774889
6085,0.0,51,True,0.7109480474023702
6086,0.0,44,True,0.7109005450272514
6087,0.0,9,True,0.7108530426521327
6088,1.0,69,True,0.7108055402770139
6089,2.0,91,True,0.7107580379018952
6090,0.0,99,True,0.7107105355267763
6091,0.0,17,True,0.7106630331516576
6092,0.0,43,True,0.7106155307765388
6093,0.0,4,True,0.7105680284014201
6094,0.0,15,True,0.7105205260263013
6095,0.0,2,True,0.7104730236511826
6096,0.0,12,True,0.7104255212760638
6097,0.0,3,True,0.710378018900945
6098,0.0,5,True,0.7103305165258262
6099,0.0,50,True,0.7102830141507075
6100,1.0,174,True,0.7102355117755887
6101,0.0,29,True,0.71018800940047
6102,0.0,68,True,0.7101405070253513
6103,0.0,25,True,0.7100930046502325
6104,0.0,12,True,0.7100455022751138
6105,0.0,21,True,0.709997999899995
6106,0.0,120,True,0.7099504975248763
6107,0.0,42,True,0.7099029951497575
6108,0.0,8,True,0.7098554927746388
6109,0.0,16,True,0.70980799039952
6110,0.0,13,True,0.7097604880244013
6111,0.0,18,True,0.7097129856492825
6112,0.0,112,True,0.7096654832741638
6113,0.0,6,True,0.709617980899045
6114,1.0,64,True,0.7095704785239263
6115,2.0,133,True,0.7095229761488074
6116,0.0,3,True,0.7094754737736887
6117,0.0,6,True,0.70942797139857
6118,0.0,42,True,0.7093804690234511
6119,1.0,73,True,0.7093329666483323
6120,0.0,7,True,0.7092854642732137
6121,0.0,11,True,0.709237961898095
6122,3.0,72,False,0.7091904595229761
6123,0.0,9,True,0.7091429571478574
6124,0.0,14,True,0.7090954547727386
6125,0.0,14,True,0.7090479523976199
6126,0.0,4,True,0.7090004500225011
6127,0.0,23,True,0.7089529476473824
6128,1.0,52,True,0.7089054452722636
6129,0.0,6,True,0.7088579428971449
6130,0.0,75,True,0.7088104405220261
6131,0.0,3,True,0.7087629381469074
6132,0.0,18,True,0.7087154357717886
6133,0.0,40,True,0.7086679333966699
6134,0.0,23,True,0.7086204310215511
6135,1.0,117,True,0.7085729286464324
6136,0.0,29,True,0.7085254262713135
6137,0.0,14,True,0.7084779238961948
6138,0.0,9,True,0.7084304215210762
6139,0.0,15,True,0.7083829191459573
6140,0.0,7,True,0.7083354167708386
6141,0.0,45,True,0.7082879143957198
6142,0.0,48,True,0.7082404120206011
6143,0.0,26,True,0.7081929096454822
6144,0.0,9,True,0.7081454072703635
6145,0.0,18,True,0.7080979048952447
6146,2.0,148,True,0.708050402520126
6147,0.0,36,True,0.7080029001450072
6148,0.0,39,True,0.7079553977698885
6149,0.0,24,True,0.7079078953947697
6150,0.0,18,True,0.707860393019651
6151,2.0,60,True,0.7078128906445322
6152,2.0,78,True,0.7077653882694135
6153,0.0,12,True,0.7077178858942947
6154,0.0,51,True,0.707670383519176
6155,0.0,64,True,0.7076228811440572
6156,0.0,83,True,0.7075753787689385
6157,0.0,22,True,0.7075278763938198
6158,0.0,7,True,0.707480374018701
6159,0.0,50,True,0.7074328716435823
6160,0.0,46,True,0.7073853692684634
6161,0.0,8,True,0.7073378668933447
6162,1.0,125,True,0.7072903645182259
6163,0.0,12,True,0.7072428621431072
6164,0.0,117,True,0.7071953597679884
6165,0.0,7,True,0.7071478573928697
6166,0.0,13,True,0.7071003550177509
6167,0.0,55,True,0.7070528526426321
6168,0.0,7,True,0.7070053502675133
6169,0.0,27,True,0.7069578478923946
6170,1.0,86,True,0.7069103455172758
6171,1.0,66,True,0.7068628431421571
6172,0.0,20,True,0.7068153407670383
6173,0.0,33,True,0.7067678383919196
6174,0.0,15,True,0.7067203360168008
6175,0.0,25,True,0.7066728336416821
6176,0.0,20,True,0.7066253312665634
6177,0.0,15,True,0.7065778288914446
6178,1.0,81,True,0.7065303265163259
6179,0.0,5,True,0.7064828241412071
6180,0.0,11,True,0.7064353217660884
6181,0.0,17,True,0.7063878193909696
6182,0.0,6,True,0.7063403170158509
6183,0.0,7,True,0.7062928146407321
6184,0.0,17,True,0.7062453122656134
6185,0.0,8,True,0.7061978098904945
6186,2.0,34,True,0.7061503075153758
6187,0.0,37,True,0.706102805140257
6188,1.0,90,True,0.7060553027651382
6189,0.0,44,True,0.7060078003900194
6190,0.0,2,True,0.7059602980149008
6191,0.0,6,True,0.705912795639782
6192,0.0,59,True,0.7058652932646632
6193,0.0,11,True,0.7058177908895444
6194,0.0,11,True,0.7057702885144257
6195,2.0,103,True,0.705722786139307
6196,0.0,26,True,0.7056752837641882
6197,0.0,43,True,0.7056277813890695
6198,0.0,3,True,0.7055802790139507
6199,0.0,70,True,0.705532776638832
6200,0.0,2,True,0.7054852742637132
6201,1.0,37,True,0.7054377718885945
6202,0.0,15,True,0.7053902695134757
6203,0.0,31,True,0.705342767138357
6204,2.0,89,True,0.7052952647632382
6205,0.0,29,True,0.7052477623881195
6206,0.0,6,True,0.7052002600130006
6207,0.0,8,True,0.7051527576378819
6208,0.0,5,True,0.7051052552627632
6209,0.0,9,True,0.7050577528876444
6210,0.0,2,True,0.7050102505125256
6211,0.0,7,True,0.7049627481374069
6212,0.0,25,True,0.7049152457622881
6213,0.0,6,True,0.7048677433871693
6214,0.0,29,True,0.7048202410120505
6215,0.0,47,True,0.7047727386369318
6216,0.0,17,True,0.704725236261813
6217,0.0,11,True,0.7046777338866943
6218,1.0,63,True,0.7046302315115756
6219,0.0,36,True,0.7045827291364568
6220,1.0,41,True,0.7045352267613381
6221,0.0,38,True,0.7044877243862193
6222,0.0,16,True,0.7044402220111006
6223,0.0,17,True,0.7043927196359818
6224,0.0,60,True,0.7043452172608631
6225,0.0,25,True,0.7042977148857443
6226,0.0,109,True,0.7042502125106256
6227,0.0,59,True,0.7042027101355068
6228,0.0,3,True,0.7041552077603881
6229,0.0,47,True,0.7041077053852693
6230,0.0,26,True,0.7040602030101505
6231,0.0,8,True,0.7040127006350317
6232,0.0,9,True,0.703965198259913
6233,0.0,32,True,0.7039176958847942
6234,0.0,60,True,0.7038701935096755
6235,0.0,41,True,0.7038226911345568
6236,0.0,24,True,0.703775188759438
6237,0.0,6,True,0.7037276863843192
6238,1.0,76,True,0.7036801840092004
6239,0.0,4,True,0.7036326816340817
6240,0.0,26,True,0.7035851792589629
6241,0.0,18,True,0.7035376768838442
6242,0.0,17,True,0.7034901745087254
6243,0.0,7,True,0.7034426721336067
6244,0.0,17,True,0.7033951697584879
6245,0.0,13,True,0.7033476673833692
6246,0.0,4,True,0.7033001650082504
6247,0.0,41,True,0.7032526626331317
6248,0.0,7,True,0.7032051602580129
6249,0.0,94,True,0.7031576578828942
6250,0.0,36,True,0.7031101555077754
6251,0.0,5,True,0.7030626531326567
6252,0.0,20,True,0.703015150757538
6253,0.0,56,True,0.7029676483824192
6254,0.0,19,True,0.7029201460073005
6255,0.0,6,True,0.7028726436321816
6256,0.0,6,True,0.7028251412570629
6257,0.0,71,True,0.7027776388819441
6258,3.0,109,False,0.7027301365068254
6259,0.0,94,True,0.7026826341317065
6260,0.0,5,True,0.7026351317565879
6261,0.0,31,True,0.7025876293814691
6262,0.0,41,True,0.7025401270063503
6263,0.0,31,True,0.7024926246312315
6264,0.0,8,True,0.7024451222561128
6265,1.0,51,True,0.702397619880994
6266,0.0,41,True,0.7023501175058753
6267,0.0,23,True,0.7023026151307565
6268,0.0,6,True,0.7022551127556378
6269,0.0,31,True,0.702207610380519
6270,0.0,24,True,0.7021601080054003
6271,0.0,73,True,0.7021126056302815
6272,3.0,87,False,0.7020651032551628
6273,0.0,36,True,0.7020176008800441
6274,0.0,85,True,0.7019700985049253
6275,0.0,87,True,0.7019225961298066
6276,1.0,57,True,0.7018750937546877
6277,0.0,49,True,0.7018275913795691
6278,0.0,28,True,0.7017800890044503
6279,0.0,30,True,0.7017325866293316
6280,0.0,22,True,0.7016850842542127
6281,0.0,23,True,0.701637581879094
6282,0.0,40,True,0.7015900795039752
6283,0.0,26,True,0.7015425771288564
6284,0.0,20,True,0.7014950747537376
6285,0.0,4,True,0.7014475723786189
6286,1.0,99,True,0.7014000700035002
6287,0.0,8,True,0.7013525676283814
6288,0.0,7,True,0.7013050652532626
6289,0.0,31,True,0.7012575628781439
6290,0.0,8,True,0.7012100605030251
6291,0.0,23,True,0.7011625581279064
6292,0.0,4,True,0.7011150557527877
6293,0.0,2,True,0.7010675533776689
6294,1.0,172,True,0.7010200510025502
6295,0.0,14,True,0.7009725486274314
6296,0.0,13,True,0.7009250462523127
6297,0.0,53,True,0.7008775438771939
6298,1.0,76,True,0.7008300415020752
6299,2.0,33,True,0.7007825391269564
6300,0.0,28,True,0.7007350367518377
6301,0.0,23,True,0.7006875343767188
6302,0.0,3,True,0.7006400320016001
6303,0.0,4,True,0.7005925296264813
6304,0.0,14,True,0.7005450272513626
6305,0.0,35,True,0.7004975248762438
6306,2.0,139,True,0.7004500225011251
6307,3.0,80,False,0.7004025201260063
6308,0.0,30,True,0.7003550177508875
6309,1.0,64,True,0.7003075153757687
6310,0.0,2,True,0.70026001300065
6311,0.0,26,True,0.7002125106255312
6312,0.0,23,True,0.7001650082504125
6313,0.0,14,True,0.7001175058752938
6314,0.0,11,True,0.700070003500175
6315,0.0,19,True,0.7000225011250563
6316,0.0,117,True,0.6999749987499375
6317,0.0,48,True,0.6999274963748188
6318,0.0,40,True,0.6998799939997
6319,0.0,14,True,0.6998324916245813
6320,0.0,64,True,0.6997849892494625
6321,0.0,29,True,0.6997374868743438
6322,0.0,82,True,0.699689984499225
6323,0.0,19,True,0.6996424821241063
6324,2.0,212,True,0.6995949797489875
6325,0.0,6,True,0.6995474773738687
6326,1.0,143,True,0.6994999749987499
6327,0.0,37,True,0.6994524726236312
6328,0.0,6,True,0.6994049702485124
6329,0.0,5,True,0.6993574678733936
6330,0.0,37,True,0.699309965498275
6331,0.0,25,True,0.6992624631231562
6332,0.0,68,True,0.6992149607480374
6333,0.0,5,True,0.6991674583729186
6334,2.0,116,True,0.6991199559977999
6335,0.0,17,True,0.6990724536226811
6336,0.0,73,True,0.6990249512475624
6337,1.0,73,True,0.6989774488724436
6338,2.0,87,True,0.6989299464973249
6339,0.0,91,True,0.6988824441222061
6340,0.0,21,True,0.6988349417470874
6341,0.0,23,True,0.6987874393719686
6342,0.0,5,True,0.6987399369968499
6343,0.0,8,True,0.6986924346217311
6344,0.0,18,True,0.6986449322466124
6345,0.0,50,True,0.6985974298714936
6346,0.0,21,True,0.6985499274963748
6347,3.0,66,False,0.6985024251212562
6348,0.0,88,True,0.6984549227461374
6349,0.0,102,True,0.6984074203710187
6350,0.0,159,True,0.6983599179958998
6351,2.0,78,True,0.6983124156207811
6352,0.0,78,True,0.6982649132456623
6353,0.0,52,True,0.6982174108705435
6354,0.0,44,True,0.6981699084954247
6355,1.0,61,True,0.698122406120306
6356,0.0,37,True,0.6980749037451873
6357,0.0,4,True,0.6980274013700685
6358,0.0,2,True,0.6979798989949497
6359,0.0,5,True,0.697932396619831
6360,0.0,7,True,0.6978848942447122
6361,0.0,20,True,0.6978373918695935
6362,1.0,143,True,0.6977898894944747
6363,0.0,7,True,0.697742387119356
6364,2.0,250,False,0.6976948847442372
6365,2.0,121,True,0.6976473823691185
6366,0.0,20,True,0.6975998799939997
6367,0.0,38,True,0.697552377618881
6368,0.0,52,True,0.6975048752437623
6369,3.0,78,False,0.6974573728686435
6370,0.0,29,True,0.6974098704935248
6371,0.0,35,True,0.6973623681184059
6372,0.0,29,True,0.6973148657432872
6373,0.0,28,True,0.6972673633681684
6374,0.0,31,True,0.6972198609930497
6375,0.0,38,True,0.6971723586179309
6376,0.0,39,True,0.6971248562428122
6377,0.0,91,True,0.6970773538676934
6378,0.0,76,True,0.6970298514925746
6379,0.0,8,True,0.6969823491174558
6380,0.0,27,True,0.6969348467423371
6381,0.0,11,True,0.6968873443672183
6382,3.0,87,False,0.6968398419920996
6383,0.0,46,True,0.6967923396169808
6384,0.0,9,True,0.6967448372418621
6385,0.0,74,True,0.6966973348667433
6386,0.0,62,True,0.6966498324916246
6387,3.0,54,False,0.6966023301165059
6388,0.0,7,True,0.6965548277413871
6389,0.0,20,True,0.6965073253662684
6390,0.0,53,True,0.6964598229911496
6391,0.0,7,True,0.6964123206160309
6392,2.0,115,True,0.6963648182409121
6393,0.0,11,True,0.6963173158657934
6394,0.0,73,True,0.6962698134906746
6395,0.0,85,True,0.6962223111155558
6396,0.0,39,True,0.696174808740437
6397,3.0,53,False,0.6961273063653183
6398,2.0,83,True,0.6960798039901995
6399,0.0,21,True,0.6960323016150807
6400,0.0,15,True,0.695984799239962
6401,0.0,33,True,0.6959372968648433
6402,0.0,49,True,0.6958897944897244
6403,0.0,4,True,0.6958422921146057
6404,0.0,14,True,0.6957947897394869
6405,0.0,3,True,0.6957472873643682
6406,0.0,4,True,0.6956997849892494
6407,0.0,2,True,0.6956522826141307
6408,0.0,21,True,0.695604780239012
6409,1.0,120,True,0.6955572778638932
6410,0.0,64,True,0.6955097754887745
6411,0.0,17,True,0.6954622731136557
6412,0.0,169,True,0.695414770738537
6413,0.0,39,True,0.6953672683634182
6414,0.0,32,True,0.6953197659882995
6415,2.0,250,False,0.6952722636131807
6416,0.0,21,True,0.6952247612380619
6417,0.0,64,True,0.6951772588629432
6418,0.0,32,True,0.6951297564878245
6419,2.0,99,True,0.6950822541127057
6420,0.0,6,True,0.6950347517375869
6421,0.0,109,True,0.6949872493624681
6422,0.0,58,True,0.6949397469873494
6423,3.0,74,False,0.6948922446122305
6424,2.0,96,True,0.6948447422371118
6425,0.0,27,True,0.694797239861993
6426,0.0,6,True,0.6947497374868744
6427,0.0,5,True,0.6947022351117556
6428,0.0,29,True,0.6946547327366368
6429,0.0,65,True,0.6946072303615181
6430,0.0,11,True,0.6945597279863993
6431,0.0,16,True,0.6945122256112806
6432,2.0,166,True,0.6944647232361618
6433,0.0,72,True,0.6944172208610431
6434,0.0,60,True,0.6943697184859243
6435,0.0,55,True,0.6943222161108056
6436,2.0,176,True,0.6942747137356868
6437,0.0,55,True,0.6942272113605681
6438,0.0,3,True,0.6941797089854493
6439,0.0,50,True,0.6941322066103306
6440,0.0,3,True,0.6940847042352118
6441,0.0,141,True,0.694037201860093
6442,2.0,69,True,0.6939896994849742
6443,0.0,124,True,0.6939421971098555
6444,0.0,6,True,0.6938946947347367
6445,0.0,10,True,0.693847192359618
6446,0.0,32,True,0.6937996899844993
6447,0.0,121,True,0.6937521876093805
6448,0.0,23,True,0.6937046852342617
6449,0.0,21,True,0.6936571828591429
6450,0.0,7,True,0.6936096804840242
6451,0.0,67,True,0.6935621781089054
6452,0.0,119,True,0.6935146757337867
6453,2.0,209,True,0.6934671733586679
6454,0.0,14,True,0.6934196709835492
6455,0.0,23,True,0.6933721686084304
6456,0.0,13,True,0.6933246662333117
6457,1.0,60,True,0.6932771638581929
6458,0.0,13,True,0.6932296614830742
6459,0.0,4,True,0.6931821591079554
6460,0.0,9,True,0.6931346567328367
6461,0.0,16,True,0.693087154357718
6462,0.0,12,True,0.6930396519825992
6463,3.0,144,False,0.6929921496074805
6464,0.0,55,True,0.6929446472323617
6465,0.0,65,True,0.6928971448572429
6466,3.0,84,False,0.6928496424821241
6467,1.0,123,True,0.6928021401070054
6468,0.0,48,True,0.6927546377318866
6469,0.0,12,True,0.6927071353567678
6470,0.0,64,True,0.6926596329816491
6471,0.0,29,True,0.6926121306065304
6472,0.0,4,True,0.6925646282314115
6473,2.0,96,True,0.6925171258562928
6474,0.0,25,True,0.692469623481174
6475,0.0,32,True,0.6924221211060553
6476,0.0,11,True,0.6923746187309365
6477,0.0,10,True,0.6923271163558178
6478,0.0,81,True,0.692279613980699
6479,0.0,25,True,0.6922321116055803
6480,0.0,8,True,0.6921846092304615
6481,0.0,17,True,0.6921371068553428
6482,0.0,37,True,0.692089604480224
6483,1.0,121,True,0.6920421021051053
6484,0.0,47,True,0.6919945997299866
6485,0.0,12,True,0.6919470973548678
6486,1.0,125,True,0.691899594979749
6487,0.0,8,True,0.6918520926046303
6488,0.0,14,True,0.6918045902295116
6489,0.0,49,True,0.6917570878543928
6490,2.0,54,True,0.691709585479274
6491,0.0,3,True,0.6916620831041552
6492,0.0,29,True,0.6916145807290365
6493,1.0,106,True,0.6915670783539176
6494,0.0,16,True,0.6915195759787989
6495,0.0,26,True,0.6914720736036801
6496,0.0,25,True,0.6914245712285615
6497,0.0,49,True,0.6913770688534426
6498,0.0,34,True,0.6913295664783239
6499,0.0,7,True,0.6912820641032051
6500,0.0,49,True,0.6912345617280864
6501,0.0,51,True,0.6911870593529676
6502,0.0,8,True,0.6911395569778489
6503,0.0,41,True,0.6910920546027302
6504,3.0,128,False,0.6910445522276114
6505,0.0,5,True,0.6909970498524927
6506,0.0,5,True,0.6909495474773739
6507,0.0,110,True,0.6909020451022552
6508,0.0,5,True,0.6908545427271364
6509,0.0,40,True,0.6908070403520177
6510,0.0,24,True,0.6907595379768989
6511,0.0,13,True,0.6907120356017801
6512,0.0,15,True,0.6906645332266613
6513,1.0,34,True,0.6906170308515426
6514,0.0,40,True,0.6905695284764238
6515,0.0,13,True,0.6905220261013051
6516,0.0,23,True,0.6904745237261863
6517,0.0,10,True,0.6904270213510676
6518,0.0,4,True,0.6903795189759487
6519,0.0,43,True,0.69033201660083
6520,1.0,107,True,0.6902845142257112
6521,1.0,98,True,0.6902370118505925
6522,0.0,9,True,0.6901895094754738
6523,0.0,10,True,0.690142007100355
6524,0.0,13,True,0.6900945047252363
6525,0.0,9,True,0.6900470023501175
6526,2.0,39,True,0.6899994999749988
6527,0.0,63,True,0.68995199759988
6528,0.0,79,True,0.6899044952247613
6529,3.0,95,False,0.6898569928496425
6530,0.0,23,True,0.6898094904745238
6531,3.0,67,False,0.689761988099405
6532,0.0,39,True,0.6897144857242863
6533,2.0,89,True,0.6896669833491675
6534,0.0,21,True,0.6896194809740488
6535,0.0,7,True,0.6895719785989299
6536,0.0,11,True,0.6895244762238112
6537,0.0,11,True,0.6894769738486924
6538,0.0,13,True,0.6894294714735737
6539,0.0,22,True,0.6893819690984548
6540,0.0,9,True,0.6893344667233362
6541,2.0,142,True,0.6892869643482175
6542,0.0,27,True,0.6892394619730986
6543,0.0,68,True,0.6891919595979799
6544,3.0,98,False,0.6891444572228611
6545,0.0,48,True,0.6890969548477424
6546,0.0,40,True,0.6890494524726236
6547,0.0,7,True,0.6890019500975049
6548,0.0,12,True,0.6889544477223861
6549,0.0,17,True,0.6889069453472674
6550,1.0,61,True,0.6888594429721486
6551,2.0,189,True,0.6888119405970299
6552,0.0,21,True,0.6887644382219111
6553,0.0,24,True,0.6887169358467924
6554,0.0,8,True,0.6886694334716736
6555,0.0,37,True,0.6886219310965549
6556,0.0,16,True,0.688574428721436
6557,0.0,14,True,0.6885269263463174
6558,0.0,105,True,0.6884794239711987
6559,0.0,14,True,0.6884319215960799
6560,0.0,68,True,0.688384419220961
6561,0.0,82,True,0.6883369168458423
6562,0.0,41,True,0.6882894144707236
6563,0.0,30,True,0.6882419120956047
6564,0.0,9,True,0.688194409720486
6565,0.0,22,True,0.6881469073453672
6566,0.0,13,True,0.6880994049702486
6567,0.0,13,True,0.6880519025951297
6568,0.0,94,True,0.688004400220011
6569,0.0,131,True,0.6879568978448922
6570,0.0,12,True,0.6879093954697735
6571,1.0,129,True,0.6878618930946547
6572,0.0,38,True,0.687814390719536
6573,0.0,24,True,0.6877668883444172
6574,0.0,45,True,0.6877193859692985
6575,0.0,28,True,0.6876718835941797
6576,0.0,6,True,0.687624381219061
6577,0.0,32,True,0.6875768788439423
6578,0.0,23,True,0.6875293764688235
6579,3.0,88,False,0.6874818740937048
6580,0.0,34,True,0.687434371718586
6581,0.0,24,True,0.6873868693434672
6582,0.0,37,True,0.6873393669683484
6583,1.0,64,True,0.6872918645932297
6584,0.0,20,True,0.6872443622181109
6585,0.0,15,True,0.6871968598429922
6586,0.0,135,True,0.6871493574678734
6587,0.0,10,True,0.6871018550927547
6588,0.0,34,True,0.6870543527176358
6589,0.0,51,True,0.6870068503425171
6590,0.0,14,True,0.6869593479673983
6591,1.0,160,True,0.6869118455922796
6592,0.0,26,True,0.6868643432171608
6593,0.0,39,True,0.6868168408420421
6594,0.0,21,True,0.6867693384669233
6595,0.0,5,True,0.6867218360918046
6596,1.0,130,True,0.6866743337166858
6597,0.0,13,True,0.6866268313415671
6598,0.0,14,True,0.6865793289664484
6599,0.0,70,True,0.6865318265913296
6600,0.0,55,True,0.6864843242162109
6601,0.0,8,True,0.6864368218410921
6602,0.0,26,True,0.6863893194659734
6603,0.0,37,True,0.6863418170908546
6604,0.0,46,True,0.6862943147157359
6605,0.0,50,True,0.686246812340617
6606,2.0,47,True,0.6861993099654983
6607,0.0,10,True,0.6861518075903795
6608,1.0,79,True,0.6861043052152608
6609,1.0,87,True,0.6860568028401419
6610,0.0,22,True,0.6860093004650233
6611,0.0,36,True,0.6859617980899045
6612,3.0,107,False,0.6859142957147858
6613,3.0,101,False,0.6858667933396669
6614,0.0,34,True,0.6858192909645482
6615,2.0,126,True,0.6857717885894294
6616,0.0,7,True,0.6857242862143107
6617,0.0,23,True,0.685676783839192
6618,0.0,88,True,0.6856292814640732
6619,0.0,51,True,0.6855817790889545
6620,0.0,50,True,0.6855342767138357
6621,0.0,26,True,0.685486774338717
6622,0.0,6,True,0.6854392719635982
6623,0.0,30,True,0.6853917695884795
6624,1.0,101,True,0.6853442672133607
6625,1.0,70,True,0.685296764838242
6626,0.0,25,True,0.6852492624631232
6627,0.0,104,True,0.6852017600880045
6628,0.0,41,True,0.6851542577128857
6629,0.0,4,True,0.685106755337767
6630,0.0,30,True,0.6850592529626481
6631,0.0,5,True,0.6850117505875294
6632,0.0,17,True,0.6849642482124106
6633,0.0,4,True,0.6849167458372919
6634,1.0,53,True,0.684869243462173
6635,0.0,9,True,0.6848217410870543
6636,0.0,40,True,0.6847742387119357
6637,2.0,87,True,0.6847267363368168
6638,0.0,35,True,0.684679233961698
6639,0.0,73,True,0.6846317315865793
6640,0.0,90,True,0.6845842292114606
6641,0.0,25,True,0.6845367268363418
6642,0.0,15,True,0.6844892244612231
6643,0.0,62,True,0.6844417220861043
6644,0.0,4,True,0.6843942197109856
6645,3.0,60,False,0.6843467173358668
6646,0.0,54,True,0.6842992149607481
6647,0.0,3,True,0.6842517125856293
6648,0.0,16,True,0.6842042102105106
6649,1.0,85,True,0.6841567078353918
6650,0.0,6,True,0.6841092054602731
6651,0.0,10,True,0.6840617030851542
6652,0.0,27,True,0.6840142007100355
6653,0.0,66,True,0.6839666983349167
6654,1.0,144,True,0.6839191959597981
6655,0.0,78,True,0.6838716935846793
6656,0.0,13,True,0.6838241912095605
6657,0.0,4,True,0.6837766888344418
6658,0.0,26,True,0.6837291864593229
6659,3.0,101,False,0.6836816840842042
6660,0.0,23,True,0.6836341817090854
6661,3.0,127,False,0.6835866793339667
6662,0.0,32,True,0.6835391769588479
6663,2.0,113,True,0.6834916745837292
6664,0.0,67,True,0.6834441722086104
6665,0.0,17,True,0.6833966698334917
6666,0.0,2,True,0.6833491674583729
6667,2.0,96,True,0.6833016650832542
6668,0.0,80,True,0.6832541627081354
6669,2.0,45,True,0.6832066603330167
6670,0.0,90,True,0.683159157957898
6671,0.0,64,True,0.6831116555827792
6672,0.0,8,True,0.6830641532076605
6673,0.0,10,True,0.6830166508325417
6674,2.0,86,True,0.682969148457423
6675,2.0,74,True,0.6829216460823042
6676,0.0,31,True,0.6828741437071854
6677,0.0,20,True,0.6828266413320666
6678,0.0,38,True,0.6827791389569479
6679,0.0,11,True,0.682731636581829
6680,0.0,11,True,0.6826841342067104
6681,3.0,66,False,0.6826366318315916
6682,0.0,10,True,0.6825891294564729
6683,0.0,16,True,0.682541627081354
6684,0.0,66,True,0.6824941247062353
6685,0.0,19,True,0.6824466223311165
6686,3.0,65,False,0.6823991199559978
6687,0.0,5,True,0.682351617580879
6688,2.0,119,True,0.6823041152057603
6689,2.0,73,True,0.6822566128306415
6690,2.0,85,True,0.6822091104555228
6691,0.0,10,True,0.682161608080404
6692,0.0,12,True,0.6821141057052853
6693,0.0,15,True,0.6820666033301666
6694,0.0,22,True,0.6820191009550478
6695,0.0,3,True,0.6819715985799291
6696,0.0,7,True,0.6819240962048103
6697,0.0,44,True,0.6818765938296916
6698,0.0,28,True,0.6818290914545728
6699,0.0,38,True,0.6817815890794541
6700,0.0,18,True,0.6817340867043352
6701,0.0,22,True,0.6816865843292165
6702,1.0,86,True,0.6816390819540977
6703,0.0,11,True,0.681591579578979
6704,0.0,19,True,0.6815440772038601
6705,0.0,14,True,0.6814965748287414
6706,0.0,58,True,0.6814490724536227
6707,1.0,82,True,0.6814015700785039
6708,0.0,10,True,0.6813540677033851
6709,0.0,68,True,0.6813065653282664
6710,0.0,17,True,0.6812590629531476
6711,0.0,24,True,0.6812115605780289
6712,0.0,8,True,0.6811640582029101
6713,1.0,96,True,0.6811165558277914
6714,0.0,9,True,0.6810690534526727
6715,0.0,14,True,0.6810215510775539
6716,0.0,77,True,0.6809740487024352
6717,0.0,9,True,0.6809265463273164
6718,0.0,60,True,0.6808790439521977
6719,0.0,32,True,0.6808315415770789
6720,0.0,36,True,0.6807840392019602
6721,0.0,32,True,0.6807365368268413
6722,0.0,4,True,0.6806890344517226
6723,0.0,22,True,0.6806415320766038
6724,0.0,34,True,0.6805940297014852
6725,0.0,28,True,0.6805465273263663
6726,3.0,107,False,0.6804990249512476
6727,0.0,42,True,0.6804515225761288
6728,0.0,36,True,0.68040402020101
6729,2.0,74,True,0.6803565178258912
6730,0.0,66,True,0.6803090154507725
6731,0.0,60,True,0.6802615130756537
6732,0.0,63,True,0.680214010700535
6733,3.0,131,False,0.6801665083254163
6734,0.0,44,True,0.6801190059502975
6735,0.0,39,True,0.6800715035751788
6736,0.0,55,True,0.68002400120006
6737,0.0,58,True,0.6799764988249413
6738,0.0,59,True,0.6799289964498225
6739,0.0,8,True,0.6798814940747038
6740,2.0,115,True,0.679833991699585
6741,0.0,120,True,0.6797864893244663
6742,0.0,35,True,0.6797389869493475
6743,0.0,8,True,0.6796914845742288
6744,0.0,27,True,0.67964398219911
6745,3.0,105,False,0.6795964798239913
6746,0.0,14,True,0.6795489774488724
6747,0.0,48,True,0.6795014750737537
6748,0.0,28,True,0.679453972698635
6749,2.0,157,True,0.6794064703235161
6750,0.0,35,True,0.6793589679483975
6751,0.0,14,True,0.6793114655732787
6752,0.0,5,True,0.67926396319816
6753,0.0,39,True,0.6792164608230411
6754,0.0,21,True,0.6791689584479224
6755,0.0,33,True,0.6791214560728036
6756,0.0,3,True,0.6790739536976849
6757,0.0,51,True,0.6790264513225661
6758,0.0,25,True,0.6789789489474474
6759,0.0,12,True,0.6789314465723286
6760,0.0,4,True,0.6788839441972099
6761,0.0,28,True,0.6788364418220911
6762,0.0,29,True,0.6787889394469724
6763,0.0,30,True,0.6787414370718536
6764,0.0,56,True,0.6786939346967349
6765,0.0,6,True,0.6786464323216161
6766,1.0,139,True,0.6785989299464974
6767,0.0,29,True,0.6785514275713787
6768,1.0,84,True,0.6785039251962599
6769,1.0,94,True,0.6784564228211412
6770,0.0,10,True,0.6784089204460223
6771,0.0,13,True,0.6783614180709036
6772,2.0,82,True,0.6783139156957848
6773,3.0,188,False,0.6782664133206661
6774,0.0,13,True,0.6782189109455472
6775,0.0,10,True,0.6781714085704285
6776,0.0,87,True,0.6781239061953098
6777,3.0,55,False,0.678076403820191
6778,2.0,106,True,0.6780289014450722
6779,0.0,21,True,0.6779813990699535
6780,0.0,30,True,0.6779338966948347
6781,0.0,11,True,0.677886394319716
6782,0.0,13,True,0.6778388919445972
6783,0.0,49,True,0.6777913895694785
6784,0.0,9,True,0.6777438871943597
6785,0.0,79,True,0.677696384819241
6786,0.0,27,True,0.6776488824441222
6787,0.0,8,True,0.6776013800690035
6788,0.0,17,True,0.6775538776938848
6789,0.0,39,True,0.677506375318766
6790,0.0,23,True,0.6774588729436473
6791,0.0,66,True,0.6774113705685284
6792,0.0,7,True,0.6773638681934097
6793,0.0,18,True,0.6773163658182909
6794,1.0,59,True,0.6772688634431723
6795,0.0,35,True,0.6772213610680534
6796,0.0,11,True,0.6771738586929347
6797,1.0,60,True,0.6771263563178159
6798,0.0,9,True,0.6770788539426971
6799,0.0,23,True,0.6770313515675783
6800,0.0,135,True,0.6769838491924596
6801,0.0,39,True,0.6769363468173408
6802,0.0,52,True,0.6768888444422221
6803,2.0,108,True,0.6768413420671033
6804,0.0,4,True,0.6767938396919846
6805,0.0,7,True,0.6767463373168658
6806,0.0,11,True,0.6766988349417471
6807,0.0,23,True,0.6766513325666283
6808,0.0,99,True,0.6766038301915096
6809,0.0,99,True,0.6765563278163909
6810,0.0,77,True,0.6765088254412721
6811,1.0,108,True,0.6764613230661534
6812,0.0,35,True,0.6764138206910346
6813,0.0,64,True,0.6763663183159159
6814,0.0,26,True,0.6763188159407971
6815,0.0,69,True,0.6762713135656784
6816,1.0,129,True,0.6762238111905595
6817,2.0,48,True,0.6761763088154408
6818,0.0,5,True,0.676128806440322
6819,0.0,8,True,0.6760813040652032
6820,1.0,94,True,0.6760338016900845
6821,0.0,16,True,0.6759862993149658
6822,3.0,88,False,0.675938796939847
6823,0.0,15,True,0.6758912945647282
6824,0.0,118,True,0.6758437921896094
6825,1.0,46,True,0.6757962898144907
6826,0.0,37,True,0.675748787439372
6827,0.0,34,True,0.6757012850642532
6828,0.0,7,True,0.6756537826891345
6829,0.0,20,True,0.6756062803140157
6830,0.0,13,True,0.675558777938897
6831,0.0,17,True,0.6755112755637782
6832,1.0,43,True,0.6754637731886595
6833,0.0,40,True,0.6754162708135407
6834,0.0,24,True,0.675368768438422
6835,2.0,149,True,0.6753212660633032
6836,1.0,129,True,0.6752737636881845
6837,0.0,38,True,0.6752262613130657
6838,0.0,65,True,0.675178758937947
6839,0.0,14,True,0.6751312565628282
6840,0.0,34,True,0.6750837541877094
6841,1.0,49,True,0.6750362518125906
6842,0.0,7,True,0.6749887494374719
6843,0.0,63,True,0.6749412470623531
6844,0.0,15,True,0.6748937446872343
6845,2.0,48,True,0.6748462423121155
6846,0.0,3,True,0.6747987399369969
6847,2.0,79,True,0.674751237561878
6848,0.0,24,True,0.6747037351867593
6849,0.0,20,True,0.6746562328116406
6850,0.0,109,True,0.6746087304365218
6851,0.0,3,True,0.6745612280614031
6852,0.0,31,True,0.6745137256862843
6853,0.0,6,True,0.6744662233111656
6854,0.0,75,True,0.6744187209360468
6855,0.0,9,True,0.6743712185609281
6856,0.0,19,True,0.6743237161858093
6857,0.0,61,True,0.6742762138106906
6858,0.0,13,True,0.6742287114355718
6859,0.0,7,True,0.6741812090604531
6860,0.0,45,True,0.6741337066853343
6861,0.0,12,True,0.6740862043102155
6862,3.0,92,False,0.6740387019350967
6863,0.0,24,True,0.673991199559978
6864,0.0,96,True,0.6739436971848594
6865,0.0,24,True,0.6738961948097405
6866,2.0,108,True,0.6738486924346218
6867,0.0,19,True,0.673801190059503
6868,0.0,12,True,0.6737536876843842
6869,0.0,40,True,0.6737061853092654
6870,1.0,63,True,0.6736586829341467
6871,0.0,17,True,0.6736111805590279
6872,0.0,18,True,0.6735636781839092
6873,0.0,36,True,0.6735161758087904
6874,0.0,63,True,0.6734686734336717
6875,1.0,61,True,0.6734211710585529
6876,0.0,8,True,0.6733736686834342
6877,0.0,12,True,0.6733261663083154
6878,0.0,5,True,0.6732786639331967
6879,0.0,16,True,0.6732311615580779
6880,0.0,10,True,0.6731836591829592
6881,0.0,2,True,0.6731361568078404
6882,1.0,123,True,0.6730886544327217
6883,0.0,12,True,0.673041152057603
6884,0.0,5,True,0.6729936496824842
6885,0.0,12,True,0.6729461473073655
6886,0.0,101,True,0.6728986449322466
6887,0.0,30,True,0.6728511425571279
6888,3.0,157,False,0.6728036401820091
6889,0.0,8,True,0.6727561378068903
6890,1.0,64,True,0.6727086354317716
6891,0.0,4,True,0.6726611330566529
6892,0.0,65,True,0.6726136306815341
6893,0.0,105,True,0.6725661283064153
6894,0.0,53,True,0.6725186259312965
6895,0.0,13,True,0.6724711235561778
6896,0.0,26,True,0.672423621181059
6897,3.0,86,False,0.6723761188059403
6898,0.0,41,True,0.6723286164308215
6899,0.0,26,True,0.6722811140557028
6900,1.0,126,True,0.672233611680584
6901,1.0,100,True,0.6721861093054653
6902,0.0,57,True,0.6721386069303465
6903,1.0,76,True,0.6720911045552278
6904,0.0,19,True,0.6720436021801091
6905,1.0,116,True,0.6719960998049903
6906,0.0,37,True,0.6719485974298716
6907,0.0,41,True,0.6719010950547528
6908,0.0,79,True,0.6718535926796341
6909,0.0,24,True,0.6718060903045153
6910,0.0,7,True,0.6717585879293965
6911,1.0,73,True,0.6717110855542777
6912,0.0,33,True,0.671663583179159
6913,1.0,92,True,0.6716160808040402
6914,0.0,8,True,0.6715685784289214
6915,1.0,69,True,0.6715210760538026
6916,0.0,17,True,0.671473573678684
6917,0.0,4,True,0.6714260713035651
6918,0.0,25,True,0.6713785689284464
6919,0.0,5,True,0.6713310665533276
6920,0.0,92,True,0.6712835641782089
6921,0.0,11,True,0.6712360618030901
6922,0.0,33,True,0.6711885594279714
6923,3.0,72,False,0.6711410570528527
6924,0.0,34,True,0.6710935546777339
6925,2.0,86,True,0.6710460523026152
6926,0.0,80,True,0.6709985499274964
6927,0.0,22,True,0.6709510475523777
6928,0.0,160,True,0.6709035451772589
6929,0.0,79,True,0.6708560428021402
6930,0.0,37,True,0.6708085404270214
6931,0.0,17,True,0.6707610380519026
6932,2.0,102,True,0.6707135356767838
6933,0.0,6,True,0.6706660333016651
6934,3.0,111,False,0.6706185309265464
6935,0.0,69,True,0.6705710285514276
6936,2.0,42,True,0.6705235261763088
6937,3.0,122,False,0.6704760238011901
6938,0.0,6,True,0.6704285214260712
6939,0.0,27,True,0.6703810190509525
6940,2.0,95,True,0.6703335166758337
6941,0.0,34,True,0.670286014300715
6942,2.0,197,True,0.6702385119255962
6943,0.0,9,True,0.6701910095504775
6944,0.0,26,True,0.6701435071753588
6945,0.0,26,True,0.67009600480024
6946,0.0,9,True,0.6700485024251213
6947,0.0,50,True,0.6700010000500025
6948,0.0,55,True,0.6699534976748838
6949,0.0,3,True,0.669905995299765
6950,1.0,109,True,0.6698584929246463
6951,0.0,16,True,0.6698109905495275
6952,0.0,25,True,0.6697634881744088
6953,1.0,108,True,0.66971598579929
6954,0.0,34,True,0.6696684834241713
6955,0.0,3,True,0.6696209810490525
6956,0.0,7,True,0.6695734786739337
6957,0.0,53,True,0.6695259762988149
6958,1.0,64,True,0.6694784739236962
6959,3.0,179,False,0.6694309715485773
6960,1.0,99,True,0.6693834691734587
6961,2.0,88,True,0.66933596679834
6962,1.0,63,True,0.6692884644232212
6963,0.0,10,True,0.6692409620481024
6964,0.0,6,True,0.6691934596729836
6965,0.0,10,True,0.6691459572978649
6966,0.0,19,True,0.6690984549227461
6967,0.0,7,True,0.6690509525476274
6968,0.0,39,True,0.6690034501725086
6969,0.0,7,True,0.6689559477973899
6970,0.0,130,True,0.6689084454222711
6971,0.0,5,True,0.6688609430471524
6972,0.0,21,True,0.6688134406720336
6973,0.0,35,True,0.6687659382969149
6974,0.0,13,True,0.6687184359217961
6975,3.0,83,False,0.6686709335466774
6976,0.0,46,True,0.6686234311715586
6977,3.0,114,False,0.6685759287964399
6978,0.0,16,True,0.6685284264213212
6979,1.0,107,True,0.6684809240462024
6980,2.0,134,True,0.6684334216710837
6981,0.0,36,True,0.6683859192959648
6982,0.0,3,True,0.6683384169208461
6983,0.0,3,True,0.6682909145457273
6984,0.0,18,True,0.6682434121706085
6985,0.0,45,True,0.6681959097954897
6986,3.0,113,False,0.6681484074203711
6987,0.0,36,True,0.6681009050452523
6988,0.0,4,True,0.6680534026701335
6989,0.0,9,True,0.6680059002950147
6990,0.0,38,True,0.667958397919896
6991,2.0,118,True,0.6679108955447772
6992,1.0,150,True,0.6678633931696585
6993,0.0,20,True,0.6678158907945397
6994,0.0,13,True,0.667768388419421
6995,0.0,5,True,0.6677208860443022
6996,0.0,22,True,0.6676733836691835
6997,0.0,104,True,0.6676258812940647
6998,0.0,15,True,0.667578378918946
6999,0.0,10,True,0.6675308765438273
7000,3.0,101,False,0.6674833741687085
7001,2.0,67,True,0.6674358717935898
7002,0.0,52,True,0.6673883694184709
7003,0.0,56,True,0.6673408670433522
7004,0.0,35,True,0.6672933646682335
7005,1.0,39,True,0.6672458622931147
7006,0.0,37,True,0.6671983599179959
7007,0.0,50,True,0.6671508575428772
7008,0.0,42,True,0.6671033551677584
7009,0.0,19,True,0.6670558527926396
7010,0.0,6,True,0.6670083504175208
7011,2.0,71,True,0.6669608480424021
7012,0.0,22,True,0.6669133456672833
7013,0.0,105,True,0.6668658432921646
7014,0.0,30,True,0.6668183409170458
7015,0.0,26,True,0.6667708385419271
7016,0.0,2,True,0.6667233361668083
7017,0.0,114,True,0.6666758337916896
7018,2.0,57,True,0.6666283314165709
7019,0.0,70,True,0.6665808290414521
7020,0.0,2,True,0.6665333266663334
7021,1.0,132,True,0.6664858242912146
7022,0.0,12,True,0.6664383219160959
7023,2.0,88,True,0.6663908195409771
7024,0.0,73,True,0.6663433171658584
7025,0.0,33,True,0.6662958147907396
7026,3.0,105,False,0.6662483124156208
7027,0.0,28,True,0.666200810040502
7028,0.0,55,True,0.6661533076653833
7029,1.0,67,True,0.6661058052902645
7030,0.0,9,True,0.6660583029151458
7031,1.0,47,True,0.666010800540027
7032,0.0,16,True,0.6659632981649083
7033,0.0,3,True,0.6659157957897894
7034,0.0,8,True,0.6658682934146707
7035,0.0,14,True,0.6658207910395519
7036,0.0,31,True,0.6657732886644332
7037,0.0,16,True,0.6657257862893144
7038,0.0,25,True,0.6656782839141957
7039,0.0,18,True,0.665630781539077
7040,0.0,71,True,0.6655832791639582
7041,2.0,104,True,0.6655357767888395
7042,0.0,29,True,0.6654882744137207
7043,0.0,26,True,0.665440772038602
7044,0.0,3,True,0.6653932696634832
7045,0.0,37,True,0.6653457672883645
7046,0.0,7,True,0.6652982649132457
7047,0.0,119,True,0.665250762538127
7048,0.0,4,True,0.6652032601630082
7049,0.0,22,True,0.6651557577878895
7050,1.0,90,True,0.6651082554127707
7051,0.0,80,True,0.6650607530376519
7052,0.0,16,True,0.6650132506625331
7053,0.0,12,True,0.6649657482874144
7054,0.0,14,True,0.6649182459122955
7055,1.0,46,True,0.6648707435371768
7056,0.0,10,True,0.6648232411620582
7057,2.0,147,True,0.6647757387869394
7058,1.0,80,True,0.6647282364118205
7059,0.0,8,True,0.6646807340367018
7060,3.0,83,False,0.6646332316615831
7061,0.0,61,True,0.6645857292864643
7062,0.0,7,True,0.6645382269113456
7063,1.0,56,True,0.6644907245362268
7064,0.0,12,True,0.6644432221611081
7065,0.0,37,True,0.6643957197859893
7066,0.0,14,True,0.6643482174108706
7067,0.0,16,True,0.6643007150357518
7068,0.0,32,True,0.6642532126606331
7069,0.0,6,True,0.6642057102855143
7070,0.0,5,True,0.6641582079103956
7071,3.0,57,False,0.6641107055352768
7072,2.0,46,True,0.664063203160158
7073,0.0,18,True,0.6640157007850392
7074,0.0,11,True,0.6639681984099206
7075,0.0,26,True,0.6639206960348017
7076,0.0,33,True,0.663873193659683
7077,2.0,87,True,0.6638256912845643
7078,0.0,11,True,0.6637781889094455
7079,0.0,62,True,0.6637306865343267
7080,0.0,50,True,0.6636831841592079
7081,0.0,4,True,0.6636356817840892
7082,0.0,23,True,0.6635881794089704
7083,1.0,84,True,0.6635406770338517
7084,0.0,4,True,0.6634931746587329
7085,0.0,9,True,0.6634456722836142
7086,0.0,4,True,0.6633981699084954
7087,0.0,18,True,0.6633506675333767
7088,0.0,34,True,0.6633031651582579
7089,0.0,11,True,0.6632556627831392
7090,0.0,33,True,0.6632081604080204
7091,0.0,4,True,0.6631606580329017
7092,0.0,34,True,0.663113155657783
7093,0.0,19,True,0.6630656532826642
7094,0.0,9,True,0.6630181509075455
7095,0.0,67,True,0.6629706485324267
7096,2.0,183,True,0.6629231461573079
7097,3.0,114,False,0.6628756437821891
7098,0.0,55,True,0.6628281414070704
7099,0.0,14,True,0.6627806390319516
7100,2.0,56,True,0.6627331366568329
7101,0.0,12,True,0.6626856342817141
7102,0.0,41,True,0.6626381319065954
7103,0.0,24,True,0.6625906295314765
7104,0.0,8,True,0.6625431271563578
7105,3.0,42,False,0.662495624781239
7106,1.0,131,True,0.6624481224061203
7107,2.0,111,True,0.6624006200310015
7108,0.0,3,True,0.6623531176558828
7109,0.0,5,True,0.662305615280764
7110,0.0,8,True,0.6622581129056453
7111,0.0,28,True,0.6622106105305265
7112,0.0,4,True,0.6621631081554078
7113,0.0,8,True,0.662115605780289
7114,0.0,23,True,0.6620681034051703
7115,0.0,62,True,0.6620206010300516
7116,0.0,33,True,0.6619730986549328
7117,0.0,8,True,0.6619255962798141
7118,0.0,15,True,0.6618780939046953
7119,0.0,21,True,0.6618305915295766
7120,2.0,112,True,0.6617830891544578
7121,0.0,8,True,0.661735586779339
7122,0.0,15,True,0.6616880844042202
7123,0.0,4,True,0.6616405820291015
7124,0.0,14,True,0.6615930796539826
7125,3.0,90,False,0.6615455772788639
7126,0.0,26,True,0.6614980749037452
7127,0.0,11,True,0.6614505725286265
7128,3.0,63,False,0.6614030701535076
7129,2.0,108,True,0.6613555677783889
7130,0.0,21,True,0.6613080654032701
7131,0.0,7,True,0.6612605630281514
7132,0.0,15,True,0.6612130606530326
7133,0.0,19,True,0.6611655582779139
7134,0.0,4,True,0.6611180559027952
7135,0.0,55,True,0.6610705535276764
7136,0.0,5,True,0.6610230511525577
7137,0.0,7,True,0.6609755487774389
7138,0.0,5,True,0.6609280464023202
7139,0.0,13,True,0.6608805440272014
7140,0.0,37,True,0.6608330416520827
7141,3.0,132,False,0.6607855392769639
7142,0.0,41,True,0.6607380369018451
7143,0.0,81,True,0.6606905345267263
7144,0.0,57,True,0.6606430321516077
7145,0.0,17,True,0.6605955297764888
7146,2.0,90,True,0.6605480274013701
7147,0.0,24,True,0.6605005250262513
7148,1.0,84,True,0.6604530226511326
7149,3.0,144,False,0.6604055202760137
7150,0.0,16,True,0.660358017900895
7151,0.0,9,True,0.6603105155257762
7152,0.0,24,True,0.6602630131506575
7153,1.0,68,True,0.6602155107755387
7154,3.0,79,False,0.66016800840042
7155,2.0,101,True,0.6601205060253013
7156,0.0,6,True,0.6600730036501825
7157,3.0,95,False,0.6600255012750638
7158,0.0,18,True,0.659977998899945
7159,0.0,13,True,0.6599304965248263
7160,0.0,10,True,0.6598829941497075
7161,1.0,67,True,0.6598354917745888
7162,0.0,36,True,0.65978798939947
7163,0.0,18,True,0.6597404870243513
7164,0.0,5,True,0.6596929846492325
7165,0.0,78,True,0.6596454822741138
7166,0.0,24,True,0.6595979798989949
7167,0.0,35,True,0.6595504775238762
7168,2.0,102,True,0.6595029751487574
7169,0.0,30,True,0.6594554727736387
7170,0.0,13,True,0.65940797039852
7171,2.0,51,True,0.6593604680234012
7172,2.0,73,True,0.6593129656482825
7173,0.0,55,True,0.6592654632731636
7174,0.0,26,True,0.6592179608980449
7175,1.0,80,True,0.6591704585229261
7176,2.0,98,True,0.6591229561478074
7177,2.0,91,True,0.6590754537726886
7178,0.0,26,True,0.6590279513975699
7179,0.0,23,True,0.6589804490224511
7180,0.0,5,True,0.6589329466473324
7181,1.0,40,True,0.6588854442722136
7182,2.0,63,True,0.6588379418970949
7183,0.0,84,True,0.6587904395219761
7184,2.0,106,True,0.6587429371468574
7185,2.0,75,True,0.6586954347717386
7186,2.0,58,True,0.6586479323966199
7187,0.0,5,True,0.6586004300215011
7188,0.0,14,True,0.6585529276463824
7189,0.0,16,True,0.6585054252712637
7190,2.0,144,True,0.6584579228961449
7191,0.0,9,True,0.658410420521026
7192,0.0,26,True,0.6583629181459073
7193,0.0,34,True,0.6583154157707886
7194,0.0,28,True,0.6582679133956697
7195,0.0,15,True,0.658220411020551
7196,0.0,80,True,0.6581729086454323
7197,0.0,22,True,0.6581254062703136
7198,3.0,88,False,0.6580779038951947
7199,2.0,76,True,0.658030401520076
7200,2.0,96,True,0.6579828991449572
7201,0.0,7,True,0.6579353967698385
7202,3.0,73,False,0.6578878943947197
7203,0.0,48,True,0.657840392019601
7204,0.0,70,True,0.6577928896444822
7205,0.0,48,True,0.6577453872693635
7206,0.0,7,True,0.6576978848942447
7207,3.0,200,False,0.657650382519126
7208,3.0,106,False,0.6576028801440073
7209,0.0,13,True,0.6575553777688885
7210,0.0,4,True,0.6575078753937698
7211,1.0,87,True,0.657460373018651
7212,2.0,81,True,0.6574128706435322
7213,1.0,84,True,0.6573653682684134
7214,0.0,16,True,0.6573178658932948
7215,3.0,162,False,0.6572703635181759
7216,0.0,66,True,0.6572228611430572
7217,0.0,41,True,0.6571753587679384
7218,3.0,155,False,0.6571278563928197
7219,0.0,25,True,0.6570803540177008
7220,0.0,10,True,0.6570328516425821
7221,0.0,34,True,0.6569853492674633
7222,0.0,13,True,0.6569378468923446
7223,3.0,37,False,0.6568903445172258
7224,2.0,66,True,0.6568428421421071
7225,1.0,172,True,0.6567953397669883
7226,0.0,16,True,0.6567478373918696
7227,0.0,23,True,0.6567003350167508
7228,0.0,62,True,0.6566528326416321
7229,0.0,24,True,0.6566053302665134
7230,0.0,19,True,0.6565578278913946
7231,0.0,10,True,0.6565103255162759
7232,0.0,49,True,0.6564628231411571
7233,0.0,11,True,0.6564153207660384
7234,0.0,53,True,0.6563678183909196
7235,0.0,34,True,0.6563203160158009
7236,3.0,154,False,0.656272813640682
7237,0.0,65,True,0.6562253112655633
7238,0.0,63,True,0.6561778088904445
7239,2.0,38,True,0.6561303065153258
7240,1.0,84,True,0.656082804140207
7241,0.0,4,True,0.6560353017650883
7242,0.0,13,True,0.6559877993899695
7243,0.0,23,True,0.6559402970148507
7244,2.0,118,True,0.6558927946397319
7245,3.0,64,False,0.6558452922646132
7246,1.0,72,True,0.6557977898894944
7247,0.0,7,True,0.6557502875143757
7248,0.0,21,True,0.655702785139257
7249,0.0,12,True,0.6556552827641382
7250,0.0,60,True,0.6556077803890195
7251,0.0,26,True,0.6555602780139007
7252,0.0,6,True,0.655512775638782
7253,0.0,14,True,0.6554652732636632
7254,0.0,9,True,0.6554177708885445
7255,0.0,18,True,0.6553702685134257
7256,2.0,152,True,0.655322766138307
7257,0.0,36,True,0.6552752637631882
7258,0.0,6,True,0.6552277613880695
7259,0.0,37,True,0.6551802590129507
7260,0.0,16,True,0.655132756637832
7261,0.0,35,True,0.6550852542627131
7262,0.0,16,True,0.6550377518875944
7263,0.0,10,True,0.6549902495124756
7264,0.0,6,True,0.6549427471373568
7265,0.0,6,True,0.654895244762238
7266,3.0,97,False,0.6548477423871194
7267,2.0,110,True,0.6548002400120007
7268,0.0,62,True,0.6547527376368818
7269,0.0,4,True,0.654705235261763
7270,0.0,5,True,0.6546577328866443
7271,0.0,44,True,0.6546102305115256
7272,1.0,223,True,0.6545627281364068
7273,1.0,62,True,0.6545152257612881
7274,0.0,7,True,0.6544677233861693
7275,0.0,9,True,0.6544202210110506
7276,0.0,78,True,0.6543727186359318
7277,1.0,57,True,0.6543252162608131
7278,1.0,80,True,0.6542777138856943
7279,0.0,17,True,0.6542302115105756
7280,3.0,106,False,0.6541827091354568
7281,0.0,32,True,0.6541352067603381
7282,0.0,5,True,0.6540877043852192
7283,0.0,25,True,0.6540402020101005
7284,0.0,10,True,0.6539926996349819
7285,0.0,35,True,0.653945197259863
7286,0.0,20,True,0.6538976948847443
7287,0.0,18,True,0.6538501925096255
7288,0.0,18,True,0.6538026901345068
7289,2.0,71,True,0.6537551877593879
7290,0.0,113,True,0.6537076853842692
7291,2.0,85,True,0.6536601830091504
7292,0.0,12,True,0.6536126806340317
7293,0.0,43,True,0.6535651782589129
7294,0.0,14,True,0.6535176758837942
7295,0.0,15,True,0.6534701735086754
7296,0.0,24,True,0.6534226711335567
7297,2.0,66,True,0.6533751687584379
7298,0.0,11,True,0.6533276663833192
7299,0.0,3,True,0.6532801640082004
7300,0.0,88,True,0.6532326616330817
7301,1.0,92,True,0.6531851592579629
7302,0.0,11,True,0.6531376568828442
7303,3.0,108,False,0.6530901545077255
7304,1.0,65,True,0.6530426521326067
7305,0.0,16,True,0.652995149757488
7306,1.0,89,True,0.6529476473823691
7307,0.0,20,True,0.6529001450072504
7308,0.0,18,True,0.6528526426321316
7309,0.0,9,True,0.6528051402570129
7310,2.0,112,True,0.6527576378818941
7311,0.0,80,True,0.6527101355067754
7312,0.0,25,True,0.6526626331316566
7313,0.0,18,True,0.6526151307565378
7314,0.0,11,True,0.652567628381419
7315,0.0,6,True,0.6525201260063003
7316,0.0,8,True,0.6524726236311815
7317,0.0,4,True,0.6524251212560628
7318,0.0,37,True,0.652377618880944
7319,0.0,3,True,0.6523301165058253
7320,0.0,11,True,0.6522826141307065
7321,0.0,69,True,0.6522351117555878
7322,0.0,24,True,0.652187609380469
7323,0.0,30,True,0.6521401070053503
7324,1.0,108,True,0.6520926046302316
7325,2.0,94,True,0.6520451022551128
7326,0.0,131,True,0.6519975998799941
7327,3.0,99,False,0.6519500975048753
7328,0.0,54,True,0.6519025951297566
7329,0.0,49,True,0.6518550927546378
7330,0.0,33,True,0.6518075903795191
7331,0.0,10,True,0.6517600880044002
7332,0.0,5,True,0.6517125856292815
7333,1.0,52,True,0.6516650832541627
7334,0.0,22,True,0.651617580879044
7335,0.0,25,True,0.6515700785039251
7336,0.0,20,True,0.6515225761288065
7337,0.0,29,True,0.6514750737536877
7338,0.0,5,True,0.6514275713785689
7339,0.0,2,True,0.6513800690034501
7340,0.0,55,True,0.6513325666283314
7341,0.0,12,True,0.6512850642532126
7342,0.0,4,True,0.6512375618780939
7343,3.0,77,False,0.6511900595029751
7344,1.0,48,True,0.6511425571278564
7345,0.0,15,True,0.6510950547527377
7346,0.0,46,True,0.6510475523776189
7347,0.0,114,True,0.6510000500025002
7348,0.0,10,True,0.6509525476273814
7349,1.0,109,True,0.6509050452522627
7350,0.0,10,True,0.6508575428771439
7351,2.0,75,True,0.6508100405020252
7352,0.0,41,True,0.6507625381269063
7353,2.0,103,True,0.6507150357517876
7354,1.0,82,True,0.6506675333766689
7355,0.0,34,True,0.6506200310015502
7356,0.0,12,True,0.6505725286264313
7357,0.0,3,True,0.6505250262513126
7358,0.0,25,True,0.6504775238761938
7359,0.0,21,True,0.650430021501075
7360,0.0,79,True,0.6503825191259562
7361,0.0,28,True,0.6503350167508375
7362,0.0,53,True,0.6502875143757187
7363,0.0,17,True,0.6502400120006
7364,0.0,27,True,0.6501925096254813
7365,0.0,64,True,0.6501450072503625
7366,0.0,10,True,0.6500975048752438
7367,0.0,5,True,0.650050002500125
7368,0.0,5,True,0.6500025001250063
7369,0.0,2,True,0.6499549977498875
7370,0.0,35,True,0.6499074953747688
7371,0.0,78,True,0.64985999299965
7372,0.0,4,True,0.6498124906245313
7373,0.0,2,True,0.6497649882494125
7374,0.0,29,True,0.6497174858742938
7375,0.0,24,True,0.649669983499175
7376,0.0,70,True,0.6496224811240563
7377,0.0,26,True,0.6495749787489374
7378,0.0,23,True,0.6495274763738187
7379,0.0,91,True,0.6494799739986999
7380,0.0,17,True,0.6494324716235812
7381,0.0,5,True,0.6493849692484625
7382,0.0,68,True,0.6493374668733437
7383,1.0,40,True,0.649289964498225
7384,0.0,4,True,0.6492424621231061
7385,0.0,2,True,0.6491949597479874
7386,0.0,91,True,0.6491474573728686
7387,0.0,59,True,0.6490999549977499
7388,0.0,11,True,0.6490524526226311
7389,1.0,61,True,0.6490049502475124
7390,0.0,29,True,0.6489574478723936
7391,0.0,13,True,0.6489099454972749
7392,0.0,31,True,0.6488624431221561
7393,0.0,13,True,0.6488149407470374
7394,0.0,83,True,0.6487674383719186
7395,2.0,80,True,0.6487199359967999
7396,0.0,15,True,0.6486724336216811
7397,0.0,13,True,0.6486249312465624
7398,0.0,32,True,0.6485774288714437
7399,0.0,15,True,0.6485299264963249
7400,0.0,92,True,0.6484824241212062
7401,0.0,2,True,0.6484349217460873
7402,0.0,47,True,0.6483874193709686
7403,0.0,45,True,0.6483399169958498
7404,0.0,4,True,0.6482924146207311
7405,0.0,16,True,0.6482449122456122
7406,0.0,15,True,0.6481974098704936
7407,0.0,7,True,0.6481499074953748
7408,0.0,12,True,0.648102405120256
7409,0.0,58,True,0.6480549027451372
7410,0.0,12,True,0.6480074003700185
7411,0.0,13,True,0.6479598979948997
7412,3.0,64,False,0.647912395619781
7413,0.0,14,True,0.6478648932446622
7414,0.0,15,True,0.6478173908695435
7415,0.0,37,True,0.6477698884944247
7416,0.0,12,True,0.647722386119306
7417,1.0,63,True,0.6476748837441872
7418,3.0,54,False,0.6476273813690685
7419,0.0,50,True,0.6475798789939498
7420,0.0,22,True,0.647532376618831
7421,0.0,91,True,0.6474848742437123
7422,0.0,49,True,0.6474373718685934
7423,0.0,8,True,0.6473898694934747
7424,0.0,40,True,0.647342367118356
7425,0.0,28,True,0.6472948647432373
7426,2.0,58,True,0.6472473623681184
7427,0.0,59,True,0.6471998599929997
7428,2.0,119,True,0.6471523576178809
7429,2.0,107,True,0.6471048552427621
7430,1.0,113,True,0.6470573528676433
7431,0.0,24,True,0.6470098504925246
7432,0.0,3,True,0.6469623481174058
7433,0.0,16,True,0.6469148457422871
7434,0.0,22,True,0.6468673433671683
7435,0.0,5,True,0.6468198409920496
7436,3.0,74,False,0.6467723386169308
7437,0.0,49,True,0.6467248362418121
7438,0.0,7,True,0.6466773338666933
7439,0.0,41,True,0.6466298314915746
7440,0.0,35,True,0.6465823291164559
7441,0.0,11,True,0.6465348267413371
7442,0.0,65,True,0.6464873243662184
7443,0.0,26,True,0.6464398219910996
7444,0.0,12,True,0.6463923196159809
7445,0.0,44,True,0.6463448172408621
7446,0.0,25,True,0.6462973148657434
7447,0.0,25,True,0.6462498124906245
7448,2.0,89,True,0.6462023101155058
7449,0.0,13,True,0.646154807740387
7450,2.0,76,True,0.6461073053652683
7451,0.0,43,True,0.6460598029901495
7452,0.0,63,True,0.6460123006150308
7453,1.0,48,True,0.645964798239912
7454,2.0,91,True,0.6459172958647932
7455,0.0,25,True,0.6458697934896744
7456,0.0,13,True,0.6458222911145557
7457,0.0,15,True,0.645774788739437
7458,3.0,68,False,0.6457272863643182
7459,0.0,42,True,0.6456797839891995
7460,0.0,65,True,0.6456322816140807
7461,0.0,15,True,0.645584779238962
7462,0.0,26,True,0.6455372768638432
7463,0.0,9,True,0.6454897744887245
7464,0.0,16,True,0.6454422721136057
7465,2.0,155,True,0.645394769738487
7466,0.0,3,True,0.6453472673633682
7467,0.0,4,True,0.6452997649882495
7468,0.0,86,True,0.6452522626131307
7469,0.0,15,True,0.645204760238012
7470,0.0,29,True,0.6451572578628932
7471,0.0,26,True,0.6451097554877744
7472,3.0,55,False,0.6450622531126556
7473,0.0,5,True,0.6450147507375369
7474,0.0,45,True,0.6449672483624181
7475,0.0,13,True,0.6449197459872993
7476,0.0,44,True,0.6448722436121807
7477,0.0,5,True,0.6448247412370619
7478,0.0,92,True,0.644777238861943
7479,3.0,94,False,0.6447297364868243
7480,1.0,76,True,0.6446822341117056
7481,0.0,20,True,0.6446347317365868
7482,0.0,51,True,0.6445872293614681
7483,2.0,96,True,0.6445397269863493
7484,0.0,11,True,0.6444922246112306
7485,1.0,50,True,0.6444447222361118
7486,0.0,3,True,0.6443972198609931
7487,0.0,14,True,0.6443497174858743
7488,0.0,29,True,0.6443022151107556
7489,0.0,88,True,0.6442547127356368
7490,0.0,13,True,0.6442072103605181
7491,1.0,112,True,0.6441597079853993
7492,0.0,12,True,0.6441122056102805
7493,0.0,2,True,0.6440647032351617
7494,0.0,26,True,0.6440172008600431
7495,0.0,20,True,0.6439696984849244
7496,0.0,13,True,0.6439221961098055
7497,0.0,84,True,0.6438746937346868
7498,0.0,14,True,0.643827191359568
7499,0.0,5,True,0.6437796889844491
7500,0.0,67,True,0.6437321866093304
7501,0.0,18,True,0.6436846842342117
7502,0.0,3,True,0.643637181859093
7503,0.0,23,True,0.6435896794839742
7504,0.0,6,True,0.6435421771088554
7505,0.0,70,True,0.6434946747337367
7506,2.0,65,True,0.6434471723586179
7507,3.0,87,False,0.6433996699834992
7508,0.0,62,True,0.6433521676083804
7509,0.0,8,True,0.6433046652332617
7510,0.0,16,True,0.6432571628581429
7511,0.0,17,True,0.6432096604830242
7512,0.0,3,True,0.6431621581079054
7513,3.0,140,False,0.6431146557327867
7514,0.0,23,True,0.643067153357668
7515,0.0,9,True,0.6430196509825492
7516,0.0,39,True,0.6429721486074305
7517,1.0,75,True,0.6429246462323116
7518,0.0,25,True,0.6428771438571929
7519,0.0,4,True,0.6428296414820741
7520,2.0,76,True,0.6427821391069554
7521,0.0,6,True,0.6427346367318366
7522,1.0,63,True,0.6426871343567179
7523,0.0,13,True,0.6426396319815991
7524,0.0,23,True,0.6425921296064803
7525,0.0,17,True,0.6425446272313615
7526,0.0,59,True,0.6424971248562428
7527,0.0,10,True,0.642449622481124
7528,0.0,11,True,0.6424021201060053
7529,0.0,64,True,0.6423546177308865
7530,3.0,70,False,0.6423071153557678
7531,1.0,64,True,0.642259612980649
7532,0.0,20,True,0.6422121106055303
7533,0.0,20,True,0.6421646082304115
7534,2.0,154,True,0.6421171058552928
7535,0.0,11,True,0.6420696034801741
7536,0.0,10,True,0.6420221011050553
7537,0.0,13,True,0.6419745987299366
7538,0.0,10,True,0.6419270963548178
7539,0.0,9,True,0.6418795939796991
7540,1.0,97,True,0.6418320916045803
7541,0.0,22,True,0.6417845892294615
7542,0.0,30,True,0.6417370868543427
7543,0.0,29,True,0.641689584479224
7544,0.0,60,True,0.6416420821041052
7545,0.0,5,True,0.6415945797289864
7546,3.0,104,False,0.6415470773538677
7547,0.0,15,True,0.641499574978749
7548,0.0,32,True,0.6414520726036301
7549,0.0,9,True,0.6414045702285114
7550,0.0,33,True,0.6413570678533926
7551,0.0,42,True,0.6413095654782739
7552,0.0,11,True,0.6412620631031551
7553,0.0,5,True,0.6412145607280364
7554,0.0,52,True,0.6411670583529177
7555,0.0,15,True,0.6411195559777989
7556,0.0,6,True,0.6410720536026802
7557,0.0,33,True,0.6410245512275614
7558,1.0,146,True,0.6409770488524427
7559,3.0,71,False,0.6409295464773239
7560,0.0,75,True,0.6408820441022052
7561,0.0,28,True,0.6408345417270864
7562,0.0,36,True,0.6407870393519676
7563,3.0,65,False,0.6407395369768489
7564,0.0,22,True,0.6406920346017302
7565,3.0,91,False,0.6406445322266114
7566,1.0,51,True,0.6405970298514926
7567,0.0,25,True,0.6405495274763738
7568,0.0,3,True,0.6405020251012551
7569,0.0,23,True,0.6404545227261362
7570,2.0,118,True,0.6404070203510175
7571,1.0,52,True,0.6403595179758987
7572,0.0,24,True,0.6403120156007801
7573,0.0,16,True,0.6402645132256612
7574,2.0,71,True,0.6402170108505425
7575,0.0,4,True,0.6401695084754238
7576,0.0,50,True,0.640122006100305
7577,1.0,73,True,0.6400745037251863
7578,0.0,18,True,0.6400270013500675
7579,0.0,14,True,0.6399794989749488
7580,0.0,19,True,0.63993199659983
7581,0.0,31,True,0.6398844942247113
7582,0.0,21,True,0.6398369918495925
7583,0.0,33,True,0.6397894894744738
7584,0.0,39,True,0.639741987099355
7585,1.0,81,True,0.6396944847242363
7586,0.0,29,True,0.6396469823491175
7587,0.0,39,True,0.6395994799739987
7588,0.0,22,True,0.6395519775988799
7589,0.0,11,True,0.6395044752237612
7590,3.0,106,False,0.6394569728486424
7591,0.0,11,True,0.6394094704735237
7592,0.0,37,True,0.639361968098405
7593,0.0,14,True,0.6393144657232862
7594,0.0,10,True,0.6392669633481673
7595,3.0,80,False,0.6392194609730486
7596,2.0,145,True,0.6391719585979299
7597,0.0,21,True,0.6391244562228111
7598,0.0,102,True,0.6390769538476924
7599,0.0,29,True,0.6390294514725736
7600,0.0,17,True,0.6389819490974549
7601,0.0,12,True,0.6389344467223361
7602,2.0,250,False,0.6388869443472174
7603,0.0,5,True,0.6388394419720986
7604,0.0,11,True,0.6387919395969799
7605,1.0,66,True,0.6387444372218611
7606,3.0,154,False,0.6386969348467424
7607,0.0,10,True,0.6386494324716236
7608,0.0,77,True,0.6386019300965049
7609,0.0,35,True,0.6385544277213862
7610,0.0,29,True,0.6385069253462674
7611,0.0,9,True,0.6384594229711485
7612,0.0,11,True,0.6384119205960298
7613,2.0,119,True,0.6383644182209111
7614,0.0,32,True,0.6383169158457923
7615,0.0,25,True,0.6382694134706735
7616,0.0,16,True,0.6382219110955548
7617,0.0,3,True,0.6381744087204361
7618,3.0,131,False,0.6381269063453172
7619,0.0,40,True,0.6380794039701985
7620,0.0,18,True,0.6380319015950797
7621,0.0,52,True,0.637984399219961
7622,0.0,13,True,0.6379368968448422
7623,0.0,58,True,0.6378893944697235
7624,0.0,7,True,0.6378418920946047
7625,1.0,66,True,0.637794389719486
7626,2.0,66,True,0.6377468873443672
7627,2.0,72,True,0.6376993849692485
7628,0.0,62,True,0.6376518825941297
7629,0.0,23,True,0.637604380219011
7630,0.0,42,True,0.6375568778438923
7631,0.0,16,True,0.6375093754687735
7632,0.0,62,True,0.6374618730936547
7633,3.0,87,False,0.637414370718536
7634,0.0,41,True,0.6373668683434173
7635,0.0,15,True,0.6373193659682985
7636,0.0,15,True,0.6372718635931797
7637,0.0,4,True,0.6372243612180609
7638,1.0,58,True,0.6371768588429422
7639,0.0,3,True,0.6371293564678233
7640,0.0,50,True,0.6370818540927046
7641,0.0,4,True,0.6370343517175858
7642,0.0,2,True,0.6369868493424672
7643,0.0,29,True,0.6369393469673483
7644,0.0,12,True,0.6368918445922296
7645,1.0,30,True,0.6368443422171108
7646,0.0,21,True,0.6367968398419921
7647,0.0,44,True,0.6367493374668733
7648,0.0,20,True,0.6367018350917546
7649,1.0,53,True,0.6366543327166359
7650,0.0,7,True,0.6366068303415171
7651,0.0,52,True,0.6365593279663984
7652,2.0,46,True,0.6365118255912796
7653,0.0,35,True,0.6364643232161609
7654,0.0,29,True,0.6364168208410421
7655,0.0,8,True,0.6363693184659234
7656,0.0,6,True,0.6363218160908046
7657,0.0,5,True,0.6362743137156858
7658,0.0,69,True,0.636226811340567
7659,0.0,30,True,0.6361793089654483
7660,0.0,28,True,0.6361318065903295
7661,0.0,3,True,0.6360843042152108
7662,0.0,48,True,0.636036801840092
7663,0.0,18,True,0.6359892994649733
7664,0.0,38,True,0.6359417970898544
7665,1.0,51,True,0.6358942947147357
7666,2.0,110,True,0.6358467923396169
7667,3.0,92,False,0.6357992899644982
7668,2.0,50,True,0.6357517875893794
7669,2.0,150,True,0.6357042852142607
7670,0.0,18,True,0.635656782839142
7671,0.0,14,True,0.6356092804640232
7672,0.0,6,True,0.6355617780889045
7673,0.0,29,True,0.6355142757137857
7674,0.0,38,True,0.635466773338667
7675,0.0,6,True,0.6354192709635482
7676,0.0,42,True,0.6353717685884295
7677,0.0,77,True,0.6353242662133107
7678,1.0,47,True,0.635276763838192
7679,0.0,15,True,0.6352292614630732
7680,0.0,7,True,0.6351817590879545
7681,0.0,52,True,0.6351342567128357
7682,0.0,26,True,0.6350867543377169
7683,0.0,11,True,0.6350392519625981
7684,0.0,35,True,0.6349917495874794
7685,0.0,44,True,0.6349442472123605
7686,0.0,24,True,0.6348967448372419
7687,0.0,35,True,0.6348492424621232
7688,0.0,2,True,0.6348017400870044
7689,0.0,27,True,0.6347542377118855
7690,0.0,3,True,0.6347067353367668
7691,3.0,140,False,0.6346592329616481
7692,0.0,9,True,0.6346117305865293
7693,0.0,14,True,0.6345642282114106
7694,2.0,182,True,0.6345167258362918
7695,3.0,50,False,0.6344692234611731
7696,0.0,67,True,0.6344217210860543
7697,0.0,15,True,0.6343742187109356
7698,1.0,88,True,0.6343267163358168
7699,0.0,26,True,0.6342792139606981
7700,3.0,89,False,0.6342317115855793
7701,0.0,20,True,0.6341842092104606
7702,0.0,4,True,0.6341367068353418
7703,0.0,32,True,0.6340892044602231
7704,1.0,50,True,0.6340417020851044
7705,2.0,117,True,0.6339941997099856
7706,3.0,118,False,0.6339466973348667
7707,3.0,120,False,0.633899194959748
7708,3.0,143,False,0.6338516925846293
7709,0.0,25,True,0.6338041902095105
7710,0.0,43,True,0.6337566878343917
7711,0.0,6,True,0.6337091854592729
7712,1.0,98,True,0.6336616830841543
7713,3.0,67,False,0.6336141807090354
7714,0.0,12,True,0.6335666783339167
7715,0.0,14,True,0.6335191759587979
7716,0.0,40,True,0.6334716735836792
7717,0.0,10,True,0.6334241712085604
7718,0.0,39,True,0.6333766688334417
7719,0.0,4,True,0.6333291664583229
7720,0.0,23,True,0.6332816640832042
7721,0.0,12,True,0.6332341617080854
7722,0.0,15,True,0.6331866593329667
7723,0.0,18,True,0.633139156957848
7724,2.0,124,True,0.6330916545827292
7725,0.0,36,True,0.6330441522076105
7726,0.0,6,True,0.6329966498324917
7727,0.0,15,True,0.6329491474573729
7728,0.0,16,True,0.6329016450822541
7729,0.0,11,True,0.6328541427071354
7730,0.0,15,True,0.6328066403320167
7731,0.0,13,True,0.6327591379568979
7732,0.0,34,True,0.6327116355817791
7733,0.0,20,True,0.6326641332066604
7734,0.0,27,True,0.6326166308315415
7735,3.0,64,False,0.6325691284564228
7736,0.0,4,True,0.632521626081304
7737,0.0,5,True,0.6324741237061853
7738,0.0,20,True,0.6324266213310665
7739,2.0,156,True,0.6323791189559478
7740,0.0,37,True,0.632331616580829
7741,0.0,5,True,0.6322841142057103
7742,3.0,62,False,0.6322366118305915
7743,0.0,59,True,0.6321891094554728
7744,2.0,93,True,0.632141607080354
7745,0.0,15,True,0.6320941047052353
7746,1.0,96,True,0.6320466023301166
7747,1.0,45,True,0.6319990999549978
7748,0.0,17,True,0.6319515975798791
7749,0.0,10,True,0.6319040952047603
7750,0.0,43,True,0.6318565928296416
7751,2.0,54,True,0.6318090904545228
7752,0.0,8,True,0.631761588079404
7753,3.0,67,False,0.6317140857042852
7754,0.0,11,True,0.6316665833291665
7755,0.0,4,True,0.6316190809540476
7756,1.0,44,True,0.631571578578929
7757,0.0,39,True,0.6315240762038102
7758,3.0,98,False,0.6314765738286915
7759,0.0,2,True,0.6314290714535726
7760,0.0,25,True,0.6313815690784539
7761,0.0,64,True,0.6313340667033351
7762,0.0,4,True,0.6312865643282164
7763,0.0,6,True,0.6312390619530976
7764,1.0,63,True,0.6311915595779789
7765,1.0,36,True,0.6311440572028602
7766,0.0,8,True,0.6310965548277414
7767,0.0,33,True,0.6310490524526227
7768,0.0,35,True,0.6310015500775039
7769,0.0,6,True,0.6309540477023852
7770,0.0,3,True,0.6309065453272664
7771,0.0,7,True,0.6308590429521477
7772,2.0,240,True,0.6308115405770289
7773,0.0,3,True,0.6307640382019102
7774,0.0,14,True,0.6307165358267914
7775,0.0,5,True,0.6306690334516727
7776,0.0,11,True,0.6306215310765538
7777,0.0,6,True,0.6305740287014351
7778,1.0,80,True,0.6305265263263163
7779,1.0,85,True,0.6304790239511976
7780,3.0,59,False,0.6304315215760787
7781,0.0,17,True,0.63038401920096
7782,0.0,3,True,0.6303365168258414
7783,3.0,89,False,0.6302890144507225
7784,0.0,95,True,0.6302415120756037
7785,0.0,29,True,0.630194009700485
7786,0.0,18,True,0.6301465073253663
7787,0.0,17,True,0.6300990049502475
7788,0.0,47,True,0.6300515025751288
7789,0.0,60,True,0.63000400020001
7790,0.0,7,True,0.6299564978248913
7791,0.0,5,True,0.6299089954497725
7792,0.0,36,True,0.6298614930746538
7793,0.0,30,True,0.629813990699535
7794,1.0,130,True,0.6297664883244163
7795,3.0,81,False,0.6297189859492975
7796,0.0,8,True,0.6296714835741788
7797,0.0,3,True,0.6296239811990599
7798,0.0,12,True,0.6295764788239412
7799,0.0,18,True,0.6295289764488224
7800,0.0,24,True,0.6294814740737038
7801,0.0,7,True,0.629433971698585
7802,1.0,67,True,0.6293864693234662
7803,0.0,42,True,0.6293389669483475
7804,0.0,24,True,0.6292914645732286
7805,0.0,40,True,0.6292439621981099
7806,0.0,115,True,0.6291964598229911
7807,0.0,14,True,0.6291489574478724
7808,0.0,73,True,0.6291014550727536
7809,0.0,30,True,0.6290539526976349
7810,0.0,5,True,0.6290064503225161
7811,3.0,94,False,0.6289589479473974
7812,1.0,44,True,0.6289114455722786
7813,0.0,12,True,0.6288639431971599
7814,0.0,20,True,0.6288164408220411
7815,0.0,15,True,0.6287689384469224
7816,0.0,37,True,0.6287214360718036
7817,2.0,59,True,0.6286739336966849
7818,0.0,11,True,0.6286264313215661
7819,2.0,85,True,0.6285789289464474
7820,3.0,64,False,0.6285314265713287
7821,1.0,100,True,0.6284839241962099
7822,1.0,40,True,0.628436421821091
7823,3.0,94,False,0.6283889194459723
7824,0.0,103,True,0.6283414170708536
7825,1.0,50,True,0.6282939146957347
7826,0.0,16,True,0.6282464123206161
7827,0.0,55,True,0.6281989099454973
7828,0.0,72,True,0.6281514075703786
7829,1.0,69,True,0.6281039051952597
7830,2.0,87,True,0.628056402820141
7831,0.0,5,True,0.6280089004450222
7832,0.0,34,True,0.6279613980699035
7833,1.0,102,True,0.6279138956947847
7834,0.0,28,True,0.627866393319666
7835,0.0,22,True,0.6278188909445472
7836,0.0,12,True,0.6277713885694285
7837,0.0,30,True,0.6277238861943097
7838,0.0,55,True,0.627676383819191
7839,3.0,53,False,0.6276288814440723
7840,2.0,70,True,0.6275813790689535
7841,0.0,28,True,0.6275338766938348
7842,0.0,7,True,0.627486374318716
7843,2.0,94,True,0.6274388719435973
7844,0.0,3,True,0.6273913695684785
7845,0.0,13,True,0.6273438671933598
7846,0.0,16,True,0.6272963648182409
7847,0.0,103,True,0.6272488624431222
7848,1.0,124,True,0.6272013600680034
7849,3.0,92,False,0.6271538576928847
7850,0.0,32,True,0.6271063553177658
7851,0.0,108,True,0.6270588529426471
7852,0.0,17,True,0.6270113505675284
7853,0.0,32,True,0.6269638481924096
7854,0.0,41,True,0.6269163458172908
7855,0.0,75,True,0.6268688434421721
7856,0.0,34,True,0.6268213410670533
7857,0.0,9,True,0.6267738386919346
7858,1.0,71,True,0.6267263363168158
7859,0.0,10,True,0.6266788339416971
7860,0.0,32,True,0.6266313315665784
7861,0.0,18,True,0.6265838291914596
7862,0.0,21,True,0.6265363268163409
7863,0.0,49,True,0.6264888244412221
7864,1.0,35,True,0.6264413220661034
7865,0.0,50,True,0.6263938196909846
7866,0.0,6,True,0.6263463173158659
7867,0.0,37,True,0.626298814940747
7868,0.0,4,True,0.6262513125656283
7869,0.0,12,True,0.6262038101905095
7870,0.0,21,True,0.6261563078153909
7871,3.0,88,False,0.626108805440272
7872,0.0,39,True,0.6260613030651533
7873,0.0,58,True,0.6260138006900345
7874,2.0,69,True,0.6259662983149157
7875,2.0,93,True,0.6259187959397969
7876,0.0,21,True,0.6258712935646782
7877,0.0,51,True,0.6258237911895594
7878,3.0,101,False,0.6257762888144407
7879,2.0,72,True,0.625728786439322
7880,0.0,26,True,0.6256812840642032
7881,3.0,82,False,0.6256337816890845
7882,0.0,83,True,0.6255862793139657
7883,0.0,20,True,0.625538776938847
7884,2.0,81,True,0.6254912745637282
7885,0.0,70,True,0.6254437721886095
7886,1.0,63,True,0.6253962698134907
7887,0.0,20,True,0.625348767438372
7888,3.0,93,False,0.6253012650632532
7889,3.0,65,False,0.6252537626881345
7890,0.0,114,True,0.6252062603130157
7891,2.0,107,True,0.625158757937897
7892,0.0,16,True,0.6251112555627781
7893,0.0,67,True,0.6250637531876594
7894,0.0,10,True,0.6250162508125406
7895,0.0,23,True,0.6249687484374218
7896,0.0,53,True,0.6249212460623031
7897,2.0,103,True,0.6248737436871844
7898,0.0,43,True,0.6248262413120657
7899,3.0,75,False,0.6247787389369468
7900,0.0,23,True,0.624731236561828
7901,0.0,25,True,0.6246837341867093
7902,1.0,66,True,0.6246362318115906
7903,3.0,68,False,0.6245887294364718
7904,0.0,55,True,0.6245412270613531
7905,0.0,2,True,0.6244937246862343
7906,3.0,104,False,0.6244462223111156
7907,0.0,4,True,0.6243987199359968
7908,0.0,55,True,0.6243512175608781
7909,2.0,77,True,0.6243037151857593
7910,0.0,15,True,0.6242562128106406
7911,0.0,6,True,0.6242087104355218
7912,0.0,20,True,0.6241612080604031
7913,2.0,51,True,0.6241137056852843
7914,3.0,103,False,0.6240662033101656
7915,0.0,18,True,0.6240187009350469
7916,3.0,65,False,0.623971198559928
7917,0.0,25,True,0.6239236961848093
7918,1.0,87,True,0.6238761938096905
7919,3.0,93,False,0.6238286914345718
7920,0.0,10,True,0.6237811890594529
7921,1.0,78,True,0.6237336866843342
7922,0.0,11,True,0.6236861843092155
7923,2.0,116,True,0.6236386819340967
7924,1.0,66,True,0.6235911795589779
7925,3.0,90,False,0.6235436771838592
7926,0.0,13,True,0.6234961748087404
7927,2.0,53,True,0.6234486724336217
7928,2.0,57,True,0.6234011700585029
7929,0.0,61,True,0.6233536676833842
7930,0.0,95,True,0.6233061653082654
7931,0.0,42,True,0.6232586629331467
7932,0.0,15,True,0.6232111605580279
7933,0.0,25,True,0.6231636581829092
7934,1.0,74,True,0.6231161558077905
7935,3.0,74,False,0.6230686534326717
7936,0.0,40,True,0.623021151057553
7937,3.0,98,False,0.6229736486824341
7938,3.0,89,False,0.6229261463073154
7939,0.0,30,True,0.6228786439321966
7940,0.0,30,True,0.622831141557078
7941,0.0,15,True,0.6227836391819591
7942,0.0,4,True,0.6227361368068404
7943,0.0,27,True,0.6226886344317216
7944,0.0,35,True,0.6226411320566028
7945,0.0,10,True,0.622593629681484
7946,0.0,15,True,0.6225461273063653
7947,0.0,93,True,0.6224986249312465
7948,0.0,29,True,0.6224511225561278
7949,0.0,24,True,0.622403620181009
7950,0.0,37,True,0.6223561178058903
7951,0.0,24,True,0.6223086154307715
7952,1.0,66,True,0.6222611130556528
7953,0.0,15,True,0.622213610680534
7954,1.0,64,True,0.6221661083054153
7955,0.0,36,True,0.6221186059302966
7956,0.0,17,True,0.6220711035551778
7957,0.0,12,True,0.6220236011800591
7958,1.0,78,True,0.6219760988049403
7959,3.0,82,False,0.6219285964298216
7960,0.0,14,True,0.6218810940547028
7961,0.0,54,True,0.6218335916795841
7962,0.0,54,True,0.6217860893044652
7963,1.0,76,True,0.6217385869293465
7964,0.0,19,True,0.6216910845542277
7965,0.0,19,True,0.6216435821791089
7966,0.0,8,True,0.6215960798039902
7967,0.0,24,True,0.6215485774288715
7968,0.0,4,True,0.6215010750537527
7969,0.0,47,True,0.6214535726786339
7970,0.0,7,True,0.6214060703035151
7971,1.0,86,True,0.6213585679283964
7972,0.0,22,True,0.6213110655532776
7973,0.0,9,True,0.6212635631781589
7974,0.0,33,True,0.6212160608030401
7975,3.0,103,False,0.6211685584279214
7976,0.0,7,True,0.6211210560528027
7977,0.0,10,True,0.6210735536776839
7978,2.0,63,True,0.6210260513025652
7979,0.0,8,True,0.6209785489274464
7980,3.0,151,False,0.6209310465523277
7981,0.0,2,True,0.6208835441772089
7982,0.0,5,True,0.6208360418020902
7983,0.0,25,True,0.6207885394269714
7984,0.0,7,True,0.6207410370518527
7985,0.0,6,True,0.6206935346767339
7986,0.0,49,True,0.6206460323016151
7987,0.0,8,True,0.6205985299264963
7988,0.0,82,True,0.6205510275513776
7989,0.0,17,True,0.6205035251762588
7990,1.0,74,True,0.62045602280114
7991,3.0,83,False,0.6204085204260212
7992,0.0,33,True,0.6203610180509026
7993,0.0,27,True,0.6203135156757837
7994,0.0,6,True,0.620266013300665
7995,0.0,54,True,0.6202185109255463
7996,0.0,15,True,0.6201710085504275
7997,0.0,41,True,0.6201235061753088
7998,0.0,33,True,0.62007600380019
7999,0.0,9,True,0.6200285014250713
8000,1.0,70,True,0.6199809990499525
8001,0.0,17,True,0.6199334966748338
8002,0.0,10,True,0.619885994299715
8003,0.0,16,True,0.6198384919245963
8004,0.0,47,True,0.6197909895494775
8005,0.0,16,True,0.6197434871743588
8006,1.0,46,True,0.61969598479924
8007,0.0,39,True,0.6196484824241212
8008,2.0,96,True,0.6196009800490024
8009,3.0,60,False,0.6195534776738837
8010,0.0,9,True,0.619505975298765
8011,0.0,34,True,0.6194584729236462
8012,3.0,87,False,0.6194109705485275
8013,2.0,65,True,0.6193634681734087
8014,2.0,50,True,0.6193159657982898
8015,0.0,46,True,0.6192684634231711
8016,0.0,23,True,0.6192209610480524
8017,0.0,13,True,0.6191734586729336
8018,1.0,77,True,0.6191259562978149
8019,0.0,16,True,0.6190784539226961
8020,0.0,97,True,0.6190309515475774
8021,0.0,34,True,0.6189834491724586
8022,3.0,96,False,0.6189359467973399
8023,0.0,6,True,0.6188884444222211
8024,0.0,10,True,0.6188409420471024
8025,3.0,111,False,0.6187934396719836
8026,0.0,13,True,0.6187459372968649
8027,0.0,80,True,0.6186984349217461
8028,0.0,43,True,0.6186509325466274
8029,0.0,26,True,0.6186034301715087
8030,0.0,16,True,0.6185559277963899
8031,1.0,107,True,0.6185084254212712
8032,3.0,145,False,0.6184609230461523
8033,0.0,4,True,0.6184134206710336
8034,0.0,3,True,0.6183659182959148
8035,0.0,24,True,0.618318415920796
8036,0.0,23,True,0.6182709135456773
8037,0.0,19,True,0.6182234111705586
8038,0.0,32,True,0.6181759087954398
8039,0.0,5,True,0.618128406420321
8040,1.0,40,True,0.6180809040452022
8041,2.0,54,True,0.6180334016700835
8042,0.0,68,True,0.6179858992949647
8043,2.0,70,True,0.617938396919846
8044,3.0,76,False,0.6178908945447272
8045,0.0,16,True,0.6178433921696085
8046,0.0,17,True,0.6177958897944897
8047,0.0,9,True,0.617748387419371
8048,0.0,11,True,0.6177008850442522
8049,0.0,13,True,0.6176533826691335
8050,2.0,65,True,0.6176058802940148
8051,3.0,73,False,0.617558377918896
8052,0.0,2,True,0.6175108755437773
8053,0.0,8,True,0.6174633731686585
8054,2.0,63,True,0.6174158707935398
8055,3.0,55,False,0.617368368418421
8056,2.0,53,True,0.6173208660433023
8057,0.0,66,True,0.6172733636681834
8058,0.0,8,True,0.6172258612930647
8059,0.0,12,True,0.6171783589179459
8060,0.0,8,True,0.6171308565428271
8061,0.0,10,True,0.6170833541677083
8062,1.0,58,True,0.6170358517925897
8063,0.0,19,True,0.6169883494174709
8064,0.0,40,True,0.6169408470423521
8065,0.0,81,True,0.6168933446672333
8066,0.0,10,True,0.6168458422921146
8067,0.0,73,True,0.6167983399169958
8068,1.0,47,True,0.6167508375418771
8069,0.0,8,True,0.6167033351667583
8070,1.0,68,True,0.6166558327916396
8071,0.0,73,True,0.6166083304165209
8072,0.0,47,True,0.6165608280414021
8073,0.0,48,True,0.6165133256662834
8074,0.0,30,True,0.6164658232911646
8075,0.0,9,True,0.6164183209160459
8076,0.0,10,True,0.6163708185409271
8077,0.0,70,True,0.6163233161658084
8078,0.0,5,True,0.6162758137906895
8079,0.0,7,True,0.6162283114155708
8080,0.0,13,True,0.6161808090404521
8081,0.0,3,True,0.6161333066653333
8082,0.0,101,True,0.6160858042902145
8083,0.0,29,True,0.6160383019150958
8084,3.0,133,False,0.615990799539977
8085,0.0,43,True,0.6159432971648582
8086,0.0,28,True,0.6158957947897394
8087,0.0,19,True,0.6158482924146207
8088,0.0,31,True,0.6158007900395019
8089,0.0,46,True,0.6157532876643832
8090,0.0,2,True,0.6157057852892645
8091,0.0,47,True,0.6156582829141457
8092,0.0,7,True,0.615610780539027
8093,3.0,79,False,0.6155632781639082
8094,1.0,57,True,0.6155157757887895
8095,3.0,78,False,0.6154682734136707
8096,1.0,50,True,0.615420771038552
8097,3.0,73,False,0.6153732686634332
8098,0.0,15,True,0.6153257662883145
8099,0.0,28,True,0.6152782639131957
8100,0.0,9,True,0.615230761538077
8101,3.0,98,False,0.6151832591629582
8102,0.0,13,True,0.6151357567878394
8103,0.0,12,True,0.6150882544127206
8104,2.0,141,True,0.6150407520376019
8105,1.0,63,True,0.6149932496624831
8106,0.0,3,True,0.6149457472873644
8107,2.0,51,True,0.6148982449122457
8108,0.0,8,True,0.6148507425371269
8109,0.0,28,True,0.614803240162008
8110,0.0,34,True,0.6147557377868893
8111,0.0,4,True,0.6147082354117706
8112,0.0,37,True,0.6146607330366518
8113,0.0,25,True,0.6146132306615331
8114,0.0,8,True,0.6145657282864143
8115,0.0,132,True,0.6145182259112956
8116,0.0,11,True,0.6144707235361768
8117,1.0,64,True,0.6144232211610581
8118,2.0,84,True,0.6143757187859393
8119,0.0,4,True,0.6143282164108206
8120,0.0,17,True,0.6142807140357018
8121,0.0,44,True,0.6142332116605831
8122,0.0,14,True,0.6141857092854643
8123,3.0,75,False,0.6141382069103456
8124,3.0,73,False,0.6140907045352269
8125,0.0,6,True,0.6140432021601081
8126,0.0,62,True,0.6139956997849894
8127,0.0,14,True,0.6139481974098705
8128,0.0,25,True,0.6139006950347518
8129,0.0,40,True,0.613853192659633
8130,0.0,62,True,0.6138056902845141
8131,1.0,92,True,0.6137581879093954
8132,0.0,27,True,0.6137106855342768
8133,2.0,69,True,0.613663183159158
8134,1.0,77,True,0.6136156807840392
8135,0.0,7,True,0.6135681784089204
8136,0.0,27,True,0.6135206760338017
8137,0.0,19,True,0.6134731736586829
8138,0.0,6,True,0.6134256712835642
8139,0.0,24,True,0.6133781689084454
8140,0.0,81,True,0.6133306665333267
8141,3.0,79,False,0.6132831641582079
8142,0.0,5,True,0.6132356617830892
8143,0.0,10,True,0.6131881594079704
8144,0.0,8,True,0.6131406570328517
8145,0.0,25,True,0.613093154657733
8146,1.0,104,True,0.6130456522826142
8147,1.0,37,True,0.6129981499074955
8148,3.0,47,False,0.6129506475323766
8149,0.0,39,True,0.6129031451572579
8150,0.0,9,True,0.6128556427821392
8151,1.0,62,True,0.6128081404070204
8152,0.0,5,True,0.6127606380319016
8153,0.0,4,True,0.6127131356567829
8154,0.0,97,True,0.6126656332816641
8155,0.0,47,True,0.6126181309065453
8156,0.0,20,True,0.6125706285314265
8157,0.0,29,True,0.6125231261563078
8158,0.0,42,True,0.612475623781189
8159,2.0,94,True,0.6124281214060703
8160,0.0,19,True,0.6123806190309515
8161,0.0,19,True,0.6123331166558328
8162,1.0,43,True,0.612285614280714
8163,0.0,96,True,0.6122381119055953
8164,0.0,16,True,0.6121906095304765
8165,3.0,113,False,0.6121431071553578
8166,0.0,20,True,0.612095604780239
8167,2.0,112,True,0.6120481024051203
8168,0.0,3,True,0.6120006000300016
8169,0.0,27,True,0.6119530976548828
8170,0.0,4,True,0.6119055952797641
8171,1.0,50,True,0.6118580929046453
8172,0.0,13,True,0.6118105905295265
8173,0.0,7,True,0.6117630881544077
8174,0.0,30,True,0.611715585779289
8175,2.0,64,True,0.6116680834041702
8176,0.0,7,True,0.6116205810290515
8177,0.0,29,True,0.6115730786539327
8178,0.0,29,True,0.611525576278814
8179,0.0,6,True,0.6114780739036951
8180,3.0,89,False,0.6114305715285764
8181,0.0,6,True,0.6113830691534576
8182,0.0,20,True,0.6113355667783389
8183,2.0,151,True,0.6112880644032201
8184,3.0,94,False,0.6112405620281014
8185,1.0,123,True,0.6111930596529827
8186,1.0,54,True,0.6111455572778639
8187,0.0,101,True,0.6110980549027452
8188,2.0,73,True,0.6110505525276264
8189,0.0,74,True,0.6110030501525077
8190,0.0,33,True,0.6109555477773889
8191,0.0,12,True,0.6109080454022702
8192,0.0,16,True,0.6108605430271514
8193,3.0,117,False,0.6108130406520327
8194,0.0,19,True,0.6107655382769139
8195,3.0,106,False,0.6107180359017952
8196,0.0,48,True,0.6106705335266764
8197,3.0,71,False,0.6106230311515576
8198,0.0,38,True,0.6105755287764388
8199,0.0,22,True,0.6105280264013201
8200,0.0,8,True,0.6104805240262012
8201,0.0,59,True,0.6104330216510825
8202,0.0,24,True,0.6103855192759639
8203,3.0,63,False,0.6103380169008451
8204,0.0,30,True,0.6102905145257262
8205,0.0,22,True,0.6102430121506075
8206,0.0,6,True,0.6101955097754888
8207,0.0,56,True,0.61014800740037
8208,1.0,65,True,0.6101005050252513
8209,0.0,22,True,0.6100530026501325
8210,0.0,62,True,0.6100055002750138
8211,3.0,96,False,0.609957997899895
8212,0.0,2,True,0.6099104955247763
8213,0.0,23,True,0.6098629931496575
8214,2.0,97,True,0.6098154907745388
8215,0.0,2,True,0.60976798839942
8216,0.0,17,True,0.6097204860243013
8217,2.0,83,True,0.6096729836491825
8218,0.0,5,True,0.6096254812740637
8219,0.0,41,True,0.6095779788989449
8220,1.0,50,True,0.6095304765238263
8221,2.0,32,True,0.6094829741487074
8222,0.0,44,True,0.6094354717735887
8223,0.0,14,True,0.60938796939847
8224,0.0,22,True,0.6093404670233512
8225,0.0,5,True,0.6092929646482323
8226,0.0,41,True,0.6092454622731136
8227,0.0,21,True,0.6091979598979949
8228,0.0,7,True,0.6091504575228761
8229,2.0,46,True,0.6091029551477574
8230,0.0,39,True,0.6090554527726386
8231,0.0,9,True,0.6090079503975199
8232,0.0,15,True,0.6089604480224011
8233,0.0,15,True,0.6089129456472824
8234,1.0,58,True,0.6088654432721636
8235,2.0,134,True,0.6088179408970449
8236,0.0,6,True,0.6087704385219261
8237,0.0,9,True,0.6087229361468074
8238,0.0,27,True,0.6086754337716886
8239,1.0,125,True,0.6086279313965699
8240,0.0,18,True,0.6085804290214512
8241,0.0,23,True,0.6085329266463324
8242,0.0,21,True,0.6084854242712135
8243,0.0,6,True,0.6084379218960948
8244,2.0,100,True,0.6083904195209761
8245,0.0,3,True,0.6083429171458573
8246,3.0,92,False,0.6082954147707386
8247,2.0,63,True,0.6082479123956198
8248,0.0,20,True,0.6082004100205011
8249,0.0,10,True,0.6081529076453822
8250,0.0,12,True,0.6081054052702635
8251,0.0,77,True,0.6080579028951447
8252,0.0,2,True,0.608010400520026
8253,0.0,5,True,0.6079628981449072
8254,1.0,128,True,0.6079153957697885
8255,0.0,13,True,0.6078678933946697
8256,0.0,46,True,0.607820391019551
8257,0.0,28,True,0.6077728886444322
8258,0.0,14,True,0.6077253862693135
8259,0.0,17,True,0.6076778838941947
8260,3.0,49,False,0.607630381519076
8261,0.0,9,True,0.6075828791439573
8262,0.0,38,True,0.6075353767688385
8263,0.0,58,True,0.6074878743937198
8264,0.0,16,True,0.607440372018601
8265,1.0,46,True,0.6073928696434823
8266,3.0,111,False,0.6073453672683635
8267,2.0,60,True,0.6072978648932447
8268,3.0,78,False,0.6072503625181259
8269,3.0,168,False,0.6072028601430072
8270,0.0,59,True,0.6071553577678883
8271,1.0,115,True,0.6071078553927696
8272,0.0,11,True,0.6070603530176509
8273,0.0,141,True,0.6070128506425322
8274,0.0,39,True,0.6069653482674133
8275,0.0,40,True,0.6069178458922946
8276,1.0,80,True,0.6068703435171758
8277,0.0,24,True,0.6068228411420571
8278,0.0,37,True,0.6067753387669383
8279,3.0,76,False,0.6067278363918196
8280,1.0,59,True,0.6066803340167009
8281,1.0,37,True,0.6066328316415821
8282,3.0,92,False,0.6065853292664634
8283,0.0,4,True,0.6065378268913446
8284,0.0,16,True,0.6064903245162259
8285,0.0,50,True,0.6064428221411071
8286,0.0,53,True,0.6063953197659884
8287,0.0,24,True,0.6063478173908696
8288,0.0,54,True,0.6063003150157508
8289,3.0,94,False,0.606252812640632
8290,0.0,7,True,0.6062053102655134
8291,2.0,67,True,0.6061578078903945
8292,0.0,45,True,0.6061103055152758
8293,0.0,3,True,0.606062803140157
8294,3.0,83,False,0.6060153007650383
8295,0.0,28,True,0.6059677983899194
8296,0.0,20,True,0.6059202960148007
8297,0.0,55,True,0.6058727936396819
8298,1.0,126,True,0.6058252912645632
8299,0.0,8,True,0.6057777888894444
8300,3.0,54,False,0.6057302865143257
8301,3.0,80,False,0.605682784139207
8302,3.0,117,False,0.6056352817640882
8303,0.0,28,True,0.6055877793889695
8304,2.0,96,True,0.6055402770138507
8305,0.0,21,True,0.605492774638732
8306,3.0,69,False,0.6054452722636132
8307,0.0,50,True,0.6053977698884945
8308,0.0,18,True,0.6053502675133757
8309,0.0,45,True,0.605302765138257
8310,0.0,14,True,0.6052552627631382
8311,1.0,62,True,0.6052077603880195
8312,2.0,220,True,0.6051602580129006
8313,0.0,68,True,0.6051127556377819
8314,3.0,62,False,0.6050652532626631
8315,0.0,12,True,0.6050177508875444
8316,0.0,46,True,0.6049702485124256
8317,0.0,5,True,0.6049227461373069
8318,0.0,36,True,0.6048752437621882
8319,0.0,12,True,0.6048277413870693
8320,2.0,102,True,0.6047802390119505
8321,0.0,28,True,0.6047327366368318
8322,3.0,97,False,0.6046852342617131
8323,0.0,17,True,0.6046377318865943
8324,3.0,110,False,0.6045902295114756
8325,0.0,5,True,0.6045427271363568
8326,0.0,24,True,0.6044952247612381
8327,0.0,4,True,0.6044477223861193
8328,0.0,21,True,0.6044002200110006
8329,1.0,48,True,0.6043527176358818
8330,0.0,26,True,0.6043052152607631
8331,0.0,4,True,0.6042577128856443
8332,0.0,20,True,0.6042102105105256
8333,1.0,118,True,0.6041627081354068
8334,1.0,87,True,0.6041152057602881
8335,0.0,14,True,0.6040677033851694
8336,3.0,96,False,0.6040202010100506
8337,1.0,27,True,0.6039726986349317
8338,3.0,97,False,0.603925196259813
8339,2.0,51,True,0.6038776938846943
8340,0.0,9,True,0.6038301915095754
8341,1.0,68,True,0.6037826891344567
8342,2.0,71,True,0.603735186759338
8343,0.0,38,True,0.6036876843842193
8344,2.0,158,True,0.6036401820091004
8345,2.0,81,True,0.6035926796339817
8346,2.0,100,True,0.6035451772588629
8347,1.0,53,True,0.6034976748837442
8348,0.0,38,True,0.6034501725086254
8349,0.0,48,True,0.6034026701335067
8350,0.0,3,True,0.6033551677583879
8351,0.0,4,True,0.6033076653832692
8352,0.0,33,True,0.6032601630081504
8353,0.0,118,True,0.6032126606330317
8354,0.0,4,True,0.603165158257913
8355,3.0,55,False,0.6031176558827942
8356,3.0,67,False,0.6030701535076755
8357,0.0,28,True,0.6030226511325567
8358,0.0,53,True,0.6029751487574379
8359,0.0,11,True,0.6029276463823191
8360,0.0,13,True,0.6028801440072005
8361,0.0,10,True,0.6028326416320816
8362,0.0,2,True,0.6027851392569629
8363,1.0,93,True,0.6027376368818441
8364,2.0,62,True,0.6026901345067254
8365,0.0,14,True,0.6026426321316065
8366,3.0,127,False,0.6025951297564878
8367,2.0,82,True,0.602547627381369
8368,0.0,4,True,0.6025001250062503
8369,0.0,27,True,0.6024526226311315
8370,0.0,49,True,0.6024051202560128
8371,0.0,16,True,0.602357617880894
8372,3.0,99,False,0.6023101155057753
8373,0.0,24,True,0.6022626131306565
8374,0.0,61,True,0.6022151107555378
8375,0.0,2,True,0.602167608380419
8376,0.0,7,True,0.6021201060053003
8377,0.0,25,True,0.6020726036301816
8378,0.0,11,True,0.6020251012550628
8379,3.0,73,False,0.6019775988799441
8380,0.0,8,True,0.6019300965048253
8381,2.0,145,True,0.6018825941297066
8382,0.0,5,True,0.6018350917545877
8383,0.0,18,True,0.601787589379469
8384,0.0,45,True,0.6017400870043502
8385,1.0,80,True,0.6016925846292315
8386,1.0,55,True,0.6016450822541127
8387,0.0,49,True,0.601597579878994
8388,0.0,12,True,0.6015500775038752
8389,0.0,25,True,0.6015025751287564
8390,2.0,98,True,0.6014550727536376
8391,0.0,21,True,0.6014075703785189
8392,3.0,67,False,0.6013600680034001
8393,0.0,16,True,0.6013125656282814
8394,2.0,117,True,0.6012650632531626
8395,0.0,2,True,0.6012175608780439
8396,2.0,58,True,0.6011700585029252
8397,0.0,18,True,0.6011225561278064
8398,0.0,14,True,0.6010750537526877
8399,0.0,56,True,0.6010275513775689
8400,0.0,37,True,0.6009800490024502
8401,0.0,27,True,0.6009325466273314
8402,2.0,80,True,0.6008850442522127
8403,3.0,89,False,0.6008375418770939
8404,0.0,29,True,0.6007900395019752
8405,3.0,102,False,0.6007425371268564
8406,0.0,18,True,0.6006950347517377
8407,0.0,5,True,0.6006475323766188
8408,0.0,7,True,0.6006000300015001
8409,3.0,57,False,0.6005525276263813
8410,3.0,94,False,0.6005050252512626
8411,2.0,92,True,0.6004575228761437
8412,0.0,23,True,0.6004100205010251
8413,3.0,51,False,0.6003625181259064
8414,3.0,66,False,0.6003150157507875
8415,0.0,48,True,0.6002675133756687
8416,0.0,4,True,0.60022001100055
8417,0.0,38,True,0.6001725086254313
8418,0.0,22,True,0.6001250062503125
8419,3.0,74,False,0.6000775038751938
8420,3.0,79,False,0.600030001500075
8421,0.0,13,True,0.5999824991249563
8422,0.0,112,True,0.5999349967498375
8423,3.0,94,False,0.5998874943747188
8424,0.0,4,True,0.5998399919996
8425,0.0,61,True,0.5997924896244813
8426,1.0,56,True,0.5997449872493625
8427,0.0,21,True,0.5996974848742438
8428,0.0,9,True,0.5996499824991249
8429,0.0,12,True,0.5996024801240062
8430,0.0,19,True,0.5995549777488876
8431,0.0,4,True,0.5995074753737688
8432,0.0,70,True,0.59945997299865
8433,0.0,5,True,0.5994124706235312
8434,0.0,10,True,0.5993649682484125
8435,0.0,34,True,0.5993174658732936
8436,2.0,105,True,0.5992699634981749
8437,0.0,10,True,0.5992224611230561
8438,0.0,12,True,0.5991749587479374
8439,0.0,13,True,0.5991274563728186
8440,1.0,67,True,0.5990799539976999
8441,2.0,74,True,0.5990324516225811
8442,3.0,72,False,0.5989849492474624
8443,0.0,30,True,0.5989374468723436
8444,0.0,3,True,0.5988899444972249
8445,1.0,44,True,0.5988424421221061
8446,2.0,40,True,0.5987949397469874
8447,0.0,34,True,0.5987474373718686
8448,3.0,42,False,0.5986999349967499
8449,0.0,29,True,0.5986524326216311
8450,2.0,67,True,0.5986049302465124
8451,0.0,41,True,0.5985574278713937
8452,0.0,6,True,0.5985099254962749
8453,0.0,12,True,0.598462423121156
8454,0.0,3,True,0.5984149207460373
8455,0.0,80,True,0.5983674183709186
8456,1.0,72,True,0.5983199159957998
8457,0.0,24,True,0.5982724136206811
8458,0.0,5,True,0.5982249112455623
8459,0.0,45,True,0.5981774088704436
8460,0.0,16,True,0.5981299064953247
8461,0.0,19,True,0.598082404120206
8462,0.0,92,True,0.5980349017450872
8463,0.0,49,True,0.5979873993699685
8464,0.0,10,True,0.5979398969948497
8465,3.0,87,False,0.597892394619731
8466,0.0,34,True,0.5978448922446122
8467,0.0,28,True,0.5977973898694935
8468,1.0,98,True,0.5977498874943747
8469,1.0,102,True,0.597702385119256
8470,0.0,13,True,0.5976548827441373
8471,3.0,84,False,0.5976073803690185
8472,0.0,7,True,0.5975598779938998
8473,3.0,74,False,0.597512375618781
8474,0.0,19,True,0.5974648732436623
8475,0.0,20,True,0.5974173708685435
8476,0.0,21,True,0.5973698684934248
8477,0.0,4,True,0.5973223661183059
8478,2.0,105,True,0.5972748637431872
8479,0.0,26,True,0.5972273613680684
8480,0.0,15,True,0.5971798589929497
8481,0.0,11,True,0.5971323566178308
8482,1.0,71,True,0.5970848542427122
8483,0.0,16,True,0.5970373518675934
8484,0.0,7,True,0.5969898494924746
8485,0.0,47,True,0.5969423471173558
8486,3.0,167,False,0.5968948447422371
8487,0.0,29,True,0.5968473423671183
8488,0.0,24,True,0.5967998399919996
8489,0.0,8,True,0.5967523376168808
8490,0.0,7,True,0.5967048352417621
8491,0.0,34,True,0.5966573328666434
8492,2.0,109,True,0.5966098304915246
8493,0.0,16,True,0.5965623281164059
8494,0.0,6,True,0.5965148257412871
8495,0.0,8,True,0.5964673233661684
8496,0.0,31,True,0.5964198209910496
8497,0.0,26,True,0.5963723186159309
8498,3.0,82,False,0.596324816240812
8499,0.0,23,True,0.5962773138656933
8500,0.0,8,True,0.5962298114905746
8501,2.0,60,True,0.5961823091154559
8502,0.0,8,True,0.596134806740337
8503,0.0,16,True,0.5960873043652183
8504,0.0,7,True,0.5960398019900995
8505,0.0,21,True,0.5959922996149807
8506,0.0,40,True,0.5959447972398619
8507,0.0,6,True,0.5958972948647432
8508,3.0,54,False,0.5958497924896244
8509,0.0,10,True,0.5958022901145057
8510,0.0,9,True,0.595754787739387
8511,0.0,8,True,0.5957072853642682
8512,0.0,7,True,0.5956597829891495
8513,1.0,34,True,0.5956122806140307
8514,1.0,74,True,0.595564778238912
8515,2.0,122,True,0.5955172758637932
8516,2.0,89,True,0.5954697734886745
8517,1.0,38,True,0.5954222711135557
8518,0.0,26,True,0.595374768738437
8519,0.0,103,True,0.5953272663633182
8520,0.0,5,True,0.5952797639881995
8521,1.0,81,True,0.5952322616130807
8522,0.0,33,True,0.595184759237962
8523,0.0,32,True,0.5951372568628431
8524,0.0,18,True,0.5950897544877244
8525,0.0,11,True,0.5950422521126056
8526,2.0,61,True,0.5949947497374869
8527,0.0,39,True,0.5949472473623681
8528,3.0,108,False,0.5948997449872494
8529,0.0,32,True,0.5948522426121307
8530,3.0,103,False,0.5948047402370118
8531,3.0,68,False,0.594757237861893
8532,1.0,54,True,0.5947097354867743
8533,1.0,42,True,0.5946622331116556
8534,0.0,19,True,0.5946147307365368
8535,0.0,10,True,0.5945672283614181
8536,0.0,36,True,0.5945197259862993
8537,0.0,19,True,0.5944722236111806
8538,3.0,74,False,0.5944247212360618
8539,0.0,15,True,0.5943772188609431
8540,3.0,63,False,0.5943297164858243
8541,0.0,23,True,0.5942822141107056
8542,0.0,30,True,0.5942347117355868
8543,0.0,42,True,0.5941872093604681
8544,0.0,7,True,0.5941397069853493
8545,3.0,81,False,0.5940922046102306
8546,0.0,5,True,0.5940447022351119
8547,3.0,148,False,0.593997199859993
8548,3.0,57,False,0.5939496974848743
8549,0.0,39,True,0.5939021951097555
8550,0.0,26,True,0.5938546927346368
8551,2.0,32,True,0.5938071903595179
8552,0.0,26,True,0.5937596879843993
8553,0.0,6,True,0.5937121856092805
8554,0.0,12,True,0.5936646832341617
8555,3.0,85,False,0.5936171808590429
8556,0.0,5,True,0.5935696784839242
8557,1.0,64,True,0.5935221761088054
8558,0.0,14,True,0.5934746737336867
8559,0.0,18,True,0.5934271713585679
8560,0.0,6,True,0.5933796689834492
8561,0.0,27,True,0.5933321666083304
8562,1.0,60,True,0.5932846642332117
8563,2.0,109,True,0.5932371618580929
8564,0.0,37,True,0.5931896594829742
8565,0.0,3,True,0.5931421571078554
8566,0.0,50,True,0.5930946547327367
8567,0.0,30,True,0.593047152357618
8568,0.0,7,True,0.5929996499824991
8569,0.0,37,True,0.5929521476073804
8570,0.0,21,True,0.5929046452322617
8571,0.0,10,True,0.592857142857143
8572,0.0,34,True,0.5928096404820241
8573,0.0,13,True,0.5927621381069054
8574,3.0,99,False,0.5927146357317866
8575,0.0,69,True,0.5926671333566678
8576,3.0,43,False,0.592619630981549
8577,1.0,65,True,0.5925721286064303
8578,0.0,20,True,0.5925246262313115
8579,0.0,34,True,0.5924771238561928
8580,3.0,110,False,0.592429621481074
8581,0.0,14,True,0.5923821191059553
8582,0.0,12,True,0.5923346167308365
8583,2.0,71,True,0.5922871143557178
8584,0.0,3,True,0.592239611980599
8585,0.0,6,True,0.5921921096054803
8586,0.0,5,True,0.5921446072303616
8587,0.0,25,True,0.5920971048552428
8588,0.0,7,True,0.5920496024801241
8589,0.0,10,True,0.5920021001050053
8590,0.0,18,True,0.5919545977298866
8591,0.0,23,True,0.5919070953547678
8592,3.0,90,False,0.5918595929796491
8593,0.0,22,True,0.5918120906045302
8594,3.0,99,False,0.5917645882294115
8595,0.0,15,True,0.5917170858542927
8596,0.0,16,True,0.591669583479174
8597,0.0,35,True,0.5916220811040552
8598,0.0,41,True,0.5915745787289365
8599,0.0,62,True,0.5915270763538177
8600,2.0,84,True,0.5914795739786989
8601,0.0,32,True,0.5914320716035801
8602,2.0,31,True,0.5913845692284614
8603,0.0,22,True,0.5913370668533426
8604,2.0,80,True,0.5912895644782239
8605,2.0,64,True,0.5912420621031051
8606,0.0,28,True,0.5911945597279864
8607,0.0,14,True,0.5911470573528677
8608,0.0,4,True,0.5910995549777489
8609,0.0,13,True,0.5910520526026302
8610,0.0,12,True,0.5910045502275114
8611,0.0,34,True,0.5909570478523927
8612,3.0,57,False,0.5909095454772739
8613,2.0,52,True,0.5908620431021552
8614,2.0,109,True,0.5908145407270364
8615,0.0,36,True,0.5907670383519177
8616,0.0,66,True,0.5907195359767989
8617,3.0,57,False,0.5906720336016801
8618,0.0,17,True,0.5906245312265613
8619,0.0,3,True,0.5905770288514426
8620,0.0,10,True,0.5905295264763238
8621,3.0,67,False,0.590482024101205
8622,0.0,92,True,0.5904345217260863
8623,0.0,52,True,0.5903870193509676
8624,0.0,33,True,0.5903395169758487
8625,0.0,15,True,0.59029201460073
8626,0.0,24,True,0.5902445122256113
8627,0.0,8,True,0.5901970098504925
8628,0.0,16,True,0.5901495074753738
8629,0.0,19,True,0.590102005100255
8630,0.0,24,True,0.5900545027251363
8631,2.0,78,True,0.5900070003500175
8632,0.0,27,True,0.5899594979748988
8633,0.0,3,True,0.58991199559978
8634,0.0,13,True,0.5898644932246613
8635,0.0,4,True,0.5898169908495425
8636,0.0,5,True,0.5897694884744238
8637,0.0,58,True,0.589721986099305
8638,0.0,11,True,0.5896744837241862
8639,2.0,78,True,0.5896269813490674
8640,0.0,6,True,0.5895794789739488
8641,0.0,12,True,0.58953197659883
8642,0.0,11,True,0.5894844742237112
8643,0.0,9,True,0.5894369718485925
8644,0.0,38,True,0.5893894694734737
8645,3.0,89,False,0.5893419670983548
8646,0.0,5,True,0.5892944647232361
8647,0.0,50,True,0.5892469623481174
8648,2.0,78,True,0.5891994599729986
8649,0.0,31,True,0.5891519575978799
8650,0.0,27,True,0.5891044552227611
8651,0.0,44,True,0.5890569528476424
8652,0.0,3,True,0.5890094504725236
8653,0.0,94,True,0.5889619480974049
8654,0.0,14,True,0.5889144457222861
8655,0.0,5,True,0.5888669433471674
8656,0.0,22,True,0.5888194409720486
8657,0.0,49,True,0.5887719385969299
8658,2.0,63,True,0.5887244362218111
8659,0.0,46,True,0.5886769338466924
8660,0.0,4,True,0.5886294314715736
8661,3.0,128,False,0.5885819290964549
8662,0.0,9,True,0.5885344267213362
8663,0.0,10,True,0.5884869243462173
8664,0.0,28,True,0.5884394219710986
8665,0.0,19,True,0.5883919195959798
8666,0.0,5,True,0.5883444172208611
8667,0.0,17,True,0.5882969148457423
8668,0.0,33,True,0.5882494124706236
8669,3.0,78,False,0.5882019100955048
8670,0.0,20,True,0.588154407720386
8671,0.0,26,True,0.5881069053452672
8672,1.0,68,True,0.5880594029701485
8673,3.0,111,False,0.5880119005950297
8674,0.0,14,True,0.587964398219911
8675,1.0,67,True,0.5879168958447922
8676,0.0,8,True,0.5878693934696735
8677,0.0,15,True,0.5878218910945547
8678,0.0,17,True,0.587774388719436
8679,0.0,11,True,0.5877268863443172
8680,0.0,31,True,0.5876793839691985
8681,0.0,22,True,0.5876318815940798
8682,0.0,10,True,0.587584379218961
8683,0.0,22,True,0.5875368768438423
8684,3.0,73,False,0.5874893744687235
8685,0.0,33,True,0.5874418720936048
8686,1.0,60,True,0.587394369718486
8687,0.0,35,True,0.5873468673433672
8688,0.0,14,True,0.5872993649682484
8689,3.0,66,False,0.5872518625931297
8690,0.0,5,True,0.5872043602180109
8691,0.0,8,True,0.5871568578428921
8692,2.0,91,True,0.5871093554677734
8693,3.0,58,False,0.5870618530926547
8694,2.0,130,True,0.5870143507175358
8695,1.0,105,True,0.5869668483424171
8696,0.0,19,True,0.5869193459672983
8697,2.0,46,True,0.5868718435921796
8698,0.0,7,True,0.5868243412170608
8699,0.0,8,True,0.5867768388419421
8700,0.0,6,True,0.5867293364668233
8701,1.0,86,True,0.5866818340917046
8702,0.0,5,True,0.5866343317165859
8703,0.0,71,True,0.5865868293414671
8704,0.0,15,True,0.5865393269663484
8705,2.0,45,True,0.5864918245912296
8706,0.0,7,True,0.5864443222161109
8707,0.0,49,True,0.5863968198409921
8708,3.0,70,False,0.5863493174658733
8709,2.0,49,True,0.5863018150907545
8710,1.0,87,True,0.5862543127156359
8711,0.0,39,True,0.5862068103405171
8712,1.0,44,True,0.5861593079653983
8713,0.0,4,True,0.5861118055902795
8714,0.0,13,True,0.5860643032151608
8715,1.0,48,True,0.5860168008400419
8716,0.0,22,True,0.5859692984649232
8717,0.0,28,True,0.5859217960898044
8718,0.0,17,True,0.5858742937146857
8719,0.0,31,True,0.5858267913395669
8720,0.0,68,True,0.5857792889644482
8721,0.0,13,True,0.5857317865893295
8722,3.0,89,False,0.5856842842142107
8723,2.0,75,True,0.585636781839092
8724,0.0,6,True,0.5855892794639732
8725,0.0,47,True,0.5855417770888545
8726,0.0,45,True,0.5854942747137357
8727,1.0,80,True,0.585446772338617
8728,0.0,41,True,0.5853992699634982
8729,2.0,184,True,0.5853517675883795
8730,2.0,94,True,0.5853042652132607
8731,0.0,59,True,0.585256762838142
8732,2.0,105,True,0.5852092604630232
8733,0.0,11,True,0.5851617580879044
8734,1.0,71,True,0.5851142557127856
8735,0.0,4,True,0.5850667533376669
8736,0.0,4,True,0.5850192509625481
8737,2.0,39,True,0.5849717485874294
8738,0.0,20,True,0.5849242462123107
8739,0.0,11,True,0.5848767438371919
8740,3.0,61,False,0.584829241462073
8741,0.0,34,True,0.5847817390869543
8742,1.0,51,True,0.5847342367118356
8743,0.0,10,True,0.5846867343367168
8744,0.0,4,True,0.5846392319615981
8745,2.0,45,True,0.5845917295864793
8746,0.0,13,True,0.5845442272113606
8747,0.0,5,True,0.5844967248362418
8748,3.0,91,False,0.5844492224611231
8749,1.0,107,True,0.5844017200860043
8750,3.0,83,False,0.5843542177108856
8751,0.0,7,True,0.5843067153357668
8752,0.0,17,True,0.5842592129606481
8753,0.0,23,True,0.5842117105855293
8754,2.0,93,True,0.5841642082104106
8755,0.0,10,True,0.5841167058352918
8756,0.0,8,True,0.5840692034601731
8757,2.0,101,True,0.5840217010850544
8758,1.0,66,True,0.5839741987099355
8759,0.0,17,True,0.5839266963348168
8760,0.0,35,True,0.583879193959698
8761,0.0,20,True,0.5838316915845791
8762,0.0,30,True,0.5837841892094605
8763,0.0,5,True,0.5837366868343418
8764,1.0,31,True,0.583689184459223
8765,0.0,7,True,0.5836416820841042
8766,0.0,6,True,0.5835941797089854
8767,3.0,50,False,0.5835466773338667
8768,0.0,28,True,0.5834991749587479
8769,0.0,21,True,0.5834516725836292
8770,0.0,3,True,0.5834041702085104
8771,0.0,24,True,0.5833566678333917
8772,0.0,23,True,0.5833091654582729
8773,3.0,79,False,0.5832616630831542
8774,3.0,42,False,0.5832141607080354
8775,0.0,22,True,0.5831666583329167
8776,0.0,7,True,0.583119155957798
8777,3.0,70,False,0.5830716535826792
8778,2.0,64,True,0.5830241512075605
8779,3.0,72,False,0.5829766488324417
8780,0.0,39,True,0.582929146457323
8781,3.0,127,False,0.5828816440822042
8782,0.0,21,True,0.5828341417070854
8783,0.0,29,True,0.5827866393319666
8784,3.0,72,False,0.5827391369568479
8785,0.0,8,True,0.5826916345817291
8786,0.0,16,True,0.5826441322066103
8787,3.0,117,False,0.5825966298314915
8788,0.0,6,True,0.5825491274563729
8789,0.0,66,True,0.582501625081254
8790,0.0,24,True,0.5824541227061353
8791,0.0,3,True,0.5824066203310165
8792,2.0,46,True,0.5823591179558978
8793,0.0,36,True,0.582311615580779
8794,0.0,8,True,0.5822641132056603
8795,0.0,8,True,0.5822166108305415
8796,1.0,61,True,0.5821691084554228
8797,2.0,67,True,0.582121606080304
8798,0.0,10,True,0.5820741037051853
8799,0.0,11,True,0.5820266013300666
8800,0.0,14,True,0.5819790989549478
8801,2.0,60,True,0.5819315965798291
8802,0.0,51,True,0.5818840942047103
8803,2.0,107,True,0.5818365918295915
8804,2.0,82,True,0.5817890894544727
8805,0.0,18,True,0.581741587079354
8806,1.0,58,True,0.5816940847042353
8807,0.0,11,True,0.5816465823291165
8808,2.0,71,True,0.5815990799539977
8809,0.0,122,True,0.581551577578879
8810,2.0,72,True,0.5815040752037601
8811,0.0,47,True,0.5814565728286414
8812,0.0,16,True,0.5814090704535226
8813,0.0,15,True,0.5813615680784039
8814,0.0,14,True,0.5813140657032851
8815,0.0,13,True,0.5812665633281664
8816,0.0,26,True,0.5812190609530477
8817,0.0,11,True,0.5811715585779289
8818,0.0,13,True,0.5811240562028102
8819,0.0,32,True,0.5810765538276914
8820,0.0,16,True,0.5810290514525727
8821,0.0,56,True,0.5809815490774539
8822,0.0,49,True,0.5809340467023352
8823,0.0,16,True,0.5808865443272164
8824,0.0,13,True,0.5808390419520977
8825,0.0,8,True,0.5807915395769789
8826,0.0,11,True,0.5807440372018602
8827,3.0,89,False,0.5806965348267414
8828,3.0,75,False,0.5806490324516226
8829,1.0,106,True,0.5806015300765038
8830,0.0,8,True,0.5805540277013851
8831,3.0,104,False,0.5805065253262662
8832,0.0,49,True,0.5804590229511476
8833,0.0,23,True,0.5804115205760288
8834,3.0,93,False,0.5803640182009101
8835,0.0,40,True,0.5803165158257912
8836,0.0,34,True,0.5802690134506725
8837,0.0,13,True,0.5802215110755538
8838,0.0,3,True,0.580174008700435
8839,2.0,49,True,0.5801265063253163
8840,0.0,4,True,0.5800790039501975
8841,0.0,5,True,0.5800315015750788
8842,0.0,75,True,0.57998399919996
8843,3.0,62,False,0.5799364968248413
8844,0.0,12,True,0.5798889944497225
8845,1.0,57,True,0.5798414920746038
8846,1.0,61,True,0.579793989699485
8847,0.0,12,True,0.5797464873243663
8848,3.0,71,False,0.5796989849492475
8849,3.0,59,False,0.5796514825741288
8850,3.0,118,False,0.57960398019901
8851,0.0,18,True,0.5795564778238913
8852,0.0,5,True,0.5795089754487724
8853,1.0,39,True,0.5794614730736537
8854,0.0,59,True,0.579413970698535
8855,1.0,35,True,0.5793664683234162
8856,0.0,15,True,0.5793189659482973
8857,3.0,80,False,0.5792714635731786
8858,1.0,66,True,0.57922396119806
8859,3.0,68,False,0.5791764588229411
8860,1.0,68,True,0.5791289564478224
8861,0.0,5,True,0.5790814540727036
8862,0.0,36,True,0.5790339516975849
8863,2.0,97,True,0.5789864493224661
8864,0.0,39,True,0.5789389469473474
8865,0.0,45,True,0.5788914445722286
8866,0.0,20,True,0.5788439421971099
8867,2.0,87,True,0.5787964398219911
8868,0.0,2,True,0.5787489374468724
8869,0.0,46,True,0.5787014350717536
8870,0.0,47,True,0.5786539326966349
8871,0.0,17,True,0.5786064303215162
8872,0.0,34,True,0.5785589279463974
8873,0.0,56,True,0.5785114255712785
8874,0.0,12,True,0.5784639231961598
8875,0.0,62,True,0.578416420821041
8876,0.0,60,True,0.5783689184459224
8877,0.0,111,True,0.5783214160708036
8878,0.0,24,True,0.5782739136956848
8879,0.0,23,True,0.5782264113205661
8880,0.0,41,True,0.5781789089454472
8881,0.0,34,True,0.5781314065703285
8882,1.0,70,True,0.5780839041952097
8883,0.0,9,True,0.578036401820091
8884,0.0,38,True,0.5779888994449722
8885,0.0,12,True,0.5779413970698535
8886,0.0,41,True,0.5778938946947347
8887,0.0,13,True,0.577846392319616
8888,3.0,75,False,0.5777988899444972
8889,0.0,2,True,0.5777513875693785
8890,0.0,25,True,0.5777038851942597
8891,0.0,6,True,0.577656382819141
8892,0.0,34,True,0.5776088804440223
8893,0.0,7,True,0.5775613780689035
8894,1.0,55,True,0.5775138756937848
8895,0.0,5,True,0.577466373318666
8896,0.0,25,True,0.5774188709435473
8897,0.0,73,True,0.5773713685684285
8898,0.0,15,True,0.5773238661933097
8899,1.0,55,True,0.5772763638181909
8900,0.0,9,True,0.5772288614430722
8901,0.0,5,True,0.5771813590679533
8902,0.0,76,True,0.5771338566928347
8903,2.0,48,True,0.5770863543177159
8904,0.0,13,True,0.5770388519425972
8905,1.0,120,True,0.5769913495674783
8906,0.0,11,True,0.5769438471923596
8907,3.0,180,False,0.5768963448172408
8908,2.0,92,True,0.5768488424421221
8909,3.0,95,False,0.5768013400670033
8910,0.0,29,True,0.5767538376918846
8911,0.0,7,True,0.5767063353167659
8912,0.0,21,True,0.5766588329416471
8913,3.0,71,False,0.5766113305665284
8914,3.0,83,False,0.5765638281914096
8915,0.0,33,True,0.5765163258162909
8916,1.0,42,True,0.5764688234411721
8917,0.0,34,True,0.5764213210660534
8918,0.0,45,True,0.5763738186909346
8919,0.0,34,True,0.5763263163158159
8920,1.0,41,True,0.5762788139406971
8921,0.0,24,True,0.5762313115655784
8922,2.0,126,True,0.5761838091904595
8923,0.0,70,True,0.5761363068153408
8924,0.0,9,True,0.576088804440222
8925,0.0,30,True,0.5760413020651033
8926,3.0,64,False,0.5759937996899844
8927,0.0,4,True,0.5759462973148657
8928,0.0,18,True,0.575898794939747
8929,3.0,71,False,0.5758512925646282
8930,3.0,75,False,0.5758037901895094
8931,0.0,79,True,0.5757562878143907
8932,0.0,64,True,0.575708785439272
8933,0.0,10,True,0.5756612830641532
8934,3.0,72,False,0.5756137806890345
8935,0.0,36,True,0.5755662783139157
8936,0.0,6,True,0.575518775938797
8937,2.0,85,True,0.5754712735636782
8938,0.0,10,True,0.5754237711885595
8939,0.0,47,True,0.5753762688134407
8940,2.0,65,True,0.575328766438322
8941,0.0,38,True,0.5752812640632032
8942,0.0,10,True,0.5752337616880845
8943,3.0,67,False,0.5751862593129656
8944,0.0,16,True,0.5751387569378469
8945,3.0,66,False,0.5750912545627281
8946,3.0,145,False,0.5750437521876095
8947,1.0,23,True,0.5749962498124906
8948,2.0,102,True,0.5749487474373719
8949,3.0,109,False,0.5749012450622532
8950,0.0,7,True,0.5748537426871343
8951,0.0,21,True,0.5748062403120155
8952,0.0,20,True,0.5747587379368968
8953,2.0,141,True,0.574711235561778
8954,0.0,21,True,0.5746637331866593
8955,0.0,31,True,0.5746162308115406
8956,0.0,13,True,0.5745687284364218
8957,2.0,73,True,0.5745212260613031
8958,0.0,15,True,0.5744737236861843
8959,0.0,111,True,0.5744262213110656
8960,2.0,61,True,0.5743787189359468
8961,3.0,62,False,0.5743312165608281
8962,0.0,6,True,0.5742837141857093
8963,3.0,44,False,0.5742362118105906
8964,0.0,35,True,0.5741887094354718
8965,0.0,8,True,0.5741412070603531
8966,3.0,96,False,0.5740937046852344
8967,1.0,71,True,0.5740462023101156
8968,0.0,5,True,0.5739986999349967
8969,0.0,18,True,0.573951197559878
8970,2.0,80,True,0.5739036951847593
8971,3.0,100,False,0.5738561928096404
8972,0.0,8,True,0.5738086904345218
8973,0.0,65,True,0.573761188059403
8974,0.0,20,True,0.5737136856842843
8975,3.0,66,False,0.5736661833091654
8976,1.0,90,True,0.5736186809340467
8977,0.0,50,True,0.5735711785589279
8978,3.0,47,False,0.5735236761838092
8979,0.0,49,True,0.5734761738086904
8980,0.0,20,True,0.5734286714335717
8981,0.0,75,True,0.5733811690584529
8982,3.0,67,False,0.5733336666833342
8983,3.0,72,False,0.5732861643082154
8984,2.0,65,True,0.5732386619330967
8985,0.0,33,True,0.573191159557978
8986,2.0,81,True,0.5731436571828592
8987,1.0,38,True,0.5730961548077405
8988,0.0,50,True,0.5730486524326217
8989,1.0,76,True,0.573001150057503
8990,0.0,5,True,0.5729536476823842
8991,2.0,130,True,0.5729061453072655
8992,0.0,7,True,0.5728586429321466
8993,0.0,18,True,0.5728111405570279
8994,1.0,48,True,0.5727636381819091
8995,1.0,32,True,0.5727161358067904
8996,2.0,126,True,0.5726686334316715
8997,1.0,132,True,0.5726211310565528
8998,0.0,24,True,0.5725736286814341
8999,0.0,7,True,0.5725261263063153
9000,3.0,60,False,0.5724786239311965
9001,0.0,72,True,0.5724311215560778
9002,1.0,51,True,0.572383619180959
9003,0.0,8,True,0.5723361168058403
9004,0.0,14,True,0.5722886144307215
9005,3.0,82,False,0.5722411120556028
9006,0.0,36,True,0.572193609680484
9007,0.0,19,True,0.5721461073053653
9008,2.0,250,False,0.5720986049302466
9009,0.0,54,True,0.5720511025551278
9010,0.0,25,True,0.5720036001800091
9011,0.0,13,True,0.5719560978048903
9012,0.0,59,True,0.5719085954297716
9013,2.0,136,True,0.5718610930546527
9014,0.0,35,True,0.571813590679534
9015,0.0,16,True,0.5717660883044152
9016,0.0,25,True,0.5717185859292966
9017,0.0,5,True,0.5716710835541777
9018,3.0,97,False,0.571623581179059
9019,0.0,6,True,0.5715760788039402
9020,1.0,96,True,0.5715285764288214
9021,3.0,66,False,0.5714810740537026
9022,0.0,31,True,0.5714335716785839
9023,2.0,110,True,0.5713860693034651
9024,0.0,6,True,0.5713385669283464
9025,0.0,19,True,0.5712910645532276
9026,3.0,125,False,0.5712435621781089
9027,2.0,54,True,0.5711960598029902
9028,0.0,11,True,0.5711485574278714
9029,1.0,107,True,0.5711010550527527
9030,2.0,68,True,0.5710535526776339
9031,0.0,9,True,0.5710060503025152
9032,1.0,98,True,0.5709585479273964
9033,0.0,36,True,0.5709110455522777
9034,0.0,34,True,0.5708635431771589
9035,3.0,86,False,0.5708160408020402
9036,1.0,61,True,0.5707685384269214
9037,1.0,65,True,0.5707210360518027
9038,0.0,14,True,0.5706735336766838
9039,0.0,9,True,0.5706260313015651
9040,0.0,12,True,0.5705785289264463
9041,0.0,20,True,0.5705310265513275
9042,0.0,4,True,0.5704835241762088
9043,0.0,71,True,0.5704360218010901
9044,0.0,27,True,0.5703885194259714
9045,0.0,13,True,0.5703410170508525
9046,0.0,6,True,0.5702935146757337
9047,0.0,3,True,0.570246012300615
9048,1.0,53,True,0.5701985099254963
9049,1.0,49,True,0.5701510075503775
9050,0.0,36,True,0.5701035051752588
9051,1.0,98,True,0.57005600280014
9052,0.0,8,True,0.5700085004250213
9053,0.0,44,True,0.5699609980499025
9054,0.0,11,True,0.5699134956747838
9055,3.0,66,False,0.569865993299665
9056,0.0,7,True,0.5698184909245463
9057,3.0,53,False,0.5697709885494275
9058,0.0,46,True,0.5697234861743088
9059,3.0,113,False,0.56967598379919
9060,0.0,29,True,0.5696284814240713
9061,2.0,83,True,0.5695809790489526
9062,2.0,72,True,0.5695334766738337
9063,0.0,28,True,0.569485974298715
9064,0.0,14,True,0.5694384719235962
9065,0.0,14,True,0.5693909695484775
9066,0.0,9,True,0.5693434671733586
9067,0.0,29,True,0.5692959647982399
9068,0.0,64,True,0.5692484624231212
9069,0.0,41,True,0.5692009600480024
9070,3.0,56,False,0.5691534576728836
9071,0.0,55,True,0.5691059552977649
9072,3.0,80,False,0.5690584529226461
9073,0.0,8,True,0.5690109505475274
9074,2.0,43,True,0.5689634481724086
9075,3.0,122,False,0.5689159457972899
9076,2.0,52,True,0.5688684434221711
9077,0.0,7,True,0.5688209410470524
9078,2.0,82,True,0.5687734386719336
9079,0.0,8,True,0.5687259362968149
9080,0.0,12,True,0.5686784339216961
9081,3.0,99,False,0.5686309315465774
9082,2.0,40,True,0.5685834291714587
9083,0.0,18,True,0.5685359267963398
9084,1.0,47,True,0.568488424421221
9085,0.0,11,True,0.5684409220461023
9086,0.0,14,True,0.5683934196709837
9087,0.0,17,True,0.5683459172958648
9088,0.0,40,True,0.5682984149207461
9089,0.0,38,True,0.5682509125456273
9090,0.0,63,True,0.5682034101705085
9091,1.0,56,True,0.5681559077953897
9092,0.0,7,True,0.568108405420271
9093,0.0,29,True,0.5680609030451522
9094,0.0,28,True,0.5680134006700335
9095,0.0,22,True,0.5679658982949147
9096,0.0,46,True,0.567918395919796
9097,0.0,9,True,0.5678708935446772
9098,1.0,46,True,0.5678233911695585
9099,0.0,6,True,0.5677758887944397
9100,3.0,129,False,0.567728386419321
9101,0.0,31,True,0.5676808840442022
9102,3.0,51,False,0.5676333816690835
9103,2.0,49,True,0.5675858792939648
9104,1.0,42,True,0.567538376918846
9105,0.0,13,True,0.5674908745437273
9106,0.0,17,True,0.5674433721686085
9107,2.0,98,True,0.5673958697934898
9108,1.0,76,True,0.5673483674183709
9109,1.0,41,True,0.5673008650432522
9110,0.0,26,True,0.5672533626681334
9111,0.0,41,True,0.5672058602930147
9112,2.0,73,True,0.5671583579178959
9113,0.0,8,True,0.5671108555427772
9114,0.0,7,True,0.5670633531676584
9115,0.0,6,True,0.5670158507925396
9116,3.0,92,False,0.5669683484174208
9117,0.0,26,True,0.5669208460423021
9118,0.0,27,True,0.5668733436671833
9119,0.0,27,True,0.5668258412920646
9120,0.0,23,True,0.5667783389169458
9121,0.0,18,True,0.5667308365418271
9122,0.0,24,True,0.5666833341667084
9123,0.0,4,True,0.5666358317915896
9124,0.0,11,True,0.5665883294164709
9125,0.0,46,True,0.5665408270413521
9126,2.0,53,True,0.5664933246662334
9127,0.0,38,True,0.5664458222911146
9128,0.0,28,True,0.5663983199159959
9129,2.0,143,True,0.5663508175408771
9130,1.0,79,True,0.5663033151657584
9131,0.0,34,True,0.5662558127906396
9132,0.0,15,True,0.5662083104155209
9133,0.0,19,True,0.566160808040402
9134,0.0,39,True,0.5661133056652833
9135,0.0,3,True,0.5660658032901645
9136,0.0,4,True,0.5660183009150457
9137,2.0,79,True,0.5659707985399269
9138,0.0,8,True,0.5659232961648083
9139,0.0,7,True,0.5658757937896896
9140,0.0,11,True,0.5658282914145707
9141,0.0,39,True,0.565780789039452
9142,1.0,59,True,0.5657332866643332
9143,0.0,29,True,0.5656857842892145
9144,0.0,20,True,0.5656382819140957
9145,0.0,6,True,0.565590779538977
9146,0.0,80,True,0.5655432771638582
9147,2.0,94,True,0.5654957747887395
9148,0.0,9,True,0.5654482724136207
9149,1.0,63,True,0.565400770038502
9150,1.0,34,True,0.5653532676633832
9151,0.0,12,True,0.5653057652882645
9152,0.0,24,True,0.5652582629131457
9153,1.0,82,True,0.565210760538027
9154,0.0,3,True,0.5651632581629081
9155,2.0,62,True,0.5651157557877894
9156,0.0,25,True,0.5650682534126708
9157,0.0,23,True,0.5650207510375519
9158,0.0,14,True,0.5649732486624331
9159,0.0,8,True,0.5649257462873144
9160,0.0,13,True,0.5648782439121957
9161,2.0,94,True,0.5648307415370768
9162,0.0,54,True,0.564783239161958
9163,0.0,3,True,0.5647357367868393
9164,3.0,92,False,0.5646882344117206
9165,1.0,73,True,0.5646407320366018
9166,1.0,61,True,0.5645932296614831
9167,2.0,62,True,0.5645457272863643
9168,2.0,61,True,0.5644982249112456
9169,0.0,9,True,0.5644507225361268
9170,3.0,48,False,0.5644032201610081
9171,0.0,10,True,0.5643557177858893
9172,3.0,131,False,0.5643082154107706
9173,0.0,34,True,0.5642607130356518
9174,0.0,19,True,0.5642132106605331
9175,0.0,12,True,0.5641657082854143
9176,3.0,126,False,0.5641182059102956
9177,0.0,10,True,0.5640707035351769
9178,0.0,21,True,0.564023201160058
9179,0.0,5,True,0.5639756987849392
9180,3.0,47,False,0.5639281964098205
9181,0.0,32,True,0.5638806940347018
9182,2.0,70,True,0.563833191659583
9183,0.0,9,True,0.5637856892844643
9184,0.0,5,True,0.5637381869093455
9185,0.0,44,True,0.5636906845342267
9186,0.0,9,True,0.5636431821591079
9187,0.0,28,True,0.5635956797839892
9188,0.0,44,True,0.5635481774088704
9189,0.0,26,True,0.5635006750337517
9190,0.0,11,True,0.5634531726586329
9191,0.0,17,True,0.5634056702835142
9192,2.0,51,True,0.5633581679083954
9193,3.0,74,False,0.5633106655332767
9194,0.0,10,True,0.5632631631581579
9195,0.0,45,True,0.5632156607830392
9196,1.0,61,True,0.5631681584079204
9197,3.0,87,False,0.5631206560328017
9198,2.0,67,True,0.563073153657683
9199,0.0,10,True,0.5630256512825642
9200,2.0,50,True,0.5629781489074455
9201,3.0,87,False,0.5629306465323267
9202,0.0,12,True,0.562883144157208
9203,1.0,68,True,0.5628356417820891
9204,0.0,3,True,0.5627881394069704
9205,0.0,63,True,0.5627406370318516
9206,3.0,65,False,0.5626931346567328
9207,0.0,33,True,0.562645632281614
9208,0.0,8,True,0.5625981299064954
9209,0.0,10,True,0.5625506275313766
9210,3.0,55,False,0.5625031251562578
9211,0.0,18,True,0.562455622781139
9212,0.0,10,True,0.5624081204060203
9213,3.0,73,False,0.5623606180309015
9214,3.0,91,False,0.5623131156557828
9215,0.0,12,True,0.562265613280664
9216,1.0,70,True,0.5622181109055453
9217,0.0,6,True,0.5621706085304266
9218,3.0,133,False,0.5621231061553078
9219,0.0,21,True,0.5620756037801891
9220,0.0,22,True,0.5620281014050703
9221,3.0,124,False,0.5619805990299516
9222,0.0,4,True,0.5619330966548328
9223,1.0,61,True,0.5618855942797141
9224,0.0,4,True,0.5618380919045952
9225,0.0,7,True,0.5617905895294765
9226,0.0,4,True,0.5617430871543578
9227,0.0,24,True,0.561695584779239
9228,0.0,23,True,0.5616480824041202
9229,0.0,5,True,0.5616005800290015
9230,2.0,51,True,0.5615530776538827
9231,0.0,20,True,0.5615055752787639
9232,3.0,101,False,0.5614580729036451
9233,0.0,27,True,0.5614105705285264
9234,2.0,130,True,0.5613630681534076
9235,0.0,37,True,0.5613155657782889
9236,1.0,73,True,0.5612680634031701
9237,0.0,3,True,0.5612205610280514
9238,0.0,21,True,0.5611730586529327
9239,0.0,15,True,0.5611255562778139
9240,1.0,114,True,0.5610780539026952
9241,0.0,11,True,0.5610305515275764
9242,2.0,96,True,0.5609830491524577
9243,0.0,32,True,0.5609355467773389
9244,0.0,4,True,0.5608880444022202
9245,2.0,60,True,0.5608405420271014
9246,0.0,58,True,0.5607930396519827
9247,0.0,32,True,0.5607455372768639
9248,0.0,22,True,0.5606980349017451
9249,3.0,61,False,0.5606505325266263
9250,2.0,54,True,0.5606030301515076
9251,2.0,104,True,0.5605555277763888
9252,0.0,14,True,0.5605080254012701
9253,0.0,12,True,0.5604605230261513
9254,0.0,43,True,0.5604130206510326
9255,0.0,6,True,0.5603655182759137
9256,0.0,18,True,0.560318015900795
9257,1.0,56,True,0.5602705135256763
9258,0.0,5,True,0.5602230111505575
9259,0.0,34,True,0.5601755087754388
9260,0.0,117,True,0.56012800640032
9261,0.0,22,True,0.5600805040252013
9262,3.0,113,False,0.5600330016500825
9263,2.0,92,True,0.5599854992749638
9264,3.0,192,False,0.559937996899845
9265,0.0,7,True,0.5598904945247263
9266,0.0,6,True,0.5598429921496075
9267,0.0,15,True,0.5597954897744888
9268,2.0,250,False,0.55974798739937
9269,3.0,61,False,0.5597004850242513
9270,3.0,47,False,0.5596529826491325
9271,2.0,75,True,0.5596054802740138
9272,3.0,90,False,0.559557977898895
9273,3.0,62,False,0.5595104755237762
9274,0.0,6,True,0.5594629731486574
9275,0.0,5,True,0.5594154707735387
9276,1.0,56,True,0.5593679683984198
9277,3.0,46,False,0.5593204660233011
9278,3.0,51,False,0.5592729636481825
9279,0.0,57,True,0.5592254612730637
9280,0.0,4,True,0.5591779588979449
9281,0.0,7,True,0.5591304565228261
9282,0.0,94,True,0.5590829541477074
9283,3.0,61,False,0.5590354517725886
9284,0.0,15,True,0.5589879493974699
9285,2.0,111,True,0.5589404470223511
9286,0.0,12,True,0.5588929446472324
9287,0.0,9,True,0.5588454422721136
9288,3.0,71,False,0.5587979398969949
9289,3.0,45,False,0.5587504375218761
9290,0.0,30,True,0.5587029351467574
9291,3.0,118,False,0.5586554327716386
9292,0.0,26,True,0.5586079303965199
9293,0.0,22,True,0.5585604280214012
9294,1.0,72,True,0.5585129256462823
9295,2.0,51,True,0.5584654232711636
9296,3.0,64,False,0.5584179208960449
9297,1.0,80,True,0.5583704185209261
9298,0.0,46,True,0.5583229161458073
9299,0.0,21,True,0.5582754137706886
9300,1.0,50,True,0.5582279113955698
9301,0.0,21,True,0.558180409020451
9302,1.0,83,True,0.5581329066453322
9303,0.0,4,True,0.5580854042702135
9304,0.0,14,True,0.5580379018950947
9305,1.0,73,True,0.557990399519976
9306,2.0,104,True,0.5579428971448572
9307,3.0,64,False,0.5578953947697385
9308,3.0,75,False,0.5578478923946197
9309,0.0,7,True,0.557800390019501
9310,2.0,50,True,0.5577528876443822
9311,0.0,6,True,0.5577053852692635
9312,1.0,55,True,0.5576578828941448
9313,0.0,45,True,0.557610380519026
9314,0.0,30,True,0.5575628781439073
9315,0.0,23,True,0.5575153757687885
9316,0.0,11,True,0.5574678733936698
9317,0.0,11,True,0.557420371018551
9318,0.0,15,True,0.5573728686434322
9319,3.0,85,False,0.5573253662683134
9320,0.0,6,True,0.5572778638931947
9321,0.0,18,True,0.5572303615180759
9322,0.0,6,True,0.5571828591429572
9323,0.0,49,True,0.5571353567678384
9324,0.0,4,True,0.5570878543927197
9325,0.0,26,True,0.5570403520176008
9326,0.0,12,True,0.5569928496424821
9327,0.0,6,True,0.5569453472673633
9328,2.0,56,True,0.5568978448922446
9329,0.0,8,True,0.5568503425171258
9330,0.0,9,True,0.5568028401420071
9331,0.0,29,True,0.5567553377668883
9332,3.0,71,False,0.5567078353917696
9333,0.0,22,True,0.5566603330166509
9334,0.0,58,True,0.5566128306415321
9335,0.0,50,True,0.5565653282664134
9336,0.0,5,True,0.5565178258912946
9337,0.0,73,True,0.5564703235161759
9338,0.0,12,True,0.5564228211410571
9339,3.0,64,False,0.5563753187659384
9340,0.0,7,True,0.5563278163908196
9341,3.0,58,False,0.5562803140157009
9342,0.0,7,True,0.5562328116405821
9343,3.0,97,False,0.5561853092654633
9344,3.0,130,False,0.5561378068903445
9345,1.0,56,True,0.5560903045152258
9346,1.0,89,True,0.5560428021401069
9347,0.0,14,True,0.5559952997649882
9348,0.0,19,True,0.5559477973898695
9349,3.0,111,False,0.5559002950147508
9350,0.0,4,True,0.5558527926396319
9351,0.0,4,True,0.5558052902645132
9352,0.0,83,True,0.5557577878893945
9353,2.0,96,True,0.5557102855142757
9354,0.0,39,True,0.555662783139157
9355,1.0,71,True,0.5556152807640382
9356,3.0,44,False,0.5555677783889195
9357,0.0,49,True,0.5555202760138007
9358,0.0,29,True,0.555472773638682
9359,3.0,85,False,0.5554252712635632
9360,0.0,26,True,0.5553777688884445
9361,0.0,19,True,0.5553302665133257
9362,0.0,14,True,0.555282764138207
9363,2.0,42,True,0.5552352617630882
9364,3.0,75,False,0.5551877593879694
9365,0.0,8,True,0.5551402570128506
9366,0.0,22,True,0.555092754637732
9367,0.0,14,True,0.5550452522626131
9368,0.0,35,True,0.5549977498874944
9369,0.0,172,True,0.5549502475123756
9370,0.0,31,True,0.5549027451372569
9371,0.0,4,True,0.554855242762138
9372,0.0,16,True,0.5548077403870193
9373,0.0,12,True,0.5547602380119006
9374,0.0,13,True,0.5547127356367818
9375,3.0,188,False,0.5546652332616631
9376,0.0,6,True,0.5546177308865443
9377,0.0,11,True,0.5545702285114256
9378,3.0,50,False,0.5545227261363068
9379,0.0,8,True,0.5544752237611881
9380,1.0,100,True,0.5544277213860693
9381,1.0,101,True,0.5543802190109506
9382,0.0,22,True,0.5543327166358318
9383,0.0,33,True,0.5542852142607131
9384,0.0,5,True,0.5542377118855943
9385,0.0,2,True,0.5541902095104756
9386,0.0,16,True,0.5541427071353568
9387,0.0,14,True,0.5540952047602381
9388,0.0,14,True,0.5540477023851192
9389,0.0,12,True,0.5540002000100005
9390,3.0,54,False,0.5539526976348818
9391,0.0,39,True,0.553905195259763
9392,0.0,27,True,0.5538576928846443
9393,3.0,51,False,0.5538101905095255
9394,0.0,17,True,0.5537626881344068
9395,0.0,29,True,0.5537151857592879
9396,0.0,16,True,0.5536676833841692
9397,3.0,59,False,0.5536201810090504
9398,3.0,70,False,0.5535726786339317
9399,0.0,10,True,0.5535251762588129
9400,0.0,4,True,0.5534776738836942
9401,0.0,20,True,0.5534301715085754
9402,1.0,95,True,0.5533826691334567
9403,0.0,68,True,0.5533351667583379
9404,0.0,14,True,0.5532876643832192
9405,1.0,172,True,0.5532401620081004
9406,0.0,18,True,0.5531926596329817
9407,0.0,29,True,0.553145157257863
9408,0.0,18,True,0.5530976548827442
9409,0.0,32,True,0.5530501525076255
9410,3.0,75,False,0.5530026501325067
9411,0.0,14,True,0.552955147757388
9412,3.0,77,False,0.5529076453822692
9413,0.0,13,True,0.5528601430071504
9414,3.0,69,False,0.5528126406320316
9415,2.0,129,True,0.5527651382569129
9416,2.0,93,True,0.552717635881794
9417,3.0,70,False,0.5526701335066753
9418,0.0,9,True,0.5526226311315566
9419,0.0,11,True,0.5525751287564379
9420,3.0,73,False,0.552527626381319
9421,1.0,24,True,0.5524801240062003
9422,0.0,5,True,0.5524326216310815
9423,0.0,14,True,0.5523851192559628
9424,3.0,110,False,0.552337616880844
9425,3.0,95,False,0.5522901145057253
9426,2.0,53,True,0.5522426121306065
9427,3.0,97,False,0.5521951097554878
9428,0.0,27,True,0.552147607380369
9429,0.0,31,True,0.5521001050052503
9430,3.0,67,False,0.5520526026301316
9431,0.0,9,True,0.5520051002550128
9432,0.0,7,True,0.5519575978798941
9433,0.0,43,True,0.5519100955047753
9434,0.0,8,True,0.5518625931296565
9435,0.0,12,True,0.5518150907545377
9436,0.0,16,True,0.5517675883794191
9437,3.0,66,False,0.5517200860043002
9438,2.0,54,True,0.5516725836291815
9439,0.0,8,True,0.5516250812540627
9440,0.0,4,True,0.551577578878944
9441,2.0,48,True,0.5515300765038251
9442,2.0,63,True,0.5514825741287064
9443,0.0,53,True,0.5514350717535876
9444,2.0,102,True,0.5513875693784689
9445,0.0,9,True,0.5513400670033501
9446,1.0,62,True,0.5512925646282314
9447,2.0,149,True,0.5512450622531126
9448,0.0,11,True,0.5511975598779939
9449,0.0,3,True,0.5511500575028752
9450,0.0,19,True,0.5511025551277564
9451,0.0,17,True,0.5510550527526377
9452,0.0,4,True,0.5510075503775189
9453,1.0,74,True,0.5509600480024002
9454,0.0,59,True,0.5509125456272814
9455,3.0,56,False,0.5508650432521627
9456,3.0,120,False,0.5508175408770439
9457,3.0,46,False,0.5507700385019252
9458,0.0,21,True,0.5507225361268063
9459,3.0,108,False,0.5506750337516876
9460,0.0,54,True,0.5506275313765688
9461,2.0,54,True,0.5505800290014501
9462,1.0,59,True,0.5505325266263313
9463,0.0,28,True,0.5504850242512126
9464,0.0,12,True,0.5504375218760938
9465,0.0,5,True,0.5503900195009751
9466,0.0,22,True,0.5503425171258562
9467,0.0,32,True,0.5502950147507375
9468,0.0,28,True,0.5502475123756188
9469,2.0,53,True,0.5502000100005
9470,0.0,13,True,0.5501525076253813
9471,0.0,8,True,0.5501050052502625
9472,1.0,52,True,0.5500575028751438
9473,3.0,56,False,0.550010000500025
9474,3.0,45,False,0.5499624981249063
9475,0.0,14,True,0.5499149957497875
9476,0.0,5,True,0.5498674933746688
9477,3.0,55,False,0.54981999099955
9478,3.0,64,False,0.5497724886244313
9479,1.0,69,True,0.5497249862493125
9480,0.0,8,True,0.5496774838741938
9481,1.0,42,True,0.549629981499075
9482,0.0,5,True,0.5495824791239563
9483,3.0,100,False,0.5495349767488374
9484,0.0,21,True,0.5494874743737187
9485,0.0,28,True,0.5494399719986
9486,0.0,7,True,0.5493924696234812
9487,3.0,60,False,0.5493449672483623
9488,0.0,15,True,0.5492974648732437
9489,0.0,46,True,0.549249962498125
9490,0.0,5,True,0.5492024601230061
9491,0.0,31,True,0.5491549577478874
9492,0.0,17,True,0.5491074553727686
9493,0.0,25,True,0.5490599529976499
9494,3.0,163,False,0.5490124506225311
9495,1.0,45,True,0.5489649482474124
9496,0.0,14,True,0.5489174458722936
9497,0.0,38,True,0.5488699434971749
9498,3.0,85,False,0.5488224411220561
9499,3.0,44,False,0.5487749387469374
9500,0.0,15,True,0.5487274363718186
9501,0.0,18,True,0.5486799339966999
9502,0.0,87,True,0.5486324316215812
9503,3.0,62,False,0.5485849292464624
9504,0.0,52,True,0.5485374268713435
9505,0.0,4,True,0.5484899244962248
9506,0.0,7,True,0.5484424221211062
9507,0.0,28,True,0.5483949197459874
9508,0.0,8,True,0.5483474173708686
9509,0.0,31,True,0.5482999149957498
9510,3.0,150,False,0.5482524126206311
9511,0.0,48,True,0.5482049102455122
9512,0.0,17,True,0.5481574078703935
9513,1.0,35,True,0.5481099054952747
9514,0.0,24,True,0.548062403120156
9515,0.0,3,True,0.5480149007450372
9516,0.0,18,True,0.5479673983699185
9517,0.0,10,True,0.5479198959947997
9518,0.0,9,True,0.547872393619681
9519,3.0,52,False,0.5478248912445622
9520,0.0,19,True,0.5477773888694435
9521,3.0,70,False,0.5477298864943247
9522,0.0,41,True,0.547682384119206
9523,3.0,75,False,0.5476348817440873
9524,0.0,8,True,0.5475873793689685
9525,1.0,34,True,0.5475398769938498
9526,3.0,80,False,0.547492374618731
9527,0.0,29,True,0.5474448722436123
9528,0.0,67,True,0.5473973698684935
9529,3.0,56,False,0.5473498674933747
9530,1.0,53,True,0.5473023651182559
9531,3.0,81,False,0.5472548627431372
9532,0.0,14,True,0.5472073603680184
9533,0.0,20,True,0.5471598579928997
9534,0.0,24,True,0.5471123556177809
9535,3.0,72,False,0.5470648532426622
9536,0.0,12,True,0.5470173508675433
9537,3.0,59,False,0.5469698484924246
9538,3.0,147,False,0.5469223461173058
9539,3.0,85,False,0.5468748437421871
9540,3.0,91,False,0.5468273413670683
9541,0.0,11,True,0.5467798389919496
9542,0.0,13,True,0.5467323366168308
9543,0.0,58,True,0.5466848342417121
9544,0.0,17,True,0.5466373318665934
9545,0.0,38,True,0.5465898294914746
9546,3.0,69,False,0.5465423271163559
9547,0.0,12,True,0.5464948247412371
9548,0.0,76,True,0.5464473223661184
9549,0.0,5,True,0.5463998199909996
9550,0.0,10,True,0.5463523176158809
9551,0.0,32,True,0.5463048152407621
9552,0.0,10,True,0.5462573128656434
9553,0.0,12,True,0.5462098104905245
9554,0.0,12,True,0.5461623081154058
9555,3.0,74,False,0.546114805740287
9556,1.0,69,True,0.5460673033651683
9557,0.0,28,True,0.5460198009900494
9558,0.0,39,True,0.5459722986149308
9559,3.0,77,False,0.545924796239812
9560,0.0,3,True,0.5458772938646932
9561,3.0,73,False,0.5458297914895744
9562,0.0,4,True,0.5457822891144557
9563,2.0,70,True,0.545734786739337
9564,0.0,16,True,0.5456872843642182
9565,0.0,23,True,0.5456397819890995
9566,3.0,44,False,0.5455922796139807
9567,0.0,14,True,0.545544777238862
9568,0.0,6,True,0.5454972748637432
9569,0.0,6,True,0.5454497724886245
9570,0.0,23,True,0.5454022701135057
9571,2.0,87,True,0.545354767738387
9572,1.0,36,True,0.5453072653632682
9573,0.0,27,True,0.5452597629881495
9574,0.0,36,True,0.5452122606130306
9575,1.0,54,True,0.5451647582379119
9576,0.0,16,True,0.5451172558627932
9577,0.0,37,True,0.5450697534876745
9578,0.0,40,True,0.5450222511125556
9579,3.0,86,False,0.5449747487374369
9580,3.0,49,False,0.5449272463623182
9581,0.0,12,True,0.5448797439871993
9582,3.0,107,False,0.5448322416120805
9583,2.0,77,True,0.5447847392369618
9584,0.0,10,True,0.544737236861843
9585,3.0,108,False,0.5446897344867243
9586,0.0,14,True,0.5446422321116056
9587,0.0,15,True,0.5445947297364868
9588,0.0,9,True,0.5445472273613681
9589,3.0,69,False,0.5444997249862493
9590,3.0,52,False,0.5444522226111306
9591,0.0,85,True,0.5444047202360118
9592,3.0,60,False,0.5443572178608931
9593,0.0,7,True,0.5443097154857743
9594,0.0,16,True,0.5442622131106556
9595,0.0,42,True,0.5442147107355368
9596,0.0,16,True,0.5441672083604181
9597,0.0,24,True,0.5441197059852994
9598,3.0,82,False,0.5440722036101806
9599,0.0,35,True,0.5440247012350617
9600,2.0,94,True,0.543977198859943
9601,0.0,6,True,0.5439296964848243
9602,3.0,48,False,0.5438821941097055
9603,0.0,41,True,0.5438346917345868
9604,0.0,8,True,0.543787189359468
9605,0.0,12,True,0.5437396869843493
9606,3.0,81,False,0.5436921846092304
9607,3.0,80,False,0.5436446822341117
9608,0.0,46,True,0.5435971798589929
9609,0.0,13,True,0.5435496774838742
9610,2.0,88,True,0.5435021751087554
9611,0.0,11,True,0.5434546727336367
9612,0.0,6,True,0.5434071703585179
9613,0.0,22,True,0.5433596679833992
9614,0.0,4,True,0.5433121656082804
9615,0.0,12,True,0.5432646632331617
9616,1.0,72,True,0.543217160858043
9617,0.0,23,True,0.5431696584829242
9618,3.0,86,False,0.5431221561078055
9619,0.0,6,True,0.5430746537326867
9620,0.0,63,True,0.543027151357568
9621,0.0,20,True,0.5429796489824492
9622,0.0,5,True,0.5429321466073305
9623,0.0,13,True,0.5428846442322116
9624,0.0,19,True,0.5428371418570929
9625,0.0,9,True,0.5427896394819741
9626,0.0,16,True,0.5427421371068554
9627,0.0,5,True,0.5426946347317365
9628,0.0,28,True,0.5426471323566179
9629,3.0,149,False,0.5425996299814991
9630,0.0,8,True,0.5425521276063803
9631,0.0,17,True,0.5425046252312615
9632,0.0,20,True,0.5424571228561428
9633,0.0,11,True,0.542409620481024
9634,3.0,67,False,0.5423621181059053
9635,0.0,18,True,0.5423146157307865
9636,3.0,101,False,0.5422671133556678
9637,0.0,35,True,0.542219610980549
9638,3.0,204,False,0.5421721086054303
9639,3.0,70,False,0.5421246062303116
9640,0.0,31,True,0.5420771038551928
9641,0.0,18,True,0.5420296014800741
9642,3.0,65,False,0.5419820991049553
9643,3.0,55,False,0.5419345967298366
9644,0.0,20,True,0.5418870943547177
9645,3.0,63,False,0.541839591979599
9646,3.0,114,False,0.5417920896044803
9647,0.0,43,True,0.5417445872293616
9648,0.0,9,True,0.5416970848542427
9649,0.0,62,True,0.541649582479124
9650,0.0,2,True,0.5416020801040052
9651,0.0,9,True,0.5415545777288864
9652,1.0,60,True,0.5415070753537676
9653,0.0,59,True,0.5414595729786489
9654,2.0,65,True,0.5414120706035301
9655,3.0,146,False,0.5413645682284114
9656,0.0,10,True,0.5413170658532926
9657,3.0,169,False,0.5412695634781739
9658,3.0,85,False,0.5412220611030552
9659,2.0,139,True,0.5411745587279364
9660,1.0,41,True,0.5411270563528177
9661,0.0,4,True,0.5410795539776989
9662,3.0,36,False,0.5410320516025802
9663,0.0,14,True,0.5409845492274614
9664,0.0,12,True,0.5409370468523427
9665,0.0,4,True,0.5408895444772239
9666,0.0,18,True,0.5408420421021052
9667,0.0,6,True,0.5407945397269864
9668,0.0,3,True,0.5407470373518677
9669,2.0,100,True,0.5406995349767488
9670,0.0,96,True,0.5406520326016301
9671,2.0,83,True,0.5406045302265113
9672,2.0,73,True,0.5405570278513926
9673,0.0,37,True,0.5405095254762738
9674,0.0,43,True,0.5404620231011551
9675,0.0,28,True,0.5404145207260364
9676,0.0,32,True,0.5403670183509175
9677,0.0,31,True,0.5403195159757987
9678,0.0,63,True,0.54027201360068
9679,3.0,58,False,0.5402245112255613
9680,2.0,66,True,0.5401770088504425
9681,0.0,38,True,0.5401295064753238
9682,3.0,68,False,0.540082004100205
9683,0.0,19,True,0.5400345017250863
9684,0.0,9,True,0.5399869993499675
9685,3.0,38,False,0.5399394969748488
9686,3.0,55,False,0.53989199459973
9687,3.0,83,False,0.5398444922246113
9688,0.0,4,True,0.5397969898494925
9689,0.0,19,True,0.5397494874743738
9690,0.0,13,True,0.539701985099255
9691,0.0,35,True,0.5396544827241363
9692,3.0,103,False,0.5396069803490176
9693,0.0,7,True,0.5395594779738987
9694,3.0,62,False,0.53951197559878
9695,3.0,84,False,0.5394644732236612
9696,3.0,48,False,0.5394169708485425
9697,0.0,34,True,0.5393694684734236
9698,0.0,5,True,0.539321966098305
9699,0.0,18,True,0.5392744637231862
9700,0.0,14,True,0.5392269613480674
9701,3.0,136,False,0.5391794589729486
9702,2.0,43,True,0.5391319565978299
9703,0.0,14,True,0.5390844542227111
9704,3.0,97,False,0.5390369518475924
9705,1.0,64,True,0.5389894494724736
9706,1.0,59,True,0.5389419470973549
9707,0.0,7,True,0.5388944447222361
9708,0.0,16,True,0.5388469423471174
9709,0.0,54,True,0.5387994399719986
9710,3.0,90,False,0.5387519375968799
9711,0.0,14,True,0.5387044352217611
9712,0.0,23,True,0.5386569328466424
9713,0.0,60,True,0.5386094304715237
9714,0.0,23,True,0.5385619280964048
9715,0.0,52,True,0.538514425721286
9716,0.0,9,True,0.5384669233461674
9717,2.0,72,True,0.5384194209710487
9718,0.0,12,True,0.5383719185959298
9719,0.0,5,True,0.5383244162208111
9720,3.0,98,False,0.5382769138456923
9721,3.0,47,False,0.5382294114705735
9722,0.0,20,True,0.5381819090954547
9723,0.0,10,True,0.538134406720336
9724,2.0,66,True,0.5380869043452172
9725,0.0,13,True,0.5380394019700985
9726,0.0,46,True,0.5379918995949797
9727,0.0,10,True,0.537944397219861
9728,0.0,20,True,0.5378968948447422
9729,0.0,65,True,0.5378493924696235
9730,0.0,19,True,0.5378018900945047
9731,0.0,35,True,0.537754387719386
9732,3.0,51,False,0.5377068853442672
9733,1.0,120,True,0.5376593829691485
9734,0.0,18,True,0.5376118805940298
9735,0.0,47,True,0.537564378218911
9736,0.0,45,True,0.5375168758437923
9737,0.0,16,True,0.5374693734686735
9738,0.0,7,True,0.5374218710935548
9739,3.0,53,False,0.5373743687184359
9740,2.0,41,True,0.5373268663433172
9741,2.0,125,True,0.5372793639681984
9742,0.0,17,True,0.5372318615930797
9743,3.0,83,False,0.5371843592179609
9744,0.0,21,True,0.5371368568428422
9745,3.0,54,False,0.5370893544677234
9746,0.0,11,True,0.5370418520926046
9747,3.0,63,False,0.5369943497174858
9748,0.0,6,True,0.5369468473423671
9749,0.0,39,True,0.5368993449672483
9750,0.0,29,True,0.5368518425921296
9751,2.0,81,True,0.5368043402170108
9752,3.0,72,False,0.5367568378418921
9753,0.0,33,True,0.5367093354667734
9754,2.0,155,True,0.5366618330916546
9755,3.0,83,False,0.5366143307165359
9756,0.0,19,True,0.5365668283414171
9757,1.0,47,True,0.5365193259662984
9758,2.0,102,True,0.5364718235911796
9759,2.0,68,True,0.5364243212160609
9760,0.0,37,True,0.5363768188409421
9761,0.0,7,True,0.5363293164658234
9762,2.0,36,True,0.5362818140907046
9763,0.0,16,True,0.5362343117155858
9764,0.0,9,True,0.536186809340467
9765,0.0,3,True,0.5361393069653483
9766,0.0,11,True,0.5360918045902295
9767,3.0,86,False,0.5360443022151107
9768,2.0,48,True,0.535996799839992
9769,0.0,12,True,0.5359492974648733
9770,3.0,58,False,0.5359017950897544
9771,1.0,100,True,0.5358542927146357
9772,3.0,73,False,0.535806790339517
9773,3.0,53,False,0.5357592879643982
9774,0.0,10,True,0.5357117855892795
9775,0.0,3,True,0.5356642832141607
9776,2.0,44,True,0.535616780839042
9777,2.0,94,True,0.5355692784639232
9778,0.0,12,True,0.5355217760888045
9779,0.0,8,True,0.5354742737136857
9780,0.0,27,True,0.535426771338567
9781,0.0,12,True,0.5353792689634482
9782,0.0,52,True,0.5353317665883295
9783,0.0,18,True,0.5352842642132107
9784,3.0,86,False,0.5352367618380919
9785,0.0,24,True,0.5351892594629731
9786,3.0,104,False,0.5351417570878545
9787,0.0,23,True,0.5350942547127358
9788,0.0,27,True,0.5350467523376169
9789,3.0,81,False,0.5349992499624981
9790,0.0,28,True,0.5349517475873794
9791,0.0,24,True,0.5349042452122605
9792,0.0,9,True,0.5348567428371418
9793,0.0,6,True,0.534809240462023
9794,0.0,63,True,0.5347617380869043
9795,0.0,4,True,0.5347142357117856
9796,2.0,87,True,0.5346667333366668
9797,0.0,64,True,0.5346192309615481
9798,2.0,48,True,0.5345717285864293
9799,3.0,105,False,0.5345242262113106
9800,0.0,82,True,0.5344767238361918
9801,0.0,14,True,0.5344292214610731
9802,0.0,3,True,0.5343817190859543
9803,3.0,73,False,0.5343342167108356
9804,0.0,35,True,0.5342867143357168
9805,0.0,28,True,0.5342392119605981
9806,0.0,14,True,0.5341917095854793
9807,3.0,86,False,0.5341442072103606
9808,3.0,105,False,0.5340967048352419
9809,0.0,4,True,0.534049202460123
9810,0.0,7,True,0.5340017000850042
9811,0.0,23,True,0.5339541977098855
9812,3.0,66,False,0.5339066953347668
9813,3.0,67,False,0.533859192959648
9814,0.0,55,True,0.5338116905845293
9815,0.0,56,True,0.5337641882094105
9816,3.0,73,False,0.5337166858342917
9817,0.0,12,True,0.5336691834591729
9818,0.0,44,True,0.5336216810840542
9819,0.0,27,True,0.5335741787089354
9820,1.0,52,True,0.5335266763338167
9821,0.0,11,True,0.5334791739586979
9822,3.0,97,False,0.5334316715835792
9823,0.0,11,True,0.5333841692084604
9824,3.0,77,False,0.5333366668333417
9825,2.0,71,True,0.5332891644582229
9826,0.0,15,True,0.5332416620831042
9827,3.0,66,False,0.5331941597079854
9828,0.0,8,True,0.5331466573328667
9829,0.0,13,True,0.533099154957748
9830,3.0,97,False,0.5330516525826292
9831,0.0,13,True,0.5330041502075105
9832,0.0,20,True,0.5329566478323917
9833,0.0,22,True,0.532909145457273
9834,0.0,8,True,0.5328616430821541
9835,2.0,88,True,0.5328141407070354
9836,0.0,10,True,0.5327666383319166
9837,2.0,65,True,0.5327191359567978
9838,0.0,8,True,0.5326716335816791
9839,0.0,42,True,0.5326241312065604
9840,1.0,34,True,0.5325766288314416
9841,3.0,31,False,0.5325291264563228
9842,0.0,9,True,0.532481624081204
9843,3.0,117,False,0.5324341217060853
9844,0.0,101,True,0.5323866193309665
9845,0.0,64,True,0.5323391169558478
9846,0.0,14,True,0.532291614580729
9847,1.0,41,True,0.5322441122056103
9848,0.0,26,True,0.5321966098304916
9849,0.0,30,True,0.5321491074553728
9850,0.0,10,True,0.5321016050802541
9851,0.0,13,True,0.5320541027051353
9852,3.0,80,False,0.5320066003300166
9853,2.0,53,True,0.5319590979548978
9854,2.0,58,True,0.5319115955797791
9855,0.0,17,True,0.5318640932046602
9856,0.0,67,True,0.5318165908295416
9857,0.0,43,True,0.5317690884544228
9858,0.0,43,True,0.531721586079304
9859,0.0,4,True,0.5316740837041852
9860,0.0,5,True,0.5316265813290665
9861,3.0,52,False,0.5315790789539477
9862,0.0,3,True,0.5315315765788289
9863,0.0,3,True,0.5314840742037101
9864,0.0,7,True,0.5314365718285914
9865,0.0,4,True,0.5313890694534726
9866,0.0,15,True,0.5313415670783539
9867,3.0,141,False,0.5312940647032351
9868,0.0,3,True,0.5312465623281164
9869,0.0,61,True,0.5311990599529977
9870,3.0,54,False,0.5311515575778789
9871,0.0,45,True,0.5311040552027602
9872,0.0,21,True,0.5310565528276414
9873,0.0,28,True,0.5310090504525227
9874,0.0,4,True,0.5309615480774039
9875,0.0,6,True,0.5309140457022852
9876,2.0,52,True,0.5308665433271664
9877,3.0,112,False,0.5308190409520477
9878,0.0,3,True,0.5307715385769289
9879,3.0,88,False,0.5307240362018101
9880,0.0,17,True,0.5306765338266913
9881,3.0,61,False,0.5306290314515726
9882,3.0,43,False,0.530581529076454
9883,1.0,34,True,0.5305340267013351
9884,0.0,30,True,0.5304865243262163
9885,2.0,70,True,0.5304390219510976
9886,0.0,35,True,0.5303915195759787
9887,0.0,18,True,0.53034401720086
9888,3.0,78,False,0.5302965148257412
9889,0.0,5,True,0.5302490124506225
9890,3.0,94,False,0.5302015100755038
9891,0.0,15,True,0.530154007700385
9892,0.0,42,True,0.5301065053252663
9893,0.0,3,True,0.5300590029501475
9894,0.0,13,True,0.5300115005750288
9895,0.0,30,True,0.52996399819991
9896,1.0,78,True,0.5299164958247913
9897,0.0,69,True,0.5298689934496725
9898,0.0,11,True,0.5298214910745538
9899,0.0,4,True,0.529773988699435
9900,0.0,13,True,0.5297264863243163
9901,0.0,9,True,0.5296789839491975
9902,0.0,5,True,0.5296314815740788
9903,0.0,22,True,0.52958397919896
9904,0.0,11,True,0.5295364768238412
9905,0.0,9,True,0.5294889744487224
9906,0.0,7,True,0.5294414720736037
9907,0.0,16,True,0.5293939696984848
9908,0.0,9,True,0.5293464673233662
9909,3.0,46,False,0.5292989649482475
9910,0.0,26,True,0.5292514625731287
9911,2.0,180,True,0.5292039601980099
9912,0.0,23,True,0.5291564578228911
9913,0.0,6,True,0.5291089554477724
9914,0.0,7,True,0.5290614530726536
9915,0.0,26,True,0.5290139506975349
9916,0.0,10,True,0.5289664483224161
9917,0.0,3,True,0.5289189459472974
9918,2.0,89,True,0.5288714435721786
9919,3.0,55,False,0.5288239411970599
9920,1.0,87,True,0.5287764388219411
9921,0.0,5,True,0.5287289364468224
9922,3.0,65,False,0.5286814340717036
9923,3.0,90,False,0.5286339316965849
9924,0.0,66,True,0.5285864293214662
9925,3.0,216,False,0.5285389269463473
9926,3.0,66,False,0.5284914245712287
9927,1.0,46,True,0.5284439221961099
9928,0.0,26,True,0.5283964198209911
9929,2.0,61,True,0.5283489174458723
9930,2.0,101,True,0.5283014150707536
9931,0.0,48,True,0.5282539126956348
9932,3.0,78,False,0.528206410320516
9933,3.0,59,False,0.5281589079453972
9934,3.0,60,False,0.5281114055702785
9935,0.0,13,True,0.5280639031951597
9936,0.0,14,True,0.528016400820041
9937,0.0,17,True,0.5279688984449222
9938,3.0,72,False,0.5279213960698035
9939,1.0,32,True,0.5278738936946847
9940,1.0,93,True,0.527826391319566
9941,0.0,13,True,0.5277788889444472
9942,0.0,21,True,0.5277313865693285
9943,0.0,10,True,0.5276838841942098
9944,2.0,123,True,0.527636381819091
9945,2.0,83,True,0.5275888794439723
9946,0.0,34,True,0.5275413770688535
9947,0.0,7,True,0.5274938746937348
9948,0.0,8,True,0.527446372318616
9949,3.0,50,False,0.5273988699434972
9950,3.0,109,False,0.5273513675683784
9951,0.0,11,True,0.5273038651932597
9952,3.0,93,False,0.527256362818141
9953,3.0,60,False,0.5272088604430222
9954,0.0,12,True,0.5271613580679034
9955,0.0,19,True,0.5271138556927847
9956,0.0,16,True,0.5270663533176658
9957,0.0,12,True,0.5270188509425471
9958,0.0,21,True,0.5269713485674283
9959,3.0,102,False,0.5269238461923096
9960,3.0,72,False,0.5268763438171908
9961,0.0,29,True,0.5268288414420721
9962,0.0,21,True,0.5267813390669533
9963,0.0,5,True,0.5267338366918346
9964,0.0,11,True,0.5266863343167159
9965,2.0,57,True,0.5266388319415971
9966,2.0,62,True,0.5265913295664784
9967,3.0,97,False,0.5265438271913596
9968,0.0,36,True,0.5264963248162409
9969,0.0,17,True,0.5264488224411221
9970,2.0,87,True,0.5264013200660034
9971,0.0,14,True,0.5263538176908846
9972,0.0,15,True,0.5263063153157659
9973,0.0,13,True,0.5262588129406471
9974,0.0,17,True,0.5262113105655283
9975,0.0,21,True,0.5261638081904095
9976,3.0,144,False,0.5261163058152908
9977,1.0,59,True,0.5260688034401719
9978,3.0,48,False,0.5260213010650533
9979,0.0,31,True,0.5259737986899345
9980,3.0,50,False,0.5259262963148158
9981,0.0,8,True,0.5258787939396969
9982,0.0,5,True,0.5258312915645782
9983,0.0,7,True,0.5257837891894594
9984,2.0,53,True,0.5257362868143407
9985,0.0,8,True,0.525688784439222
9986,0.0,15,True,0.5256412820641032
9987,0.0,17,True,0.5255937796889845
9988,0.0,10,True,0.5255462773138657
9989,1.0,81,True,0.525498774938747
9990,0.0,4,True,0.5254512725636282
9991,0.0,47,True,0.5254037701885095
9992,0.0,42,True,0.5253562678133907
9993,0.0,16,True,0.525308765438272
9994,3.0,54,False,0.5252612630631532
9995,3.0,54,False,0.5252137606880344
9996,0.0,13,True,0.5251662583129157
9997,3.0,92,False,0.525118755937797
9998,0.0,9,True,0.5250712535626781
9999,2.0,78,True,0.5250237511875594
10000,0.0,13,True,0.5249762488124405
10001,3.0,64,False,0.5249287464373218
10002,0.0,19,True,0.524881244062203
10003,0.0,8,True,0.5248337416870843
10004,0.0,10,True,0.5247862393119657
10005,3.0,61,False,0.5247387369368469
10006,0.0,22,True,0.5246912345617282
10007,2.0,113,True,0.5246437321866093
10008,0.0,7,True,0.5245962298114906
10009,3.0,55,False,0.5245487274363718
10010,0.0,8,True,0.5245012250612531
10011,0.0,65,True,0.5244537226861343
10012,0.0,14,True,0.5244062203110156
10013,0.0,79,True,0.5243587179358968
10014,0.0,13,True,0.5243112155607781
10015,0.0,14,True,0.5242637131856593
10016,0.0,28,True,0.5242162108105406
10017,0.0,17,True,0.5241687084354218
10018,2.0,114,True,0.5241212060603031
10019,0.0,27,True,0.5240737036851844
10020,2.0,65,True,0.5240262013100656
10021,3.0,66,False,0.5239786989349468
10022,0.0,13,True,0.523931196559828
10023,2.0,127,True,0.5238836941847093
10024,0.0,30,True,0.5238361918095905
10025,0.0,12,True,0.5237886894344718
10026,3.0,52,False,0.523741187059353
10027,0.0,16,True,0.5236936846842343
10028,2.0,61,True,0.5236461823091154
10029,2.0,87,True,0.5235986799339967
10030,3.0,89,False,0.5235511775588779
10031,0.0,19,True,0.5235036751837592
10032,3.0,91,False,0.5234561728086404
10033,2.0,56,True,0.5234086704335217
10034,1.0,48,True,0.5233611680584029
10035,0.0,24,True,0.5233136656832842
10036,0.0,8,True,0.5232661633081654
10037,0.0,43,True,0.5232186609330467
10038,3.0,114,False,0.523171158557928
10039,0.0,6,True,0.5231236561828092
10040,0.0,31,True,0.5230761538076905
10041,0.0,13,True,0.5230286514325717
10042,0.0,31,True,0.5229811490574529
10043,0.0,50,True,0.5229336466823341
10044,0.0,11,True,0.5228861443072154
10045,0.0,10,True,0.5228386419320966
10046,0.0,17,True,0.5227911395569779
10047,2.0,46,True,0.5227436371818591
10048,0.0,16,True,0.5226961348067405
10049,3.0,52,False,0.5226486324316215
10050,0.0,25,True,0.5226011300565028
10051,3.0,95,False,0.522553627681384
10052,3.0,116,False,0.5225061253062653
10053,0.0,29,True,0.5224586229311465
10054,2.0,73,True,0.5224111205560278
10055,0.0,12,True,0.522363618180909
10056,0.0,16,True,0.5223161158057903
10057,0.0,35,True,0.5222686134306715
10058,0.0,58,True,0.5222211110555528
10059,0.0,10,True,0.522173608680434
10060,3.0,87,False,0.5221261063053153
10061,0.0,7,True,0.5220786039301966
10062,0.0,14,True,0.5220311015550778
10063,0.0,14,True,0.521983599179959
10064,0.0,5,True,0.5219360968048402
10065,2.0,52,True,0.5218885944297216
10066,0.0,43,True,0.5218410920546028
10067,0.0,14,True,0.5217935896794841
10068,3.0,90,False,0.5217460873043653
10069,3.0,45,False,0.5216985849292466
10070,0.0,31,True,0.5216510825541276
10071,0.0,3,True,0.5216035801790089
10072,0.0,6,True,0.5215560778038901
10073,0.0,14,True,0.5215085754287714
10074,0.0,14,True,0.5214610730536527
10075,2.0,92,True,0.521413570678534
10076,2.0,61,True,0.5213660683034153
10077,0.0,54,True,0.5213185659282964
10078,0.0,30,True,0.5212710635531776
10079,0.0,105,True,0.5212235611780589
10080,2.0,56,True,0.5211760588029402
10081,0.0,10,True,0.5211285564278214
10082,1.0,104,True,0.5210810540527027
10083,0.0,11,True,0.5210335516775839
10084,2.0,43,True,0.5209860493024652
10085,3.0,121,False,0.5209385469273464
10086,0.0,8,True,0.5208910445522277
10087,0.0,16,True,0.5208435421771089
10088,2.0,128,True,0.5207960398019902
10089,0.0,17,True,0.5207485374268714
10090,0.0,18,True,0.5207010350517527
10091,3.0,63,False,0.5206535326766338
10092,3.0,56,False,0.5206060303015151
10093,1.0,61,True,0.5205585279263963
10094,3.0,94,False,0.5205110255512776
10095,0.0,26,True,0.5204635231761588
10096,0.0,34,True,0.5204160208010401
10097,0.0,53,True,0.5203685184259214
10098,0.0,10,True,0.5203210160508025
10099,1.0,26,True,0.5202735136756838
10100,2.0,78,True,0.520226011300565
10101,0.0,5,True,0.5201785089254463
10102,0.0,20,True,0.5201310065503275
10103,2.0,38,True,0.5200835041752088
10104,0.0,14,True,0.52003600180009
10105,0.0,20,True,0.5199884994249713
10106,0.0,2,True,0.5199409970498525
10107,3.0,88,False,0.5198934946747338
10108,3.0,54,False,0.519845992299615
10109,0.0,17,True,0.5197984899244963
10110,3.0,119,False,0.5197509875493775
10111,0.0,3,True,0.5197034851742588
10112,0.0,8,True,0.5196559827991399
10113,1.0,42,True,0.5196084804240212
10114,3.0,37,False,0.5195609780489024
10115,2.0,78,True,0.5195134756737837
10116,0.0,36,True,0.519465973298665
10117,0.0,31,True,0.5194184709235462
10118,3.0,53,False,0.5193709685484276
10119,0.0,47,True,0.5193234661733086
10120,3.0,83,False,0.5192759637981899
10121,0.0,24,True,0.5192284614230711
10122,0.0,2,True,0.5191809590479524
10123,0.0,14,True,0.5191334566728336
10124,0.0,14,True,0.5190859542977149
10125,0.0,3,True,0.5190384519225961
10126,0.0,6,True,0.5189909495474774
10127,0.0,9,True,0.5189434471723586
10128,1.0,40,True,0.5188959447972399
10129,0.0,7,True,0.5188484424221211
10130,0.0,7,True,0.5188009400470024
10131,2.0,45,True,0.5187534376718836
10132,1.0,46,True,0.5187059352967649
10133,0.0,42,True,0.518658432921646
10134,0.0,43,True,0.5186109305465273
10135,3.0,83,False,0.5185634281714087
10136,3.0,74,False,0.5185159257962899
10137,0.0,19,True,0.5184684234211712
10138,0.0,42,True,0.5184209210460524
10139,0.0,7,True,0.5183734186709337
10140,0.0,6,True,0.5183259162958147
10141,0.0,15,True,0.518278413920696
10142,0.0,5,True,0.5182309115455772
10143,0.0,37,True,0.5181834091704585
10144,0.0,12,True,0.5181359067953398
10145,0.0,21,True,0.5180884044202211
10146,0.0,9,True,0.5180409020451023
10147,3.0,83,False,0.5179933996699835
10148,3.0,82,False,0.5179458972948647
10149,0.0,5,True,0.517898394919746
10150,0.0,9,True,0.5178508925446272
10151,1.0,43,True,0.5178033901695085
10152,0.0,6,True,0.5177558877943897
10153,0.0,27,True,0.517708385419271
10154,0.0,5,True,0.5176608830441523
10155,0.0,14,True,0.5176133806690335
10156,0.0,26,True,0.5175658782939148
10157,0.0,13,True,0.517518375918796
10158,0.0,14,True,0.5174708735436773
10159,3.0,79,False,0.5174233711685585
10160,2.0,59,True,0.5173758687934398
10161,3.0,56,False,0.5173283664183209
10162,3.0,51,False,0.5172808640432022
10163,0.0,58,True,0.5172333616680834
10164,0.0,15,True,0.5171858592929647
10165,0.0,14,True,0.5171383569178459
10166,0.0,65,True,0.5170908545427272
10167,2.0,94,True,0.5170433521676084
10168,3.0,64,False,0.5169958497924896
10169,0.0,42,True,0.5169483474173708
10170,0.0,19,True,0.5169008450422521
10171,1.0,99,True,0.5168533426671333
10172,2.0,56,True,0.5168058402920146
10173,0.0,6,True,0.5167583379168958
10174,0.0,5,True,0.5167108355417771
10175,0.0,11,True,0.5166633331666584
10176,3.0,105,False,0.5166158307915396
10177,1.0,50,True,0.5165683284164209
10178,2.0,87,True,0.5165208260413021
10179,0.0,3,True,0.5164733236661834
10180,3.0,58,False,0.5164258212910646
10181,3.0,68,False,0.5163783189159459
10182,3.0,65,False,0.516330816540827
10183,2.0,48,True,0.5162833141657083
10184,0.0,19,True,0.5162358117905895
10185,0.0,36,True,0.5161883094154708
10186,0.0,34,True,0.516140807040352
10187,3.0,77,False,0.5160933046652333
10188,3.0,75,False,0.5160458022901147
10189,0.0,3,True,0.5159982999149957
10190,3.0,38,False,0.5159507975398769
10191,0.0,50,True,0.5159032951647582
10192,1.0,57,True,0.5158557927896394
10193,3.0,70,False,0.5158082904145207
10194,0.0,21,True,0.515760788039402
10195,3.0,96,False,0.5157132856642832
10196,1.0,73,True,0.5156657832891645
10197,3.0,115,False,0.5156182809140457
10198,0.0,8,True,0.515570778538927
10199,2.0,74,True,0.5155232761638082
10200,2.0,51,True,0.5154757737886895
10201,0.0,6,True,0.5154282714135707
10202,1.0,84,True,0.515380769038452
10203,0.0,10,True,0.5153332666633331
10204,0.0,6,True,0.5152857642882144
10205,0.0,29,True,0.5152382619130957
10206,0.0,5,True,0.515190759537977
10207,0.0,16,True,0.5151432571628582
10208,0.0,7,True,0.5150957547877395
10209,2.0,108,True,0.5150482524126208
10210,3.0,90,False,0.5150007500375018
10211,0.0,4,True,0.514953247662383
10212,2.0,76,True,0.5149057452872643
10213,0.0,11,True,0.5148582429121455
10214,0.0,9,True,0.5148107405370269
10215,0.0,9,True,0.5147632381619082
10216,3.0,70,False,0.5147157357867894
10217,1.0,58,True,0.5146682334116706
10218,0.0,2,True,0.5146207310365518
10219,0.0,14,True,0.5145732286614331
10220,0.0,47,True,0.5145257262863143
10221,0.0,9,True,0.5144782239111956
10222,3.0,76,False,0.5144307215360768
10223,0.0,2,True,0.5143832191609581
10224,1.0,42,True,0.5143357167858393
10225,0.0,15,True,0.5142882144107206
10226,3.0,56,False,0.5142407120356018
10227,0.0,6,True,0.5141932096604831
10228,0.0,5,True,0.5141457072853644
10229,0.0,58,True,0.5140982049102456
10230,3.0,101,False,0.5140507025351269
10231,0.0,19,True,0.514003200160008
10232,0.0,14,True,0.5139556977848893
10233,2.0,101,True,0.5139081954097705
10234,0.0,34,True,0.5138606930346518
10235,0.0,37,True,0.513813190659533
10236,0.0,5,True,0.5137656882844143
10237,0.0,18,True,0.5137181859092955
10238,0.0,10,True,0.5136706835341767
10239,0.0,16,True,0.5136231811590579
10240,0.0,55,True,0.5135756787839392
10241,0.0,8,True,0.5135281764088204
10242,0.0,32,True,0.5134806740337017
10243,1.0,56,True,0.5134331716585829
10244,0.0,16,True,0.5133856692834642
10245,2.0,69,True,0.5133381669083454
10246,0.0,7,True,0.5132906645332267
10247,0.0,13,True,0.513243162158108
10248,0.0,11,True,0.5131956597829892
10249,1.0,52,True,0.5131481574078705
10250,0.0,15,True,0.5131006550327517
10251,0.0,122,True,0.513053152657633
10252,0.0,2,True,0.5130056502825141
10253,0.0,10,True,0.5129581479073954
10254,0.0,4,True,0.5129106455322766
10255,0.0,29,True,0.5128631431571579
10256,0.0,6,True,0.5128156407820391
10257,1.0,61,True,0.5127681384069204
10258,3.0,68,False,0.5127206360318017
10259,0.0,52,True,0.5126731336566828
10260,2.0,59,True,0.512625631281564
10261,0.0,3,True,0.5125781289064453
10262,2.0,138,True,0.5125306265313265
10263,3.0,118,False,0.5124831241562078
10264,0.0,37,True,0.512435621781089
10265,3.0,46,False,0.5123881194059703
10266,0.0,35,True,0.5123406170308515
10267,0.0,42,True,0.5122931146557328
10268,0.0,14,True,0.512245612280614
10269,0.0,99,True,0.5121981099054953
10270,0.0,4,True,0.5121506075303766
10271,0.0,9,True,0.5121031051552578
10272,0.0,16,True,0.5120556027801391
10273,0.0,31,True,0.5120081004050202
10274,0.0,11,True,0.5119605980299015
10275,0.0,23,True,0.5119130956547828
10276,0.0,4,True,0.5118655932796641
10277,0.0,12,True,0.5118180909045453
10278,3.0,49,False,0.5117705885294266
10279,2.0,79,True,0.5117230861543078
10280,1.0,51,True,0.5116755837791889
10281,0.0,33,True,0.5116280814040701
10282,3.0,60,False,0.5115805790289514
10283,3.0,65,False,0.5115330766538326
10284,0.0,11,True,0.511485574278714
10285,3.0,57,False,0.5114380719035952
10286,3.0,79,False,0.5113905695284765
10287,0.0,30,True,0.5113430671533576
10288,0.0,51,True,0.5112955647782389
10289,3.0,91,False,0.5112480624031202
10290,3.0,49,False,0.5112005600280014
10291,0.0,22,True,0.5111530576528827
10292,0.0,26,True,0.5111055552777639
10293,0.0,54,True,0.5110580529026452
10294,3.0,74,False,0.5110105505275264
10295,3.0,68,False,0.5109630481524077
10296,0.0,57,True,0.5109155457772889
10297,0.0,8,True,0.5108680434021702
10298,3.0,84,False,0.5108205410270514
10299,3.0,130,False,0.5107730386519327
10300,3.0,91,False,0.5107255362768139
10301,0.0,8,True,0.5106780339016951
10302,2.0,94,True,0.5106305315265763
10303,1.0,178,True,0.5105830291514576
10304,0.0,102,True,0.5105355267763388
10305,0.0,3,True,0.5104880244012201
10306,3.0,46,False,0.5104405220261014
10307,0.0,113,True,0.5103930196509826
10308,0.0,18,True,0.5103455172758637
10309,3.0,66,False,0.510298014900745
10310,2.0,101,True,0.5102505125256263
10311,0.0,3,True,0.5102030101505075
10312,0.0,63,True,0.5101555077753888
10313,0.0,3,True,0.51010800540027
10314,3.0,53,False,0.5100605030251513
10315,0.0,29,True,0.5100130006500325
10316,3.0,74,False,0.5099654982749138
10317,0.0,17,True,0.509917995899795
10318,0.0,5,True,0.5098704935246763
10319,3.0,78,False,0.5098229911495575
10320,3.0,57,False,0.5097754887744388
10321,2.0,58,True,0.50972798639932
10322,0.0,5,True,0.5096804840242012
10323,0.0,19,True,0.5096329816490824
10324,0.0,6,True,0.5095854792739637
10325,2.0,85,True,0.509537976898845
10326,3.0,54,False,0.5094904745237262
10327,3.0,48,False,0.5094429721486075
10328,3.0,57,False,0.5093954697734888
10329,1.0,71,True,0.5093479673983698
10330,0.0,5,True,0.5093004650232511
10331,3.0,41,False,0.5092529626481324
10332,0.0,15,True,0.5092054602730136
10333,3.0,90,False,0.5091579578978949
10334,0.0,15,True,0.5091104555227761
10335,3.0,63,False,0.5090629531476574
10336,3.0,64,False,0.5090154507725386
10337,0.0,39,True,0.5089679483974199
10338,0.0,58,True,0.5089204460223011
10339,1.0,89,True,0.5088729436471824
10340,2.0,66,True,0.5088254412720636
10341,0.0,3,True,0.5087779388969449
10342,2.0,108,True,0.5087304365218261
10343,0.0,10,True,0.5086829341467073
10344,3.0,53,False,0.5086354317715885
10345,0.0,23,True,0.5085879293964699
10346,0.0,8,True,0.5085404270213512
10347,0.0,10,True,0.5084929246462324
10348,0.0,11,True,0.5084454222711137
10349,3.0,67,False,0.5083979198959949
10350,0.0,4,True,0.508350417520876
10351,0.0,6,True,0.5083029151457572
10352,0.0,12,True,0.5082554127706385
10353,0.0,76,True,0.5082079103955197
10354,3.0,38,False,0.5081604080204011
10355,0.0,15,True,0.5081129056452823
10356,3.0,125,False,0.5080654032701636
10357,0.0,29,True,0.5080179008950448
10358,0.0,25,True,0.507970398519926
10359,1.0,44,True,0.5079228961448072
10360,0.0,4,True,0.5078753937696885
10361,2.0,165,True,0.5078278913945697
10362,0.0,23,True,0.507780389019451
10363,1.0,83,True,0.5077328866443322
10364,3.0,45,False,0.5076853842692135
10365,3.0,43,False,0.5076378818940948
10366,0.0,12,True,0.507590379518976
10367,0.0,23,True,0.5075428771438573
10368,0.0,10,True,0.5074953747687385
10369,0.0,6,True,0.5074478723936198
10370,0.0,25,True,0.507400370018501
10371,3.0,77,False,0.5073528676433823
10372,3.0,57,False,0.5073053652682634
10373,3.0,129,False,0.5072578628931447
10374,2.0,62,True,0.5072103605180259
10375,0.0,37,True,0.5071628581429072
10376,3.0,71,False,0.5071153557677884
10377,3.0,86,False,0.5070678533926697
10378,3.0,85,False,0.5070203510175509
10379,0.0,3,True,0.5069728486424321
10380,0.0,3,True,0.5069253462673133
10381,0.0,29,True,0.5068778438921946
10382,0.0,12,True,0.5068303415170758
10383,3.0,49,False,0.5067828391419571
10384,2.0,36,True,0.5067353367668384
10385,3.0,101,False,0.5066878343917196
10386,3.0,61,False,0.5066403320166009
10387,1.0,64,True,0.5065928296414821
10388,0.0,14,True,0.5065453272663634
10389,3.0,59,False,0.5064978248912446
10390,3.0,41,False,0.5064503225161259
10391,3.0,70,False,0.5064028201410071
10392,0.0,23,True,0.5063553177658884
10393,1.0,71,True,0.5063078153907695
10394,3.0,68,False,0.5062603130156508
10395,0.0,10,True,0.506212810640532
10396,0.0,7,True,0.5061653082654133
10397,0.0,47,True,0.5061178058902945
10398,3.0,72,False,0.5060703035151759
10399,0.0,20,True,0.5060228011400572
10400,2.0,61,True,0.5059752987649382
10401,0.0,15,True,0.5059277963898194
10402,0.0,31,True,0.5058802940147007
10403,2.0,71,True,0.505832791639582
10404,3.0,88,False,0.5057852892644632
10405,0.0,13,True,0.5057377868893445
10406,0.0,50,True,0.5056902845142257
10407,0.0,36,True,0.505642782139107
10408,0.0,18,True,0.5055952797639882
10409,0.0,5,True,0.5055477773888695
10410,0.0,7,True,0.5055002750137507
10411,0.0,3,True,0.505452772638632
10412,0.0,19,True,0.5054052702635132
10413,2.0,95,True,0.5053577678883945
10414,0.0,29,True,0.5053102655132756
10415,2.0,124,True,0.505262763138157
10416,3.0,58,False,0.5052152607630382
10417,3.0,67,False,0.5051677583879195
10418,0.0,44,True,0.5051202560128008
10419,0.0,14,True,0.505072753637682
10420,3.0,40,False,0.5050252512625633
10421,3.0,68,False,0.5049777488874443
10422,0.0,40,True,0.5049302465123255
10423,0.0,18,True,0.5048827441372068
10424,0.0,33,True,0.5048352417620882
10425,0.0,7,True,0.5047877393869694
10426,3.0,46,False,0.5047402370118507
10427,3.0,65,False,0.5046927346367319
10428,1.0,69,True,0.5046452322616131
10429,0.0,10,True,0.5045977298864943
10430,3.0,71,False,0.5045502275113756
10431,0.0,8,True,0.5045027251362568
10432,3.0,60,False,0.5044552227611381
10433,0.0,39,True,0.5044077203860193
10434,0.0,2,True,0.5043602180109006
10435,0.0,19,True,0.5043127156357818
10436,0.0,4,True,0.5042652132606631
10437,0.0,33,True,0.5042177108855443
10438,3.0,61,False,0.5041702085104256
10439,0.0,5,True,0.5041227061353069
10440,0.0,9,True,0.5040752037601881
10441,3.0,70,False,0.5040277013850694
10442,0.0,36,True,0.5039801990099505
10443,2.0,40,True,0.5039326966348318
10444,0.0,6,True,0.503885194259713
10445,0.0,35,True,0.5038376918845943
10446,1.0,32,True,0.5037901895094755
10447,0.0,16,True,0.5037426871343568
10448,0.0,18,True,0.503695184759238
10449,0.0,5,True,0.5036476823841192
10450,0.0,14,True,0.5036001800090004
10451,3.0,135,False,0.5035526776338817
10452,0.0,9,True,0.5035051752587629
10453,0.0,11,True,0.5034576728836442
10454,0.0,30,True,0.5034101705085254
10455,0.0,21,True,0.5033626681334067
10456,3.0,70,False,0.5033151657582879
10457,0.0,3,True,0.5032676633831692
10458,0.0,6,True,0.5032201610080504
10459,0.0,44,True,0.5031726586329317
10460,0.0,44,True,0.503125156257813
10461,3.0,56,False,0.5030776538826942
10462,0.0,6,True,0.5030301515075755
10463,0.0,8,True,0.5029826491324566
10464,0.0,12,True,0.5029351467573379
10465,3.0,40,False,0.5028876443822191
10466,0.0,18,True,0.5028401420071004
10467,3.0,48,False,0.5027926396319816
10468,1.0,49,True,0.502745137256863
10469,3.0,54,False,0.5026976348817442
10470,0.0,13,True,0.5026501325066253
10471,3.0,83,False,0.5026026301315065
10472,0.0,49,True,0.5025551277563878
10473,0.0,7,True,0.502507625381269
10474,2.0,58,True,0.5024601230061503
10475,0.0,9,True,0.5024126206310315
10476,1.0,96,True,0.5023651182559128
10477,3.0,43,False,0.502317615880794
10478,0.0,25,True,0.5022701135056753
10479,0.0,46,True,0.5022226111305566
10480,3.0,121,False,0.5021751087554378
10481,0.0,43,True,0.5021276063803191
10482,3.0,67,False,0.5020801040052003
10483,3.0,54,False,0.5020326016300816
10484,0.0,31,True,0.5019850992549627
10485,0.0,57,True,0.5019375968798441
10486,0.0,29,True,0.5018900945047253
10487,3.0,95,False,0.5018425921296066
10488,1.0,37,True,0.5017950897544878
10489,0.0,24,True,0.5017475873793691
10490,0.0,12,True,0.5017000850042503
10491,0.0,2,True,0.5016525826291314
10492,3.0,51,False,0.5016050802540126
10493,0.0,6,True,0.5015575778788939
10494,0.0,19,True,0.5015100755037752
10495,0.0,32,True,0.5014625731286565
10496,0.0,14,True,0.5014150707535378
10497,0.0,20,True,0.501367568378419
10498,0.0,14,True,0.5013200660033001
10499,0.0,12,True,0.5012725636281814
10500,0.0,14,True,0.5012250612530627
10501,0.0,16,True,0.5011775588779439
10502,3.0,46,False,0.5011300565028252
10503,0.0,15,True,0.5010825541277064
10504,3.0,77,False,0.5010350517525877
10505,0.0,16,True,0.5009875493774689
10506,0.0,29,True,0.5009400470023502
10507,0.0,22,True,0.5008925446272314
10508,3.0,72,False,0.5008450422521127
10509,0.0,39,True,0.5007975398769939
10510,3.0,58,False,0.5007500375018752
10511,0.0,4,True,0.5007025351267564
10512,3.0,74,False,0.5006550327516376
10513,3.0,102,False,0.5006075303765188
10514,0.0,7,True,0.5005600280014001
10515,0.0,10,True,0.5005125256262813
10516,0.0,29,True,0.5004650232511626
10517,0.0,4,True,0.5004175208760439
10518,2.0,45,True,0.5003700185009251
10519,1.0,31,True,0.5003225161258062
10520,0.0,25,True,0.5002750137506875
10521,0.0,57,True,0.5002275113755688
10522,2.0,47,True,0.50018000900045
10523,0.0,8,True,0.5001325066253313
10524,0.0,19,True,0.5000850042502125
10525,0.0,43,True,0.5000375018750938
10526,3.0,73,False,0.499989999499975
10527,3.0,39,False,0.4999424971248563
10528,3.0,52,False,0.49989499474973753
10529,0.0,6,True,0.4998474923746188
10530,0.0,5,True,0.49979998999950004
10531,1.0,70,True,0.4997524876243813
10532,0.0,8,True,0.49970498524926255
10533,0.0,7,True,0.4996574828741437
10534,1.0,35,True,0.49960998049902494
10535,1.0,46,True,0.4995624781239062
10536,0.0,11,True,0.49951497574878745
10537,3.0,61,False,0.4994674733736687
10538,0.0,48,True,0.49941997099854996
10539,0.0,7,True,0.4993724686234312
10540,3.0,70,False,0.49932496624831235
10541,2.0,58,True,0.4992774638731936
10542,0.0,13,True,0.49922996149807497
10543,2.0,65,True,0.4991824591229562
10544,0.0,89,True,0.4991349567478375
10545,0.0,7,True,0.49908745437271873
10546,3.0,106,False,0.4990399519976
10547,0.0,7,True,0.4989924496224811
10548,0.0,30,True,0.4989449472473624
10549,2.0,70,True,0.49889744487224363
10550,3.0,61,False,0.4988499424971249
10551,0.0,76,True,0.49880244012200614
10552,0.0,22,True,0.4987549377468874
10553,0.0,13,True,0.49870743537176865
10554,0.0,30,True,0.4986599329966498
10555,3.0,72,False,0.49861243062153104
10556,0.0,23,True,0.4985649282464123
10557,0.0,2,True,0.49851742587129355
10558,0.0,29,True,0.4984699234961748
10559,0.0,4,True,0.49842242112105606
10560,1.0,51,True,0.4983749187459374
10561,2.0,88,True,0.49832741637081857
10562,0.0,54,True,0.4982799139956998
10563,0.0,20,True,0.4982324116205811
10564,2.0,104,True,0.4981849092454623
10565,3.0,74,False,0.4981374068703436
10566,0.0,16,True,0.49808990449522483
10567,0.0,16,True,0.4980424021201061
10568,0.0,16,True,0.49799489974498723
10569,3.0,59,False,0.4979473973698685
10570,0.0,27,True,0.49789989499474974
10571,3.0,93,False,0.497852392619631
10572,3.0,95,False,0.49780489024451224
10573,3.0,55,False,0.4977573878693935
10574,3.0,82,False,0.49770988549427475
10575,2.0,94,True,0.4976623831191559
10576,0.0,15,True,0.49761488074403715
10577,0.0,14,True,0.4975673783689185
10578,3.0,162,False,0.49751987599379977
10579,0.0,16,True,0.497472373618681
10580,0.0,15,True,0.49742487124356227
10581,0.0,50,True,0.4973773688684435
10582,0.0,16,True,0.49732986649332467
10583,0.0,20,True,0.4972823641182059
10584,0.0,7,True,0.4972348617430872
10585,0.0,12,True,0.49718735936796843
10586,2.0,83,True,0.4971398569928497
10587,0.0,5,True,0.49709235461773094
10588,3.0,48,False,0.4970448522426122
10589,1.0,57,True,0.49699734986749333
10590,0.0,7,True,0.4969498474923746
10591,3.0,76,False,0.49690234511725584
10592,2.0,103,True,0.4968548427421371
10593,3.0,63,False,0.49680734036701835
10594,0.0,59,True,0.4967598379918996
10595,2.0,83,True,0.49671233561678096
10596,3.0,71,False,0.4966648332416621
10597,0.0,21,True,0.49661733086654336
10598,2.0,52,True,0.4965698284914246
10599,3.0,52,False,0.49652232611630587
10600,3.0,62,False,0.4964748237411871
10601,3.0,182,False,0.4964273213660684
10602,3.0,51,False,0.49637981899094963
10603,0.0,9,True,0.49633231661583077
10604,0.0,9,True,0.496284814240712
10605,0.0,40,True,0.4962373118655933
10606,1.0,67,True,0.49618980949047453
10607,1.0,87,True,0.4961423071153558
10608,0.0,11,True,0.49609480474023704
10609,0.0,24,True,0.4960473023651183
10610,3.0,74,False,0.49599979998999943
10611,0.0,31,True,0.4959522976148807
10612,3.0,85,False,0.49590479523976205
10613,2.0,32,True,0.4958572928646433
10614,0.0,18,True,0.49580979048952456
10615,3.0,47,False,0.4957622881144058
10616,2.0,95,True,0.49571478573928707
10617,0.0,10,True,0.4956672833641682
10618,0.0,11,True,0.49561978098904946
10619,0.0,77,True,0.4955722786139307
10620,0.0,33,True,0.49552477623881197
10621,2.0,56,True,0.4954772738636932
10622,0.0,38,True,0.4954297714885745
10623,0.0,16,True,0.49538226911345573
10624,3.0,79,False,0.4953347667383369
10625,3.0,110,False,0.4952872643632181
10626,3.0,42,False,0.4952397619880994
10627,3.0,79,False,0.49519225961298063
10628,0.0,6,True,0.4951447572378619
10629,1.0,87,True,0.49509725486274314
10630,3.0,54,False,0.4950497524876245
10631,3.0,72,False,0.49500225011250565
10632,3.0,33,False,0.4949547477373869
10633,0.0,20,True,0.49490724536226816
10634,0.0,2,True,0.4948597429871494
10635,1.0,28,True,0.49481224061203066
10636,0.0,24,True,0.4947647382369119
10637,3.0,52,False,0.49471723586179317
10638,0.0,8,True,0.4946697334866743
10639,3.0,69,False,0.49462223111155557
10640,0.0,9,True,0.4945747287364368
10641,2.0,75,True,0.4945272263613181
10642,0.0,18,True,0.4944797239861993
10643,0.0,43,True,0.4944322216110806
10644,0.0,15,True,0.49438471923596183
10645,1.0,43,True,0.494337216860843
10646,0.0,7,True,0.49428971448572423
10647,2.0,49,True,0.4942422121106056
10648,0.0,7,True,0.49419470973548685
10649,0.0,12,True,0.4941472073603681
10650,0.0,36,True,0.49409970498524936
10651,0.0,8,True,0.4940522026101306
10652,0.0,18,True,0.49400470023501175
10653,3.0,115,False,0.493957197859893
10654,0.0,16,True,0.49390969548477426
10655,0.0,15,True,0.4938621931096555
10656,0.0,11,True,0.49381469073453677
10657,2.0,92,True,0.493767188359418
10658,0.0,22,True,0.4937196859842993
10659,0.0,9,True,0.4936721836091804
10660,0.0,19,True,0.49362468123406167
10661,3.0,44,False,0.4935771788589429
10662,0.0,6,True,0.4935296764838242
10663,0.0,5,True,0.49348217410870543
10664,3.0,50,False,0.4934346717335867
10665,0.0,29,True,0.49338716935846805
10666,3.0,98,False,0.4933396669833492
10667,0.0,51,True,0.49329216460823044
10668,0.0,14,True,0.4932446622331117
10669,0.0,40,True,0.49319715985799295
10670,3.0,104,False,0.4931496574828742
10671,2.0,67,True,0.49310215510775546
10672,0.0,29,True,0.4930546527326367
10673,0.0,5,True,0.49300715035751785
10674,0.0,47,True,0.4929596479823991
10675,1.0,47,True,0.49291214560728036
10676,2.0,64,True,0.4928646432321616
10677,0.0,22,True,0.49281714085704287
10678,3.0,54,False,0.4927696384819241
10679,3.0,123,False,0.4927221361068054
10680,2.0,43,True,0.4926746337316865
10681,3.0,92,False,0.49262713135656777
10682,0.0,8,True,0.49257962898144914
10683,1.0,39,True,0.4925321266063304
10684,3.0,86,False,0.49248462423121164
10685,0.0,18,True,0.4924371218560929
10686,3.0,68,False,0.49238961948097415
10687,3.0,72,False,0.4923421171058553
10688,1.0,86,True,0.49229461473073655
10689,3.0,87,False,0.4922471123556178
10690,0.0,9,True,0.49219960998049905
10691,0.0,35,True,0.4921521076053803
10692,0.0,5,True,0.49210460523026156
10693,2.0,186,True,0.4920571028551428
10694,3.0,164,False,0.49200960048002396
10695,0.0,20,True,0.4919620981049052
10696,3.0,48,False,0.49191459572978646
10697,0.0,23,True,0.4918670933546677
10698,2.0,61,True,0.49181959097954897
10699,0.0,28,True,0.4917720886044302
10700,3.0,58,False,0.4917245862293116
10701,0.0,110,True,0.49167708385419273
10702,3.0,63,False,0.491629581479074
10703,3.0,110,False,0.49158207910395524
10704,2.0,62,True,0.4915345767288365
10705,3.0,46,False,0.49148707435371775
10706,3.0,53,False,0.491439571978599
10707,0.0,43,True,0.49139206960348025
10708,0.0,10,True,0.4913445672283614
10709,0.0,24,True,0.49129706485324265
10710,0.0,13,True,0.4912495624781239
10711,0.0,27,True,0.49120206010300516
10712,0.0,32,True,0.4911545577278864
10713,0.0,93,True,0.49110705535276766
10714,3.0,123,False,0.4910595529776489
10715,0.0,6,True,0.49101205060253006
10716,0.0,47,True,0.4909645482274113
10717,0.0,19,True,0.4909170458522927
10718,3.0,62,False,0.49086954347717393
10719,3.0,45,False,0.4908220411020552
10720,3.0,48,False,0.49077453872693644
10721,1.0,107,True,0.4907270363518177
10722,1.0,90,True,0.49067953397669883
10723,0.0,45,True,0.4906320316015801
10724,0.0,15,True,0.49058452922646134
10725,0.0,11,True,0.4905370268513426
10726,3.0,39,False,0.49048952447622385
10727,3.0,47,False,0.4904420221011051
10728,0.0,20,True,0.49039451972598636
10729,3.0,51,False,0.4903470173508675
10730,0.0,6,True,0.49029951497574875
10731,3.0,82,False,0.49025201260063
10732,3.0,65,False,0.49020451022551126
10733,0.0,18,True,0.4901570078503925
10734,0.0,7,True,0.49010950547527377
10735,2.0,75,True,0.49006200310015513
10736,0.0,9,True,0.4900145007250363
10737,0.0,12,True,0.4899669983499175
10738,2.0,76,True,0.4899194959747988
10739,0.0,7,True,0.48987199359968003
10740,0.0,12,True,0.4898244912245613
10741,0.0,4,True,0.48977698884944254
10742,0.0,7,True,0.4897294864743238
10743,1.0,70,True,0.48968198409920494
10744,3.0,75,False,0.4896344817240862
10745,0.0,3,True,0.48958697934896744
10746,0.0,24,True,0.4895394769738487
10747,0.0,9,True,0.48949197459872995
10748,3.0,70,False,0.4894444722236112
10749,0.0,6,True,0.48939696984849246
10750,0.0,9,True,0.4893494674733736
10751,0.0,23,True,0.48930196509825485
10752,0.0,13,True,0.4892544627231362
10753,0.0,22,True,0.48920696034801747
10754,0.0,33,True,0.4891594579728987
10755,0.0,21,True,0.48911195559778
10756,3.0,64,False,0.48906445322266123
10757,0.0,54,True,0.4890169508475424
10758,0.0,9,True,0.48896944847242363
10759,2.0,82,True,0.4889219460973049
10760,1.0,62,True,0.48887444372218614
10761,0.0,3,True,0.4888269413470674
10762,0.0,14,True,0.48877943897194864
10763,0.0,14,True,0.4887319365968299
10764,0.0,12,True,0.48868443422171104
10765,0.0,43,True,0.4886369318465923
10766,0.0,26,True,0.48858942947147355
10767,2.0,44,True,0.4885419270963548
10768,3.0,63,False,0.48849442472123605
10769,0.0,5,True,0.4884469223461173
10770,1.0,108,True,0.48839941997099867
10771,0.0,20,True,0.4883519175958798
10772,1.0,35,True,0.48830441522076107
10773,3.0,75,False,0.4882569128456423
10774,1.0,37,True,0.4882094104705236
10775,0.0,14,True,0.48816190809540483
10776,3.0,106,False,0.4881144057202861
10777,0.0,81,True,0.48806690334516734
10778,0.0,7,True,0.4880194009700485
10779,0.0,49,True,0.48797189859492973
10780,0.0,41,True,0.487924396219811
10781,0.0,11,True,0.48787689384469224
10782,3.0,46,False,0.4878293914695735
10783,0.0,10,True,0.48778188909445475
10784,3.0,54,False,0.487734386719336
10785,0.0,61,True,0.48768688434421714
10786,2.0,74,True,0.4876393819690984
10787,2.0,49,True,0.48759187959397976
10788,3.0,65,False,0.487544377218861
10789,0.0,10,True,0.48749687484374227
10790,0.0,35,True,0.4874493724686235
10791,0.0,24,True,0.4874018700935048
10792,0.0,14,True,0.4873543677183859
10793,0.0,3,True,0.48730686534326717
10794,3.0,112,False,0.4872593629681484
10795,3.0,59,False,0.4872118605930297
10796,3.0,51,False,0.48716435821791093
10797,0.0,5,True,0.4871168558427922
10798,0.0,21,True,0.48706935346767344
10799,0.0,12,True,0.4870218510925546
10800,0.0,25,True,0.48697434871743583
10801,0.0,7,True,0.4869268463423171
10802,0.0,7,True,0.48687934396719834
10803,0.0,12,True,0.4868318415920796
10804,0.0,6,True,0.48678433921696085
10805,0.0,44,True,0.4867368368418422
10806,0.0,9,True,0.48668933446672336
10807,2.0,41,True,0.4866418320916046
10808,0.0,59,True,0.48659432971648586
10809,0.0,116,True,0.4865468273413671
10810,0.0,51,True,0.48649932496624837
10811,0.0,3,True,0.4864518225911296
10812,0.0,7,True,0.4864043202160109
10813,1.0,63,True,0.486356817840892
10814,0.0,62,True,0.4863093154657733
10815,3.0,81,False,0.4862618130906545
10816,3.0,62,False,0.4862143107155358
10817,0.0,46,True,0.48616680834041703
10818,0.0,15,True,0.4861193059652983
10819,2.0,173,True,0.48607180359017954
10820,3.0,55,False,0.4860243012150607
10821,0.0,12,True,0.48597679883994194
10822,0.0,10,True,0.4859292964648233
10823,0.0,7,True,0.48588179408970456
10824,0.0,11,True,0.4858342917145858
10825,2.0,79,True,0.48578678933946706
10826,2.0,94,True,0.4857392869643483
10827,0.0,16,True,0.48569178458922946
10828,0.0,7,True,0.4856442822141107
10829,0.0,10,True,0.48559677983899197
10830,0.0,16,True,0.4855492774638732
10831,0.0,31,True,0.4855017750887545
10832,0.0,23,True,0.4854542727136357
10833,2.0,41,True,0.485406770338517
10834,0.0,5,True,0.4853592679633981
10835,0.0,45,True,0.4853117655882794
10836,0.0,69,True,0.48526426321316063
10837,0.0,6,True,0.4852167608380419
10838,0.0,9,True,0.48516925846292314
10839,3.0,58,False,0.4851217560878044
10840,2.0,72,True,0.48507425371268575
10841,0.0,7,True,0.4850267513375669
10842,0.0,32,True,0.48497924896244815
10843,0.0,5,True,0.4849317465873294
10844,0.0,32,True,0.48488424421221066
10845,3.0,81,False,0.4848367418370919
10846,3.0,107,False,0.48478923946197316
10847,0.0,7,True,0.4847417370868544
10848,2.0,83,True,0.48469423471173556
10849,0.0,26,True,0.4846467323366168
10850,2.0,73,True,0.48459922996149807
10851,1.0,39,True,0.4845517275863793
10852,2.0,42,True,0.4845042252112606
10853,0.0,25,True,0.48445672283614183
10854,0.0,26,True,0.4844092204610231
10855,0.0,15,True,0.4843617180859042
10856,0.0,25,True,0.4843142157107855
10857,1.0,53,True,0.48426671333566684
10858,1.0,30,True,0.4842192109605481
10859,0.0,31,True,0.48417170858542935
10860,0.0,23,True,0.4841242062103106
10861,3.0,43,False,0.48407670383519186
10862,0.0,8,True,0.484029201460073
10863,0.0,14,True,0.48398169908495425
10864,1.0,102,True,0.4839341967098355
10865,3.0,109,False,0.48388669433471676
10866,3.0,95,False,0.483839191959598
10867,2.0,53,True,0.48379168958447927
10868,0.0,22,True,0.4837441872093605
10869,0.0,25,True,0.48369668483424166
10870,3.0,64,False,0.4836491824591229
10871,3.0,35,False,0.48360168008400417
10872,1.0,63,True,0.4835541777088854
10873,3.0,60,False,0.4835066753337667
10874,3.0,65,False,0.48345917295864793
10875,0.0,29,True,0.4834116705835293
10876,0.0,16,True,0.48336416820841044
10877,0.0,13,True,0.4833166658332917
10878,0.0,13,True,0.48326916345817295
10879,3.0,80,False,0.4832216610830542
10880,3.0,54,False,0.48317415870793545
10881,3.0,107,False,0.4831266563328167
10882,1.0,80,True,0.48307915395769796
10883,3.0,73,False,0.4830316515825791
10884,0.0,14,True,0.48298414920746036
10885,3.0,87,False,0.4829366468323416
10886,0.0,28,True,0.48288914445722286
10887,0.0,16,True,0.4828416420821041
10888,1.0,64,True,0.48279413970698537
10889,0.0,12,True,0.4827466373318666
10890,0.0,44,True,0.48269913495674777
10891,0.0,58,True,0.482651632581629
10892,3.0,54,False,0.4826041302065104
10893,0.0,16,True,0.48255662783139164
10894,0.0,9,True,0.4825091254562729
10895,2.0,62,True,0.48246162308115415
10896,0.0,33,True,0.4824141207060354
10897,3.0,43,False,0.48236661833091654
10898,0.0,10,True,0.4823191159557978
10899,0.0,11,True,0.48227161358067905
10900,0.0,27,True,0.4822241112055603
10901,3.0,87,False,0.48217660883044156
10902,0.0,5,True,0.4821291064553228
10903,0.0,10,True,0.48208160408020406
10904,0.0,13,True,0.4820341017050852
10905,3.0,68,False,0.48198659932996646
10906,0.0,20,True,0.4819390969548477
10907,0.0,7,True,0.48189159457972897
10908,3.0,68,False,0.4818440922046102
10909,0.0,8,True,0.4817965898294915
10910,0.0,18,True,0.48174908745437284
10911,0.0,17,True,0.481701585079254
10912,0.0,37,True,0.48165408270413523
10913,3.0,85,False,0.4816065803290165
10914,0.0,10,True,0.48155907795389774
10915,3.0,75,False,0.481511575578779
10916,0.0,10,True,0.48146407320366025
10917,0.0,2,True,0.4814165708285415
10918,0.0,9,True,0.48136906845342264
10919,0.0,7,True,0.4813215660783039
10920,0.0,36,True,0.48127406370318515
10921,0.0,15,True,0.4812265613280664
10922,3.0,56,False,0.48117905895294766
10923,2.0,48,True,0.4811315565778289
10924,3.0,35,False,0.48108405420271017
10925,0.0,74,True,0.4810365518275913
10926,1.0,60,True,0.48098904945247256
10927,0.0,26,True,0.4809415470773539
10928,0.0,15,True,0.4808940447022352
10929,0.0,42,True,0.48084654232711643
10930,0.0,15,True,0.4807990399519977
10931,0.0,5,True,0.48075153757687894
10932,0.0,20,True,0.4807040352017601
10933,3.0,69,False,0.48065653282664134
10934,1.0,51,True,0.4806090304515226
10935,2.0,58,True,0.48056152807640384
10936,0.0,17,True,0.4805140257012851
10937,0.0,23,True,0.48046652332616635
10938,3.0,40,False,0.4804190209510476
10939,3.0,52,False,0.48037151857592875
10940,0.0,11,True,0.48032401620081
10941,3.0,56,False,0.48027651382569125
10942,0.0,18,True,0.4802290114505725
10943,0.0,19,True,0.48018150907545376
10944,0.0,16,True,0.480134006700335
10945,0.0,8,True,0.4800865043252164
10946,0.0,23,True,0.4800390019500975
10947,0.0,11,True,0.4799914995749788
10948,0.0,26,True,0.47994399719986003
10949,0.0,13,True,0.4798964948247413
10950,0.0,16,True,0.47984899244962254
10951,3.0,69,False,0.4798014900745038
10952,0.0,9,True,0.47975398769938504
10953,0.0,3,True,0.4797064853242662
10954,0.0,10,True,0.47965898294914744
10955,0.0,5,True,0.4796114805740287
10956,2.0,43,True,0.47956397819890995
10957,0.0,4,True,0.4795164758237912
10958,0.0,13,True,0.47946897344867245
10959,0.0,32,True,0.4794214710735537
10960,0.0,4,True,0.47937396869843485
10961,3.0,81,False,0.4793264663233161
10962,0.0,20,True,0.47927896394819747
10963,0.0,21,True,0.4792314615730787
10964,0.0,8,True,0.47918395919796
10965,0.0,5,True,0.47913645682284123
10966,0.0,10,True,0.4790889544477225
10967,2.0,35,True,0.4790414520726036
10968,2.0,48,True,0.4789939496974849
10969,3.0,31,False,0.47894644732236613
10970,0.0,9,True,0.4788989449472474
10971,0.0,18,True,0.47885144257212864
10972,3.0,65,False,0.4788039401970099
10973,1.0,37,True,0.47875643782189115
10974,0.0,24,True,0.4787089354467723
10975,2.0,45,True,0.47866143307165354
10976,2.0,62,True,0.4786139306965348
10977,0.0,32,True,0.47856642832141605
10978,0.0,2,True,0.4785189259462973
10979,0.0,24,True,0.47847142357117856
10980,1.0,50,True,0.4784239211960599
10981,3.0,67,False,0.47837641882094106
10982,3.0,62,False,0.4783289164458223
10983,0.0,127,True,0.47828141407070357
10984,1.0,35,True,0.4782339116955848
10985,0.0,10,True,0.4781864093204661
10986,0.0,7,True,0.47813890694534733
10987,0.0,28,True,0.4780914045702286
10988,3.0,68,False,0.4780439021951097
10989,0.0,15,True,0.477996399819991
10990,0.0,3,True,0.47794889744487223
10991,0.0,13,True,0.4779013950697535
10992,2.0,94,True,0.47785389269463474
10993,0.0,13,True,0.477806390319516
10994,3.0,65,False,0.47775888794439725
10995,2.0,67,True,0.4777113855692784
10996,0.0,5,True,0.47766388319415964
10997,0.0,17,True,0.477616380819041
10998,0.0,75,True,0.47756887844392226
10999,2.0,61,True,0.4775213760688035
11000,0.0,21,True,0.47747387369368477
11001,0.0,5,True,0.477426371318566
11002,0.0,23,True,0.47737886894344717
11003,0.0,5,True,0.4773313665683284
11004,0.0,31,True,0.4772838641932097
11005,0.0,33,True,0.4772363618180909
11006,0.0,4,True,0.4771888594429722
11007,2.0,46,True,0.47714135706785343
11008,3.0,58,False,0.4770938546927347
11009,0.0,6,True,0.47704635231761583
11010,3.0,61,False,0.4769988499424971
11011,0.0,13,True,0.47695134756737834
11012,0.0,7,True,0.4769038451922596
11013,3.0,88,False,0.47685634281714084
11014,3.0,52,False,0.4768088404420221
11015,2.0,52,True,0.47676133806690346
11016,0.0,5,True,0.4767138356917846
11017,3.0,116,False,0.47666633331666586
11018,0.0,9,True,0.4766188309415471
11019,0.0,5,True,0.47657132856642836
11020,0.0,12,True,0.4765238261913096
11021,3.0,77,False,0.47647632381619087
11022,3.0,62,False,0.4764288214410721
11023,1.0,163,True,0.47638131906595327
11024,3.0,50,False,0.4763338166908345
11025,0.0,26,True,0.4762863143157158
11026,0.0,4,True,0.47623881194059703
11027,2.0,79,True,0.4761913095654783
11028,0.0,18,True,0.47614380719035954
11029,3.0,69,False,0.4760963048152408
11030,0.0,23,True,0.47604880244012193
11031,0.0,54,True,0.4760013000650032
11032,1.0,67,True,0.47595379768988455
11033,0.0,9,True,0.4759062953147658
11034,1.0,123,True,0.47585879293964706
11035,3.0,62,False,0.4758112905645283
11036,2.0,56,True,0.47576378818940956
11037,1.0,71,True,0.4757162858142907
11038,0.0,17,True,0.47566878343917196
11039,2.0,90,True,0.4756212810640532
11040,0.0,11,True,0.47557377868893447
11041,0.0,5,True,0.4755262763138157
11042,0.0,4,True,0.475478773938697
11043,0.0,7,True,0.47543127156357823
11044,0.0,6,True,0.47538376918845937
11045,1.0,58,True,0.4753362668133406
11046,0.0,33,True,0.4752887644382219
11047,0.0,9,True,0.47524126206310313
11048,3.0,60,False,0.4751937596879844
11049,0.0,13,True,0.47514625731286564
11050,0.0,6,True,0.475098754937747
11051,0.0,3,True,0.47505125256262815
11052,0.0,14,True,0.4750037501875094
11053,3.0,42,False,0.47495624781239065
11054,2.0,59,True,0.4749087454372719
11055,0.0,9,True,0.47486124306215316
11056,2.0,43,True,0.4748137406870344
11057,3.0,87,False,0.47476623831191567
11058,0.0,16,True,0.4747187359367968
11059,1.0,48,True,0.47467123356167806
11060,3.0,67,False,0.4746237311865593
11061,3.0,54,False,0.47457622881144057
11062,0.0,10,True,0.4745287264363218
11063,1.0,50,True,0.4744812240612031
11064,0.0,65,True,0.47443372168608433
11065,0.0,6,True,0.4743862193109655
11066,0.0,2,True,0.4743387169358467
11067,0.0,10,True,0.4742912145607281
11068,0.0,42,True,0.47424371218560935
11069,1.0,24,True,0.4741962098104906
11070,0.0,15,True,0.47414870743537185
11071,1.0,65,True,0.4741012050602531
11072,0.0,17,True,0.47405370268513436
11073,3.0,65,False,0.4740062003100155
11074,0.0,38,True,0.47395869793489676
11075,0.0,4,True,0.473911195559778
11076,0.0,11,True,0.47386369318465926
11077,3.0,48,False,0.4738161908095405
11078,0.0,18,True,0.47376868843442177
11079,0.0,2,True,0.473721186059303
11080,0.0,4,True,0.47367368368418417
11081,2.0,110,True,0.4736261813090654
11082,0.0,62,True,0.4735786789339467
11083,2.0,183,True,0.4735311765588279
11084,1.0,28,True,0.4734836741837092
11085,0.0,34,True,0.47343617180859054
11086,0.0,47,True,0.4733886694334718
11087,0.0,42,True,0.47334116705835294
11088,1.0,52,True,0.4732936646832342
11089,0.0,4,True,0.47324616230811545
11090,0.0,11,True,0.4731986599329967
11091,3.0,107,False,0.47315115755787795
11092,0.0,30,True,0.4731036551827592
11093,0.0,13,True,0.47305615280764046
11094,3.0,103,False,0.4730086504325216
11095,0.0,5,True,0.47296114805740286
11096,0.0,26,True,0.4729136456822841
11097,0.0,31,True,0.47286614330716537
11098,3.0,181,False,0.4728186409320466
11099,0.0,92,True,0.4727711385569279
11100,0.0,34,True,0.4727236361818091
11101,3.0,109,False,0.47267613380669027
11102,0.0,10,True,0.47262863143157163
11103,0.0,13,True,0.4725811290564529
11104,3.0,49,False,0.47253362668133414
11105,0.0,7,True,0.4724861243062154
11106,2.0,67,True,0.47243862193109665
11107,3.0,81,False,0.4723911195559779
11108,0.0,55,True,0.47234361718085904
11109,0.0,3,True,0.4722961148057403
11110,2.0,73,True,0.47224861243062155
11111,0.0,7,True,0.4722011100555028
11112,0.0,100,True,0.47215360768038406
11113,0.0,61,True,0.4721061053052653
11114,0.0,3,True,0.47205860293014656
11115,0.0,11,True,0.4720111005550277
11116,0.0,26,True,0.47196359817990896
11117,0.0,19,True,0.4719160958047902
11118,0.0,11,True,0.47186859342967147
11119,1.0,53,True,0.4718210910545527
11120,0.0,13,True,0.4717735886794341
11121,0.0,9,True,0.47172608630431534
11122,0.0,21,True,0.4716785839291965
11123,3.0,109,False,0.47163108155407774
11124,3.0,79,False,0.471583579178959
11125,0.0,12,True,0.47153607680384024
11126,0.0,4,True,0.4714885744287215
11127,3.0,43,False,0.47144107205360275
11128,1.0,63,True,0.471393569678484
11129,0.0,17,True,0.47134606730336515
11130,3.0,59,False,0.4712985649282464
11131,3.0,59,False,0.47125106255312765
11132,0.0,46,True,0.4712035601780089
11133,0.0,4,True,0.47115605780289016
11134,0.0,3,True,0.4711085554277714
11135,3.0,57,False,0.47106105305265267
11136,3.0,71,False,0.4710135506775338
11137,3.0,49,False,0.4709660483024152
11138,2.0,54,True,0.47091854592729643
11139,2.0,47,True,0.4708710435521777
11140,0.0,27,True,0.47082354117705894
11141,0.0,23,True,0.4707760388019402
11142,2.0,83,True,0.47072853642682144
11143,3.0,123,False,0.4706810340517026
11144,0.0,10,True,0.47063353167658384
11145,0.0,21,True,0.4705860293014651
11146,0.0,37,True,0.47053852692634635
11147,0.0,20,True,0.4704910245512276
11148,3.0,48,False,0.47044352217610885
11149,1.0,75,True,0.4703960198009901
11150,0.0,7,True,0.47034851742587125
11151,2.0,54,True,0.4703010150507525
11152,0.0,10,True,0.47025351267563376
11153,0.0,32,True,0.470206010300515
11154,0.0,31,True,0.47015850792539626
11155,3.0,57,False,0.4701110055502776
11156,0.0,11,True,0.4700635031751589
11157,0.0,3,True,0.47001600080004
11158,0.0,67,True,0.4699684984249213
11159,2.0,80,True,0.46992099604980253
11160,1.0,43,True,0.4698734936746838
11161,0.0,14,True,0.46982599129956504
11162,0.0,31,True,0.4697784889244463
11163,0.0,2,True,0.46973098654932754
11164,2.0,40,True,0.4696834841742087
11165,2.0,72,True,0.46963598179908994
11166,3.0,70,False,0.4695884794239712
11167,0.0,11,True,0.46954097704885245
11168,0.0,2,True,0.4694934746737337
11169,0.0,10,True,0.46944597229861496
11170,3.0,60,False,0.4693984699234962
11171,0.0,12,True,0.46935096754837735
11172,1.0,61,True,0.4693034651732587
11173,0.0,5,True,0.46925596279813997
11174,0.0,11,True,0.4692084604230212
11175,0.0,10,True,0.4691609580479025
11176,3.0,120,False,0.46911345567278373
11177,0.0,5,True,0.469065953297665
11178,3.0,49,False,0.4690184509225461
11179,3.0,78,False,0.4689709485474274
11180,0.0,4,True,0.46892344617230863
11181,0.0,8,True,0.4688759437971899
11182,0.0,6,True,0.46882844142207114
11183,3.0,75,False,0.4687809390469524
11184,1.0,76,True,0.46873343667183365
11185,2.0,84,True,0.4686859342967148
11186,0.0,24,True,0.46863843192159604
11187,0.0,18,True,0.4685909295464773
11188,0.0,11,True,0.46854342717135855
11189,3.0,83,False,0.4684959247962398
11190,0.0,7,True,0.46844842242112117
11191,0.0,6,True,0.4684009200460024
11192,3.0,44,False,0.46835341767088357
11193,0.0,2,True,0.4683059152957648
11194,0.0,11,True,0.46825841292064607
11195,0.0,11,True,0.4682109105455273
11196,1.0,66,True,0.4681634081704086
11197,0.0,14,True,0.46811590579528983
11198,3.0,72,False,0.4680684034201711
11199,0.0,6,True,0.46802090104505223
11200,0.0,9,True,0.4679733986699335
11201,3.0,60,False,0.46792589629481474
11202,3.0,53,False,0.467878393919696
11203,0.0,69,True,0.46783089154457724
11204,3.0,48,False,0.4677833891694585
11205,0.0,3,True,0.46773588679433975
11206,0.0,9,True,0.4676883844192209
11207,1.0,47,True,0.46764088204410226
11208,3.0,37,False,0.4675933796689835
11209,0.0,13,True,0.46754587729386476
11210,0.0,4,True,0.467498374918746
11211,0.0,26,True,0.46745087254362727
11212,0.0,13,True,0.4674033701685085
11213,1.0,39,True,0.46735586779338967
11214,3.0,80,False,0.4673083654182709
11215,2.0,30,True,0.4672608630431522
11216,0.0,35,True,0.46721336066803343
11217,2.0,46,True,0.4671658582929147
11218,0.0,5,True,0.46711835591779594
11219,3.0,41,False,0.4670708535426772
11220,1.0,67,True,0.46702335116755833
11221,3.0,59,False,0.4669758487924396
11222,0.0,37,True,0.46692834641732084
11223,0.0,16,True,0.4668808440422021
11224,0.0,3,True,0.46683334166708335
11225,0.0,12,True,0.4667858392919647
11226,0.0,22,True,0.46673833691684596
11227,3.0,65,False,0.4666908345417271
11228,3.0,55,False,0.46664333216660836
11229,0.0,5,True,0.4665958297914896
11230,0.0,15,True,0.46654832741637087
11231,0.0,7,True,0.4665008250412521
11232,0.0,44,True,0.4664533226661334
11233,3.0,47,False,0.46640582029101463
11234,0.0,27,True,0.46635831791589577
11235,1.0,77,True,0.466310815540777
11236,0.0,19,True,0.4662633131656583
11237,0.0,20,True,0.46621581079053953
11238,3.0,70,False,0.4661683084154208
11239,3.0,56,False,0.46612080604030204
11240,0.0,10,True,0.4660733036651833
11241,1.0,67,True,0.46602580129006443
11242,3.0,66,False,0.4659782989149458
11243,0.0,11,True,0.46593079653982705
11244,3.0,55,False,0.4658832941647083
11245,3.0,60,False,0.46583579178958956
11246,3.0,135,False,0.4657882894144708
11247,3.0,81,False,0.46574078703935207
11248,0.0,22,True,0.4656932846642332
11249,0.0,7,True,0.46564578228911446
11250,1.0,72,True,0.4655982799139957
11251,1.0,90,True,0.46555077753887697
11252,3.0,58,False,0.4655032751637582
11253,3.0,45,False,0.4654557727886395
11254,0.0,6,True,0.46540827041352073
11255,0.0,45,True,0.4653607680384019
11256,1.0,30,True,0.4653132656632831
11257,1.0,40,True,0.4652657632881644
11258,0.0,14,True,0.46521826091304563
11259,0.0,2,True,0.4651707585379269
11260,0.0,2,True,0.46512325616280825
11261,0.0,31,True,0.4650757537876895
11262,0.0,17,True,0.46502825141257065
11263,0.0,33,True,0.4649807490374519
11264,2.0,46,True,0.46493324666233316
11265,3.0,50,False,0.4648857442872144
11266,3.0,62,False,0.46483824191209566
11267,0.0,5,True,0.4647907395369769
11268,0.0,7,True,0.46474323716185817
11269,0.0,13,True,0.4646957347867393
11270,1.0,47,True,0.46464823241162057
11271,3.0,83,False,0.4646007300365018
11272,0.0,4,True,0.4645532276613831
11273,0.0,11,True,0.4645057252862643
11274,3.0,78,False,0.4644582229111456
11275,2.0,68,True,0.46441072053602683
11276,3.0,53,False,0.464363218160908
11277,3.0,65,False,0.46431571578578934
11278,3.0,60,False,0.4642682134106706
11279,3.0,62,False,0.46422071103555185
11280,0.0,41,True,0.4641732086604331
11281,3.0,61,False,0.46412570628531435
11282,1.0,42,True,0.4640782039101956
11283,3.0,56,False,0.46403070153507675
11284,0.0,6,True,0.463983199159958
11285,3.0,78,False,0.46393569678483926
11286,0.0,30,True,0.4638881944097205
11287,0.0,11,True,0.46384069203460176
11288,3.0,53,False,0.463793189659483
11289,1.0,27,True,0.46374568728436427
11290,0.0,16,True,0.4636981849092454
11291,3.0,53,False,0.46365068253412667
11292,0.0,5,True,0.4636031801590079
11293,0.0,36,True,0.4635556777838892
11294,0.0,3,True,0.46350817540877043
11295,2.0,43,True,0.4634606730336518
11296,3.0,39,False,0.46341317065853305
11297,2.0,79,True,0.4633656682834142
11298,3.0,101,False,0.46331816590829544
11299,3.0,43,False,0.4632706635331767
11300,2.0,112,True,0.46322316115805795
11301,0.0,7,True,0.4631756587829392
11302,2.0,64,True,0.46312815640782046
11303,0.0,9,True,0.4630806540327017
11304,3.0,29,False,0.46303315165758285
11305,1.0,65,True,0.4629856492824641
11306,2.0,50,True,0.46293814690734536
11307,0.0,26,True,0.4628906445322266
11308,0.0,4,True,0.46284314215710787
11309,3.0,42,False,0.4627956397819891
11310,3.0,68,False,0.4627481374068704
11311,1.0,62,True,0.4627006350317515
11312,2.0,69,True,0.4626531326566329
11313,3.0,65,False,0.46260563028151414
11314,0.0,13,True,0.4625581279063954
11315,1.0,60,True,0.46251062553127664
11316,3.0,37,False,0.4624631231561579
11317,3.0,70,False,0.46241562078103915
11318,0.0,7,True,0.4623681184059203
11319,1.0,93,True,0.46232061603080155
11320,0.0,19,True,0.4622731136556828
11321,0.0,12,True,0.46222561128056405
11322,0.0,11,True,0.4621781089054453
11323,0.0,59,True,0.46213060653032656
11324,0.0,19,True,0.4620831041552078
11325,0.0,7,True,0.46203560178008896
11326,0.0,18,True,0.4619880994049702
11327,0.0,3,True,0.46194059702985146
11328,0.0,12,True,0.4618930946547327
11329,0.0,13,True,0.46184559227961397
11330,0.0,5,True,0.46179808990449533
11331,1.0,59,True,0.4617505875293766
11332,0.0,10,True,0.46170308515425773
11333,0.0,24,True,0.461655582779139
11334,2.0,75,True,0.46160808040402024
11335,3.0,63,False,0.4615605780289015
11336,0.0,18,True,0.46151307565378275
11337,0.0,39,True,0.461465573278664
11338,0.0,22,True,0.46141807090354525
11339,0.0,28,True,0.4613705685284264
11340,0.0,93,True,0.46132306615330765
11341,0.0,18,True,0.4612755637781889
11342,3.0,106,False,0.46122806140307016
11343,0.0,28,True,0.4611805590279514
11344,0.0,25,True,0.46113305665283266
11345,3.0,63,False,0.4610855542777139
11346,1.0,65,True,0.46103805190259506
11347,3.0,49,False,0.4609905495274764
11348,2.0,84,True,0.4609430471523577
11349,1.0,84,True,0.46089554477723893
11350,2.0,76,True,0.4608480424021202
11351,3.0,59,False,0.46080054002700144
11352,0.0,29,True,0.4607530376518827
11353,3.0,49,False,0.46070553527676383
11354,3.0,49,False,0.4606580329016451
11355,3.0,73,False,0.46061053052652634
11356,3.0,63,False,0.4605630281514076
11357,3.0,86,False,0.46051552577628885
11358,0.0,14,True,0.4604680234011701
11359,0.0,42,True,0.46042052102605135
11360,3.0,51,False,0.4603730186509325
11361,0.0,12,True,0.46032551627581375
11362,1.0,71,True,0.460278013900695
11363,0.0,31,True,0.46023051152557626
11364,3.0,81,False,0.4601830091504575
11365,0.0,26,True,0.4601355067753389
11366,3.0,68,False,0.46008800440022013
11367,3.0,59,False,0.46004050202510127
11368,0.0,11,True,0.4599929996499825
11369,3.0,86,False,0.4599454972748638
11370,0.0,22,True,0.45989799489974503
11371,0.0,26,True,0.4598504925246263
11372,0.0,11,True,0.45980299014950754
11373,0.0,39,True,0.4597554877743888
11374,3.0,52,False,0.45970798539926994
11375,0.0,35,True,0.4596604830241512
11376,0.0,17,True,0.45961298064903244
11377,0.0,20,True,0.4595654782739137
11378,0.0,30,True,0.45951797589879495
11379,3.0,66,False,0.4594704735236762
11380,1.0,50,True,0.45942297114855746
11381,0.0,10,True,0.4593754687734386
11382,2.0,67,True,0.45932796639831996
11383,0.0,5,True,0.4592804640232012
11384,3.0,40,False,0.45923296164808247
11385,0.0,29,True,0.4591854592729637
11386,3.0,82,False,0.459137956897845
11387,0.0,19,True,0.45909045452272623
11388,0.0,12,True,0.4590429521476074
11389,0.0,44,True,0.45899544977248863
11390,0.0,4,True,0.4589479473973699
11391,0.0,25,True,0.45890044502225114
11392,3.0,56,False,0.4588529426471324
11393,1.0,67,True,0.45880544027201364
11394,0.0,33,True,0.4587579378968949
11395,3.0,73,False,0.45871043552177604
11396,0.0,39,True,0.4586629331466573
11397,0.0,5,True,0.45861543077153855
11398,0.0,6,True,0.4585679283964198
11399,1.0,50,True,0.45852042602130105
11400,0.0,4,True,0.4584729236461824
11401,3.0,58,False,0.45842542127106367
11402,2.0,55,True,0.4583779188959448
11403,0.0,7,True,0.45833041652082607
11404,0.0,30,True,0.4582829141457073
11405,0.0,11,True,0.4582354117705886
11406,0.0,15,True,0.45818790939546983
11407,0.0,10,True,0.4581404070203511
11408,3.0,49,False,0.45809290464523233
11409,3.0,40,False,0.4580454022701135
11410,3.0,61,False,0.45799789989499473
11411,3.0,54,False,0.457950397519876
11412,3.0,62,False,0.45790289514475724
11413,0.0,16,True,0.4578553927696385
11414,0.0,34,True,0.45780789039451975
11415,0.0,40,True,0.457760388019401
11416,1.0,35,True,0.45771288564428214
11417,0.0,23,True,0.4576653832691635
11418,0.0,14,True,0.45761788089404476
11419,3.0,118,False,0.457570378518926
11420,1.0,67,True,0.45752287614380727
11421,3.0,75,False,0.4574753737686885
11422,0.0,14,True,0.4574278713935698
11423,0.0,5,True,0.4573803690184509
11424,0.0,11,True,0.45733286664333217
11425,0.0,64,True,0.4572853642682134
11426,3.0,73,False,0.4572378618930947
11427,3.0,58,False,0.45719035951797593
11428,0.0,22,True,0.4571428571428572
11429,0.0,18,True,0.45709535476773844
11430,3.0,87,False,0.4570478523926196
11431,0.0,13,True,0.45700035001750083
11432,0.0,22,True,0.4569528476423821
11433,0.0,13,True,0.45690534526726334
11434,3.0,114,False,0.4568578428921446
11435,2.0,69,True,0.45681034051702596
11436,3.0,39,False,0.4567628381419072
11437,2.0,42,True,0.45671533576678836
11438,3.0,72,False,0.4566678333916696
11439,0.0,54,True,0.45662033101655086
11440,0.0,5,True,0.4565728286414321
11441,2.0,51,True,0.45652532626631337
11442,0.0,10,True,0.4564778238911946
11443,2.0,88,True,0.4564303215160759
11444,3.0,48,False,0.456382819140957
11445,0.0,17,True,0.4563353167658383
11446,0.0,5,True,0.4562878143907195
11447,3.0,52,False,0.4562403120156008
11448,0.0,11,True,0.45619280964048203
11449,0.0,49,True,0.4561453072653633
11450,0.0,17,True,0.45609780489024454
11451,3.0,51,False,0.4560503025151257
11452,0.0,57,True,0.45600280014000705
11453,0.0,42,True,0.4559552977648883
11454,0.0,22,True,0.45590779538976955
11455,0.0,12,True,0.4558602930146508
11456,0.0,14,True,0.45581279063953206
11457,0.0,20,True,0.4557652882644133
11458,0.0,15,True,0.45571778588929446
11459,3.0,69,False,0.4556702835141757
11460,0.0,24,True,0.45562278113905696
11461,0.0,4,True,0.4555752787639382
11462,0.0,47,True,0.45552777638881947
11463,0.0,12,True,0.4554802740137007
11464,2.0,46,True,0.455432771638582
11465,0.0,13,True,0.4553852692634631
11466,0.0,35,True,0.4553377668883444
11467,3.0,89,False,0.45529026451322563
11468,0.0,42,True,0.4552427621381069
11469,3.0,67,False,0.45519525976298814
11470,0.0,10,True,0.4551477573878695
11471,0.0,12,True,0.45510025501275075
11472,0.0,17,True,0.4550527526376319
11473,3.0,51,False,0.45500525026251315
11474,2.0,54,True,0.4549577478873944
11475,0.0,4,True,0.45491024551227566
11476,0.0,14,True,0.4548627431371569
11477,3.0,89,False,0.45481524076203816
11478,0.0,21,True,0.4547677383869194
11479,2.0,72,True,0.45472023601180056
11480,0.0,16,True,0.4546727336366818
11481,3.0,33,False,0.45462523126156307
11482,0.0,68,True,0.4545777288864443
11483,0.0,27,True,0.4545302265113256
11484,0.0,17,True,0.45448272413620683
11485,0.0,9,True,0.4544352217610881
11486,0.0,32,True,0.4543877193859692
11487,0.0,20,True,0.4543402170108506
11488,0.0,54,True,0.45429271463573184
11489,2.0,70,True,0.4542452122606131
11490,1.0,89,True,0.45419770988549435
11491,0.0,47,True,0.4541502075103756
11492,2.0,89,True,0.45410270513525686
11493,0.0,6,True,0.454055202760138
11494,1.0,45,True,0.45400770038501925
11495,2.0,30,True,0.4539601980099005
11496,3.0,78,False,0.45391269563478176
11497,0.0,13,True,0.453865193259663
11498,0.0,7,True,0.45381769088454427
11499,3.0,58,False,0.4537701885094255
11500,0.0,5,True,0.45372268613430666
11501,3.0,55,False,0.4536751837591879
11502,3.0,62,False,0.45362768138406917
11503,0.0,19,True,0.4535801790089504
11504,0.0,6,True,0.4535326766338317
11505,0.0,21,True,0.45348517425871304
11506,0.0,11,True,0.4534376718835943
11507,0.0,6,True,0.45339016950847544
11508,0.0,19,True,0.4533426671333567
11509,3.0,48,False,0.45329516475823795
11510,0.0,24,True,0.4532476623831192
11511,0.0,12,True,0.45320016000800045
11512,3.0,49,False,0.4531526576328817
11513,0.0,8,True,0.45310515525776296
11514,0.0,40,True,0.4530576528826441
11515,0.0,15,True,0.45301015050752536
11516,0.0,6,True,0.4529626481324066
11517,0.0,3,True,0.45291514575728786
11518,0.0,12,True,0.4528676433821691
11519,2.0,70,True,0.45282014100705037
11520,0.0,31,True,0.4527726386319316
11521,0.0,4,True,0.45272513625681277
11522,3.0,100,False,0.45267763388169413
11523,3.0,103,False,0.4526301315065754
11524,3.0,66,False,0.45258262913145664
11525,0.0,9,True,0.4525351267563379
11526,0.0,12,True,0.45248762438121914
11527,3.0,43,False,0.4524401220061004
11528,0.0,39,True,0.45239261963098154
11529,0.0,5,True,0.4523451172558628
11530,2.0,52,True,0.45229761488074405
11531,0.0,8,True,0.4522501125056253
11532,0.0,29,True,0.45220261013050655
11533,0.0,23,True,0.4521551077553878
11534,2.0,61,True,0.45210760538026906
11535,3.0,66,False,0.4520601030051502
11536,3.0,64,False,0.45201260063003146
11537,1.0,57,True,0.4519650982549127
11538,0.0,57,True,0.45191759587979397
11539,3.0,46,False,0.4518700935046752
11540,0.0,27,True,0.4518225911295566
11541,3.0,83,False,0.45177508875443784
11542,0.0,2,True,0.451727586379319
11543,3.0,63,False,0.45168008400420023
11544,3.0,78,False,0.4516325816290815
11545,3.0,56,False,0.45158507925396274
11546,1.0,100,True,0.451537576878844
11547,1.0,49,True,0.45149007450372525
11548,0.0,5,True,0.4514425721286065
11549,3.0,56,False,0.45139506975348764
11550,1.0,40,True,0.4513475673783689
11551,3.0,48,False,0.45130006500325015
11552,3.0,70,False,0.4512525626281314
11553,0.0,63,True,0.45120506025301266
11554,3.0,84,False,0.4511575578778939
11555,0.0,53,True,0.45111005550277516
11556,0.0,3,True,0.4510625531276563
11557,0.0,9,True,0.45101505075253767
11558,0.0,22,True,0.4509675483774189
11559,2.0,56,True,0.4509200460023002
11560,2.0,48,True,0.45087254362718143
11561,1.0,58,True,0.4508250412520627
11562,0.0,32,True,0.45077753887694394
11563,0.0,5,True,0.4507300365018251
11564,0.0,5,True,0.45068253412670634
11565,0.0,8,True,0.4506350317515876
11566,3.0,68,False,0.45058752937646884
11567,0.0,7,True,0.4505400270013501
11568,2.0,46,True,0.45049252462623135
11569,2.0,47,True,0.4504450222511126
11570,1.0,67,True,0.45039751987599375
11571,3.0,73,False,0.450350017500875
11572,3.0,49,False,0.45030251512575625
11573,3.0,63,False,0.4502550127506375
11574,0.0,34,True,0.45020751037551876
11575,0.0,24,True,0.4501600080004001
11576,3.0,56,False,0.4501125056252814
11577,2.0,45,True,0.4500650032501625
11578,0.0,7,True,0.4500175008750438
11579,1.0,53,True,0.44996999849992503
11580,1.0,58,True,0.4499224961248063
11581,0.0,9,True,0.44987499374968754
11582,3.0,72,False,0.4498274913745688
11583,3.0,59,False,0.44977998899945004
11584,0.0,19,True,0.4497324866243312
11585,0.0,22,True,0.44968498424921244
11586,0.0,29,True,0.4496374818740937
11587,3.0,55,False,0.44958997949897495
11588,3.0,40,False,0.4495424771238562
11589,2.0,96,True,0.44949497474873745
11590,0.0,10,True,0.4494474723736187
11591,0.0,7,True,0.44939996999849985
11592,0.0,5,True,0.4493524676233812
11593,3.0,90,False,0.44930496524826247
11594,0.0,8,True,0.4492574628731437
11595,3.0,75,False,0.449209960498025
11596,0.0,35,True,0.4491624581229062
11597,0.0,18,True,0.4491149557477875
11598,0.0,4,True,0.4490674533726686
11599,3.0,54,False,0.4490199509975499
11600,0.0,4,True,0.44897244862243113
11601,0.0,32,True,0.4489249462473124
11602,0.0,13,True,0.44887744387219364
11603,3.0,51,False,0.4488299414970749
11604,1.0,108,True,0.44878243912195614
11605,1.0,54,True,0.4487349367468373
11606,1.0,140,True,0.44868743437171854
11607,3.0,55,False,0.4486399319965998
11608,3.0,80,False,0.44859242962148105
11609,0.0,8,True,0.4485449272463623
11610,0.0,22,True,0.44849742487124367
11611,0.0,7,True,0.4484499224961249
11612,3.0,59,False,0.44840242012100606
11613,0.0,6,True,0.4483549177458873
11614,0.0,28,True,0.44830741537076857
11615,3.0,47,False,0.4482599129956498
11616,0.0,20,True,0.4482124106205311
11617,0.0,19,True,0.44816490824541233
11618,0.0,16,True,0.4481174058702936
11619,3.0,44,False,0.4480699034951747
11620,0.0,39,True,0.448022401120056
11621,0.0,10,True,0.44797489874493723
11622,0.0,13,True,0.4479273963698185
11623,0.0,11,True,0.44787989399469974
11624,0.0,15,True,0.447832391619581
11625,3.0,60,False,0.44778488924446225
11626,0.0,76,True,0.4477373868693434
11627,3.0,86,False,0.44768988449422475
11628,0.0,27,True,0.447642382119106
11629,0.0,8,True,0.44759487974398726
11630,3.0,42,False,0.4475473773688685
11631,0.0,25,True,0.44749987499374977
11632,0.0,20,True,0.447452372618631
11633,0.0,12,True,0.44740487024351216
11634,3.0,58,False,0.4473573678683934
11635,3.0,67,False,0.44730986549327467
11636,0.0,21,True,0.4472623631181559
11637,3.0,67,False,0.4472148607430372
11638,0.0,9,True,0.44716735836791843
11639,3.0,56,False,0.4471198559927997
11640,0.0,8,True,0.44707235361768083
11641,2.0,53,True,0.4470248512425621
11642,1.0,52,True,0.44697734886744334
11643,0.0,11,True,0.4469298464923246
11644,0.0,27,True,0.44688234411720584
11645,0.0,19,True,0.4468348417420872
11646,3.0,127,False,0.44678733936696846
11647,0.0,12,True,0.4467398369918496
11648,0.0,6,True,0.44669233461673086
11649,0.0,4,True,0.4466448322416121
11650,0.0,5,True,0.44659732986649336
11651,0.0,37,True,0.4465498274913746
11652,0.0,25,True,0.44650232511625587
11653,3.0,52,False,0.4464548227411371
11654,0.0,20,True,0.44640732036601827
11655,0.0,16,True,0.4463598179908995
11656,0.0,29,True,0.4463123156157808
11657,0.0,17,True,0.44626481324066203
11658,2.0,64,True,0.4462173108655433
11659,0.0,4,True,0.44616980849042454
11660,0.0,15,True,0.4461223061153058
11661,3.0,48,False,0.44607480374018693
11662,3.0,70,False,0.4460273013650683
11663,3.0,51,False,0.44597979898994955
11664,0.0,12,True,0.4459322966148308
11665,0.0,16,True,0.44588479423971206
11666,0.0,7,True,0.4458372918645933
11667,0.0,22,True,0.44578978948947456
11668,0.0,15,True,0.4457422871143557
11669,0.0,20,True,0.44569478473923696
11670,2.0,135,True,0.4456472823641182
11671,3.0,45,False,0.44559977998899947
11672,0.0,11,True,0.4455522776138807
11673,2.0,53,True,0.445504775238762
11674,0.0,30,True,0.4454572728636432
11675,1.0,57,True,0.44540977048852437
11676,0.0,7,True,0.4453622681134056
11677,0.0,54,True,0.4453147657382869
11678,0.0,22,True,0.44526726336316813
11679,1.0,27,True,0.4452197609880494
11680,3.0,45,False,0.44517225861293075
11681,0.0,5,True,0.445124756237812
11682,0.0,45,True,0.44507725386269315
11683,0.0,3,True,0.4450297514875744
11684,0.0,17,True,0.44498224911245565
11685,0.0,17,True,0.4449347467373369
11686,0.0,41,True,0.44488724436221816
11687,0.0,11,True,0.4448397419870994
11688,3.0,47,False,0.44479223961198067
11689,0.0,8,True,0.4447447372368618
11690,3.0,75,False,0.44469723486174306
11691,3.0,66,False,0.4446497324866243
11692,0.0,42,True,0.44460223011150557
11693,0.0,3,True,0.4445547277363868
11694,0.0,16,True,0.4445072253612681
11695,0.0,3,True,0.44445972298614933
11696,0.0,18,True,0.4444122206110305
11697,0.0,10,True,0.44436471823591184
11698,3.0,47,False,0.4443172158607931
11699,2.0,82,True,0.44426971348567434
11700,2.0,45,True,0.4442222111105556
11701,0.0,12,True,0.44417470873543685
11702,0.0,14,True,0.4441272063603181
11703,3.0,66,False,0.44407970398519925
11704,0.0,9,True,0.4440322016100805
11705,0.0,39,True,0.44398469923496175
11706,0.0,3,True,0.443937196859843
11707,3.0,36,False,0.44388969448472426
11708,0.0,9,True,0.4438421921096055
11709,3.0,61,False,0.44379468973448677
11710,0.0,5,True,0.4437471873593679
11711,0.0,22,True,0.44369968498424917
11712,0.0,22,True,0.4436521826091304
11713,0.0,33,True,0.4436046802340117
11714,0.0,6,True,0.4435571778588929
11715,0.0,20,True,0.4435096754837743
11716,0.0,7,True,0.44346217310865554
11717,0.0,9,True,0.4434146707335367
11718,0.0,59,True,0.44336716835841794
11719,3.0,56,False,0.4433196659832992
11720,1.0,68,True,0.44327216360818045
11721,0.0,15,True,0.4432246612330617
11722,0.0,4,True,0.44317715885794295
11723,3.0,52,False,0.4431296564828242
11724,3.0,83,False,0.44308215410770535
11725,2.0,66,True,0.4430346517325866
11726,2.0,56,True,0.44298714935746786
11727,1.0,45,True,0.4429396469823491
11728,1.0,43,True,0.44289214460723036
11729,2.0,48,True,0.4428446422321116
11730,3.0,74,False,0.44279713985699287
11731,2.0,185,True,0.442749637481874
11732,0.0,26,True,0.4427021351067554
11733,3.0,81,False,0.44265463273163663
11734,2.0,38,True,0.4426071303565179
11735,2.0,53,True,0.44255962798139914
11736,0.0,8,True,0.4425121256062804
11737,3.0,62,False,0.44246462323116165
11738,3.0,51,False,0.4424171208560428
11739,0.0,17,True,0.44236961848092404
11740,0.0,12,True,0.4423221161058053
11741,0.0,29,True,0.44227461373068655
11742,2.0,90,True,0.4422271113555678
11743,0.0,38,True,0.44217960898044906
11744,0.0,15,True,0.4421321066053303
11745,2.0,43,True,0.44208460423021145
11746,0.0,26,True,0.4420371018550927
11747,0.0,4,True,0.44198959947997396
11748,0.0,15,True,0.4419420971048552
11749,3.0,42,False,0.44189459472973647
11750,3.0,48,False,0.44184709235461783
11751,0.0,25,True,0.4417995899794991
11752,0.0,36,True,0.44175208760438023
11753,0.0,16,True,0.4417045852292615
11754,3.0,90,False,0.44165708285414274
11755,0.0,5,True,0.441609580479024
11756,0.0,4,True,0.44156207810390524
11757,0.0,5,True,0.4415145757287865
11758,1.0,66,True,0.44146707335366775
11759,0.0,17,True,0.4414195709785489
11760,0.0,72,True,0.44137206860343015
11761,0.0,6,True,0.4413245662283114
11762,0.0,25,True,0.44127706385319265
11763,0.0,40,True,0.4412295614780739
11764,1.0,153,True,0.44118205910295516
11765,3.0,80,False,0.4411345567278364
11766,0.0,8,True,0.44108705435271756
11767,3.0,84,False,0.4410395519775989
11768,0.0,34,True,0.4409920496024802
11769,3.0,58,False,0.4409445472273614
11770,3.0,34,False,0.4408970448522427
11771,0.0,43,True,0.44084954247712393
11772,3.0,85,False,0.4408020401020052
11773,3.0,75,False,0.44075453772688633
11774,2.0,79,True,0.4407070353517676
11775,0.0,21,True,0.44065953297664884
11776,0.0,131,True,0.4406120306015301
11777,0.0,28,True,0.44056452822641134
11778,0.0,2,True,0.4405170258512926
11779,1.0,49,True,0.44046952347617385
11780,0.0,3,True,0.440422021101055
11781,2.0,63,True,0.44037451872593625
11782,3.0,64,False,0.4403270163508175
11783,0.0,35,True,0.44027951397569876
11784,0.0,17,True,0.44023201160058
11785,0.0,30,True,0.4401845092254614
11786,0.0,22,True,0.4401370068503426
11787,0.0,2,True,0.4400895044752239
11788,3.0,49,False,0.440042002100105
11789,3.0,80,False,0.4399944997249863
11790,0.0,15,True,0.43994699734986753
11791,3.0,105,False,0.4398994949747488
11792,3.0,90,False,0.43985199259963004
11793,3.0,79,False,0.4398044902245113
11794,0.0,16,True,0.43975698784939254
11795,2.0,88,True,0.4397094854742737
11796,3.0,56,False,0.43966198309915494
11797,0.0,6,True,0.4396144807240362
11798,0.0,21,True,0.43956697834891745
11799,1.0,53,True,0.4395194759737987
11800,3.0,83,False,0.43947197359867995
11801,3.0,120,False,0.4394244712235612
11802,2.0,43,True,0.43937696884844246
11803,0.0,41,True,0.4393294664733237
11804,0.0,15,True,0.43928196409820497
11805,0.0,8,True,0.4392344617230862
11806,3.0,123,False,0.4391869593479675
11807,0.0,3,True,0.43913945697284873
11808,0.0,28,True,0.43909195459773
11809,3.0,56,False,0.4390444522226111
11810,3.0,45,False,0.4389969498474924
11811,3.0,48,False,0.43894944747237363
11812,0.0,40,True,0.4389019450972549
11813,0.0,129,True,0.43885444272213614
11814,0.0,15,True,0.4388069403470174
11815,1.0,67,True,0.43875943797189865
11816,0.0,8,True,0.4387119355967798
11817,3.0,82,False,0.43866443322166104
11818,0.0,14,True,0.4386169308465423
11819,3.0,41,False,0.43856942847142355
11820,2.0,63,True,0.4385219260963049
11821,0.0,4,True,0.43847442372118617
11822,0.0,7,True,0.4384269213460674
11823,0.0,38,True,0.43837941897094856
11824,0.0,22,True,0.4383319165958298
11825,3.0,46,False,0.43828441422071107
11826,0.0,16,True,0.4382369118455923
11827,0.0,12,True,0.4381894094704736
11828,0.0,16,True,0.43814190709535483
11829,3.0,59,False,0.4380944047202361
11830,3.0,48,False,0.43804690234511723
11831,3.0,86,False,0.4379993999699985
11832,2.0,83,True,0.43795189759487974
11833,3.0,68,False,0.437904395219761
11834,0.0,22,True,0.43785689284464224
11835,3.0,66,False,0.4378093904695235
11836,0.0,26,True,0.43776188809440475
11837,3.0,51,False,0.437714385719286
11838,0.0,5,True,0.43766688334416726
11839,0.0,8,True,0.4376193809690485
11840,3.0,61,False,0.43757187859392976
11841,1.0,111,True,0.437524376218811
11842,3.0,57,False,0.43747687384369227
11843,3.0,41,False,0.4374293714685735
11844,0.0,127,True,0.43738186909345467
11845,0.0,8,True,0.4373343667183359
11846,0.0,7,True,0.4372868643432172
11847,2.0,64,True,0.43723936196809843
11848,0.0,26,True,0.4371918595929797
11849,0.0,6,True,0.43714435721786093
11850,3.0,85,False,0.4370968548427422
11851,0.0,13,True,0.43704935246762333
11852,0.0,35,True,0.4370018500925046
11853,0.0,14,True,0.43695434771738584
11854,0.0,28,True,0.4369068453422671
11855,0.0,10,True,0.43685934296714846
11856,1.0,40,True,0.4368118405920297
11857,3.0,99,False,0.43676433821691096
11858,0.0,3,True,0.4367168358417921
11859,3.0,64,False,0.43666933346667336
11860,3.0,50,False,0.4366218310915546
11861,0.0,84,True,0.43657432871643587
11862,0.0,31,True,0.4365268263413171
11863,0.0,18,True,0.4364793239661984
11864,3.0,63,False,0.4364318215910796
11865,1.0,95,True,0.43638431921596077
11866,2.0,95,True,0.436336816840842
11867,3.0,59,False,0.4362893144657233
11868,0.0,26,True,0.43624181209060453
11869,0.0,26,True,0.4361943097154858
11870,3.0,65,False,0.43614680734036704
11871,0.0,56,True,0.4360993049652483
11872,0.0,46,True,0.43605180259012954
11873,3.0,48,False,0.4360043002150108
11874,0.0,9,True,0.43595679783989205
11875,0.0,30,True,0.4359092954647733
11876,2.0,87,True,0.43586179308965456
11877,0.0,35,True,0.4358142907145358
11878,3.0,69,False,0.43576678833941707
11879,0.0,33,True,0.4357192859642982
11880,0.0,16,True,0.43567178358917946
11881,0.0,5,True,0.4356242812140607
11882,0.0,8,True,0.43557677883894197
11883,0.0,10,True,0.4355292764638232
11884,3.0,35,False,0.4354817740887045
11885,2.0,36,True,0.43543427171358573
11886,1.0,53,True,0.4353867693384669
11887,0.0,21,True,0.4353392669633481
11888,0.0,3,True,0.4352917645882294
11889,0.0,7,True,0.43524426221311063
11890,0.0,7,True,0.435196759837992
11891,3.0,50,False,0.43514925746287325
11892,0.0,14,True,0.4351017550877545
11893,0.0,17,True,0.43505425271263565
11894,0.0,22,True,0.4350067503375169
11895,3.0,58,False,0.43495924796239815
11896,0.0,15,True,0.4349117455872794
11897,3.0,79,False,0.43486424321216066
11898,0.0,11,True,0.4348167408370419
11899,0.0,63,True,0.43476923846192317
11900,0.0,3,True,0.4347217360868043
11901,0.0,6,True,0.43467423371168556
11902,0.0,11,True,0.4346267313365668
11903,2.0,54,True,0.43457922896144807
11904,0.0,9,True,0.4345317265863293
11905,0.0,10,True,0.4344842242112106
11906,3.0,65,False,0.43443672183609183
11907,0.0,17,True,0.4343892194609731
11908,3.0,79,False,0.43434171708585434
11909,0.0,22,True,0.4342942147107356
11910,0.0,10,True,0.43424671233561685
11911,0.0,21,True,0.4341992099604981
11912,3.0,61,False,0.43415170758537935
11913,0.0,4,True,0.4341042052102606
11914,2.0,42,True,0.43405670283514175
11915,0.0,47,True,0.434009200460023
11916,0.0,5,True,0.43396169808490426
11917,0.0,4,True,0.4339141957097855
11918,0.0,8,True,0.43386669333466676
11919,3.0,48,False,0.433819190959548
11920,3.0,98,False,0.43377168858442927
11921,3.0,46,False,0.4337241862093104
11922,0.0,6,True,0.43367668383419167
11923,0.0,21,True,0.4336291814590729
11924,3.0,56,False,0.4335816790839542
11925,0.0,30,True,0.43353417670883554
11926,0.0,5,True,0.4334866743337168
11927,3.0,50,False,0.43343917195859805
11928,0.0,35,True,0.4333916695834792
11929,3.0,65,False,0.43334416720836044
11930,0.0,5,True,0.4332966648332417
11931,3.0,83,False,0.43324916245812295
11932,0.0,6,True,0.4332016600830042
11933,3.0,44,False,0.43315415770788546
11934,0.0,20,True,0.4331066553327667
11935,3.0,77,False,0.43305915295764785
11936,0.0,16,True,0.4330116505825291
11937,0.0,42,True,0.43296414820741036
11938,0.0,24,True,0.4329166458322916
11939,0.0,30,True,0.43286914345717287
11940,0.0,3,True,0.4328216410820541
11941,3.0,40,False,0.4327741387069354
11942,3.0,83,False,0.4327266363318166
11943,0.0,6,True,0.4326791339566979
11944,3.0,67,False,0.43263163158157913
11945,3.0,81,False,0.4325841292064604
11946,0.0,13,True,0.43253662683134164
11947,0.0,38,True,0.4324891244562229
11948,1.0,35,True,0.43244162208110415
11949,2.0,39,True,0.4323941197059853
11950,0.0,13,True,0.43234661733086655
11951,0.0,17,True,0.4322991149557478
11952,3.0,39,False,0.43225161258062905
11953,2.0,59,True,0.4322041102055103
11954,0.0,23,True,0.43215660783039156
11955,0.0,33,True,0.4321091054552728
11956,0.0,6,True,0.43206160308015396
11957,2.0,55,True,0.4320141007050352
11958,0.0,14,True,0.43196659832991646
11959,0.0,12,True,0.4319190959547977
11960,0.0,3,True,0.4318715935796791
11961,3.0,45,False,0.43182409120456033
11962,2.0,53,True,0.4317765888294416
11963,2.0,39,True,0.43172908645432273
11964,0.0,72,True,0.431681584079204
11965,0.0,27,True,0.43163408170408524
11966,3.0,34,False,0.4315865793289665
11967,3.0,73,False,0.43153907695384774
11968,0.0,11,True,0.431491574578729
11969,3.0,74,False,0.43144407220361025
11970,0.0,20,True,0.4313965698284914
11971,0.0,30,True,0.43134906745337265
11972,1.0,33,True,0.4313015650782539
11973,0.0,50,True,0.43125406270313515
11974,0.0,29,True,0.4312065603280164
11975,0.0,3,True,0.43115905795289766
11976,3.0,72,False,0.4311115555777789
11977,0.0,21,True,0.43106405320266017
11978,0.0,26,True,0.4310165508275414
11979,3.0,49,False,0.4309690484524227
11980,3.0,58,False,0.43092154607730393
11981,0.0,5,True,0.4308740437021852
11982,3.0,40,False,0.43082654132706644
11983,1.0,69,True,0.4307790389519477
11984,0.0,6,True,0.43073153657682883
11985,0.0,10,True,0.4306840342017101
11986,0.0,9,True,0.43063653182659134
11987,3.0,39,False,0.4305890294514726
11988,0.0,16,True,0.43054152707635385
11989,3.0,86,False,0.4304940247012351
11990,3.0,53,False,0.43044652232611635
11991,0.0,9,True,0.4303990199509975
11992,1.0,57,True,0.43035151757587875
11993,0.0,62,True,0.43030401520076
11994,0.0,6,True,0.43025651282564126
11995,3.0,86,False,0.4302090104505226
11996,0.0,10,True,0.4301615080754039
11997,0.0,10,True,0.43011400570028513
11998,0.0,8,True,0.43006650332516627
11999,0.0,15,True,0.4300190009500475
12000,2.0,65,True,0.4299714985749288
12001,3.0,65,False,0.42992399619981003
12002,1.0,43,True,0.4298764938246913
12003,3.0,63,False,0.42982899144957254
12004,0.0,56,True,0.4297814890744538
12005,0.0,26,True,0.42973398669933494
12006,0.0,38,True,0.4296864843242162
12007,1.0,29,True,0.42963898194909744
12008,0.0,21,True,0.4295914795739787
12009,3.0,59,False,0.42954397719885995
12010,0.0,8,True,0.4294964748237412
12011,0.0,8,True,0.42944897244862246
12012,1.0,44,True,0.4294014700735037
12013,3.0,34,False,0.42935396769838496
12014,3.0,84,False,0.4293064653232662
12015,2.0,58,True,0.42925896294814747
12016,3.0,83,False,0.4292114605730287
12017,0.0,29,True,0.42916395819791
12018,3.0,44,False,0.42911645582279123
12019,0.0,6,True,0.4290689534476724
12020,1.0,37,True,0.42902145107255363
12021,0.0,10,True,0.4289739486974349
12022,0.0,4,True,0.42892644632231613
12023,0.0,38,True,0.4288789439471974
12024,0.0,4,True,0.42883144157207864
12025,2.0,80,True,0.4287839391969599
12026,0.0,26,True,0.42873643682184104
12027,0.0,85,True,0.4286889344467223
12028,0.0,12,True,0.42864143207160355
12029,3.0,51,False,0.4285939296964848
12030,0.0,20,True,0.42854642732136616
12031,0.0,10,True,0.4284989249462474
12032,1.0,24,True,0.42845142257112867
12033,2.0,63,True,0.4284039201960098
12034,0.0,19,True,0.42835641782089107
12035,0.0,32,True,0.4283089154457723
12036,0.0,47,True,0.4282614130706536
12037,3.0,58,False,0.4282139106955348
12038,0.0,14,True,0.4281664083204161
12039,0.0,13,True,0.42811890594529733
12040,1.0,45,True,0.4280714035701785
12041,0.0,24,True,0.42802390119505973
12042,2.0,34,True,0.427976398819941
12043,0.0,13,True,0.42792889644482224
12044,3.0,44,False,0.4278813940697035
12045,0.0,26,True,0.42783389169458474
12046,0.0,22,True,0.427786389319466
12047,0.0,3,True,0.42773888694434725
12048,0.0,20,True,0.4276913845692285
12049,0.0,8,True,0.42764388219410976
12050,3.0,52,False,0.427596379818991
12051,0.0,19,True,0.42754887744387227
12052,0.0,14,True,0.4275013750687535
12053,0.0,32,True,0.4274538726936348
12054,0.0,31,True,0.4274063703185159
12055,3.0,69,False,0.42735886794339717
12056,0.0,12,True,0.4273113655682784
12057,0.0,15,True,0.4272638631931597
12058,0.0,8,True,0.42721636081804093
12059,0.0,5,True,0.4271688584429222
12060,3.0,46,False,0.42712135606780344
12061,0.0,36,True,0.4270738536926846
12062,2.0,48,True,0.42702635131756583
12063,0.0,9,True,0.4269788489424471
12064,3.0,60,False,0.42693134656732834
12065,0.0,25,True,0.4268838441922097
12066,3.0,38,False,0.42683634181709096
12067,0.0,8,True,0.4267888394419722
12068,3.0,42,False,0.42674133706685335
12069,1.0,42,True,0.4266938346917346
12070,3.0,49,False,0.42664633231661586
12071,0.0,15,True,0.4265988299414971
12072,0.0,20,True,0.42655132756637837
12073,1.0,62,True,0.4265038251912596
12074,3.0,30,False,0.4264563228161409
12075,0.0,10,True,0.426408820441022
12076,3.0,88,False,0.42636131806590327
12077,3.0,66,False,0.4263138156907845
12078,0.0,6,True,0.4262663133156658
12079,3.0,65,False,0.42621881094054703
12080,0.0,3,True,0.4261713085654283
12081,0.0,9,True,0.42612380619030954
12082,0.0,25,True,0.4260763038151908
12083,0.0,6,True,0.42602880144007205
12084,3.0,39,False,0.4259812990649533
12085,3.0,63,False,0.42593379668983455
12086,3.0,44,False,0.4258862943147158
12087,3.0,59,False,0.42583879193959706
12088,0.0,19,True,0.4257912895644783
12089,3.0,65,False,0.42574378718935946
12090,3.0,63,False,0.4256962848142407
12091,0.0,21,True,0.42564878243912196
12092,3.0,59,False,0.4256012800640032
12093,0.0,17,True,0.42555377768888447
12094,1.0,173,True,0.4255062753137657
12095,3.0,39,False,0.425458772938647
12096,3.0,39,False,0.4254112705635281
12097,0.0,9,True,0.4253637681884094
12098,2.0,59,True,0.42531626581329063
12099,3.0,46,False,0.4252687634381719
12100,0.0,27,True,0.42522126106305325
12101,0.0,15,True,0.4251737586879345
12102,3.0,53,False,0.42512625631281575
12103,0.0,13,True,0.4250787539376969
12104,0.0,25,True,0.42503125156257815
12105,3.0,46,False,0.4249837491874594
12106,3.0,114,False,0.42493624681234066
12107,0.0,2,True,0.4248887444372219
12108,3.0,66,False,0.42484124206210316
12109,0.0,9,True,0.4247937396869844
12110,0.0,6,True,0.42474623731186556
12111,3.0,47,False,0.4246987349367468
12112,3.0,66,False,0.42465123256162807
12113,0.0,6,True,0.4246037301865093
12114,0.0,3,True,0.4245562278113906
12115,2.0,73,True,0.4245087254362718
12116,3.0,33,False,0.4244612230611531
12117,3.0,65,False,0.42441372068603433
12118,0.0,38,True,0.4243662183109156
12119,0.0,33,True,0.42431871593579684
12120,0.0,41,True,0.4242712135606781
12121,1.0,34,True,0.42422371118555935
12122,0.0,16,True,0.4241762088104406
12123,0.0,15,True,0.42412870643532186
12124,0.0,57,True,0.424081204060203
12125,0.0,12,True,0.42403370168508425
12126,0.0,7,True,0.4239861993099655
12127,0.0,3,True,0.42393869693484676
12128,0.0,28,True,0.423891194559728
12129,3.0,69,False,0.42384369218460927
12130,0.0,7,True,0.4237961898094905
12131,0.0,12,True,0.42374868743437166
12132,0.0,39,True,0.4237011850592529
12133,3.0,69,False,0.42365368268413417
12134,3.0,65,False,0.4236061803090154
12135,0.0,38,True,0.4235586779338968
12136,0.0,21,True,0.42351117555877804
12137,2.0,74,True,0.4234636731836593
12138,0.0,12,True,0.42341617080854044
12139,0.0,6,True,0.4233686684334217
12140,0.0,8,True,0.42332116605830294
12141,3.0,64,False,0.4232736636831842
12142,0.0,37,True,0.42322616130806545
12143,3.0,71,False,0.4231786589329467
12144,0.0,3,True,0.42313115655782796
12145,2.0,78,True,0.4230836541827091
12146,0.0,14,True,0.42303615180759035
12147,0.0,11,True,0.4229886494324716
12148,3.0,41,False,0.42294114705735286
12149,0.0,9,True,0.4228936446822341
12150,2.0,79,True,0.42284614230711537
12151,0.0,4,True,0.4227986399319966
12152,3.0,74,False,0.4227511375568779
12153,0.0,44,True,0.42270363518175913
12154,0.0,5,True,0.4226561328066404
12155,2.0,35,True,0.42260863043152164
12156,0.0,15,True,0.4225611280564029
12157,0.0,8,True,0.42251362568128414
12158,3.0,47,False,0.4224661233061654
12159,0.0,11,True,0.42241862093104654
12160,0.0,2,True,0.4223711185559278
12161,3.0,46,False,0.42232361618080905
12162,0.0,24,True,0.4222761138056903
12163,3.0,41,False,0.42222861143057155
12164,3.0,56,False,0.4221811090554528
12165,1.0,42,True,0.42213360668033406
12166,0.0,17,True,0.4220861043052152
12167,3.0,34,False,0.42203860193009646
12168,2.0,69,True,0.4219910995549777
12169,0.0,34,True,0.42194359717985896
12170,3.0,36,False,0.42189609480474033
12171,3.0,45,False,0.4218485924296216
12172,0.0,7,True,0.42180109005450284
12173,0.0,16,True,0.421753587679384
12174,0.0,5,True,0.42170608530426523
12175,0.0,41,True,0.4216585829291465
12176,3.0,55,False,0.42161108055402774
12177,0.0,10,True,0.421563578178909
12178,0.0,6,True,0.42151607580379025
12179,2.0,104,True,0.4214685734286715
12180,0.0,4,True,0.42142107105355264
12181,2.0,48,True,0.4213735686784339
12182,0.0,38,True,0.42132606630331515
12183,0.0,16,True,0.4212785639281964
12184,0.0,6,True,0.42123106155307766
12185,3.0,55,False,0.4211835591779589
12186,0.0,5,True,0.42113605680284016
12187,3.0,55,False,0.4210885544277214
12188,0.0,10,True,0.42104105205260267
12189,3.0,113,False,0.4209935496774839
12190,0.0,4,True,0.4209460473023652
12191,0.0,9,True,0.42089854492724643
12192,0.0,22,True,0.4208510425521277
12193,3.0,70,False,0.42080354017700894
12194,3.0,111,False,0.4207560378018901
12195,0.0,15,True,0.42070853542677134
12196,3.0,55,False,0.4206610330516526
12197,3.0,65,False,0.42061353067653384
12198,0.0,7,True,0.4205660283014151
12199,3.0,63,False,0.42051852592629635
12200,0.0,3,True,0.4204710235511776
12201,2.0,58,True,0.42042352117605875
12202,2.0,59,True,0.42037601880094
12203,3.0,73,False,0.42032851642582125
12204,0.0,14,True,0.4202810140507025
12205,0.0,7,True,0.42023351167558387
12206,3.0,50,False,0.4201860093004651
12207,2.0,67,True,0.4201385069253464
12208,1.0,47,True,0.4200910045502275
12209,3.0,61,False,0.4200435021751088
12210,1.0,22,True,0.41999599979999
12211,3.0,31,False,0.4199484974248713
12212,0.0,17,True,0.41990099504975253
12213,0.0,13,True,0.4198534926746338
12214,0.0,5,True,0.41980599029951504
12215,0.0,10,True,0.4197584879243962
12216,0.0,19,True,0.41971098554927744
12217,0.0,20,True,0.4196634831741587
12218,0.0,7,True,0.41961598079903994
12219,3.0,104,False,0.4195684784239212
12220,0.0,6,True,0.41952097604880245
12221,0.0,24,True,0.4194734736736837
12222,3.0,51,False,0.41942597129856496
12223,0.0,13,True,0.4193784689234462
12224,3.0,60,False,0.41933096654832747
12225,0.0,45,True,0.4192834641732087
12226,0.0,9,True,0.41923596179809
12227,0.0,6,True,0.4191884594229712
12228,0.0,18,True,0.4191409570478525
12229,0.0,19,True,0.4190934546727336
12230,1.0,45,True,0.4190459522976149
12231,3.0,67,False,0.41899844992249613
12232,0.0,22,True,0.4189509475473774
12233,2.0,69,True,0.41890344517225864
12234,3.0,110,False,0.4188559427971399
12235,0.0,7,True,0.41880844042202114
12236,0.0,62,True,0.4187609380469023
12237,1.0,55,True,0.41871343567178354
12238,0.0,16,True,0.4186659332966648
12239,2.0,54,True,0.41861843092154605
12240,3.0,70,False,0.4185709285464274
12241,0.0,18,True,0.41852342617130867
12242,0.0,16,True,0.4184759237961899
12243,1.0,75,True,0.41842842142107106
12244,0.0,19,True,0.4183809190459523
12245,0.0,31,True,0.41833341667083357
12246,0.0,36,True,0.4182859142957148
12247,0.0,55,True,0.4182384119205961
12248,0.0,24,True,0.41819090954547733
12249,0.0,8,True,0.4181434071703586
12250,0.0,9,True,0.4180959047952397
12251,0.0,22,True,0.418048402420121
12252,3.0,72,False,0.41800090004500223
12253,0.0,9,True,0.4179533976698835
12254,0.0,17,True,0.41790589529476474
12255,3.0,41,False,0.417858392919646
12256,0.0,41,True,0.41781089054452725
12257,0.0,6,True,0.4177633881694085
12258,0.0,20,True,0.41771588579428975
12259,1.0,65,True,0.417668383419171
12260,0.0,14,True,0.41762088104405226
12261,2.0,54,True,0.4175733786689335
12262,3.0,60,False,0.41752587629381477
12263,3.0,54,False,0.417478373918696
12264,2.0,54,True,0.41743087154357716
12265,0.0,3,True,0.4173833691684584
12266,0.0,26,True,0.41733586679333967
12267,2.0,53,True,0.4172883644182209
12268,3.0,51,False,0.4172408620431022
12269,3.0,146,False,0.41719335966798343
12270,0.0,25,True,0.4171458572928647
12271,0.0,32,True,0.41709835491774583
12272,3.0,60,False,0.4170508525426271
12273,3.0,44,False,0.41700335016750834
12274,0.0,23,True,0.4169558477923896
12275,0.0,6,True,0.41690834541727095
12276,0.0,3,True,0.4168608430421522
12277,0.0,20,True,0.41681334066703346
12278,0.0,22,True,0.4167658382919146
12279,3.0,79,False,0.41671833591679586
12280,1.0,107,True,0.4166708335416771
12281,0.0,38,True,0.41662333116655836
12282,0.0,10,True,0.4165758287914396
12283,3.0,52,False,0.41652832641632087
12284,1.0,48,True,0.4164808240412021
12285,0.0,95,True,0.41643332166608327
12286,0.0,19,True,0.4163858192909645
12287,0.0,54,True,0.4163383169158458
12288,0.0,13,True,0.416290814540727
12289,2.0,148,True,0.4162433121656083
12290,3.0,54,False,0.41619580979048953
12291,1.0,65,True,0.4161483074153708
12292,0.0,22,True,0.41610080504025204
12293,0.0,10,True,0.4160533026651333
12294,0.0,13,True,0.41600580029001455
12295,3.0,80,False,0.4159582979148958
12296,0.0,16,True,0.41591079553977706
12297,3.0,62,False,0.4158632931646583
12298,0.0,63,True,0.41581579078953956
12299,3.0,45,False,0.4157682884144207
12300,1.0,34,True,0.41572078603930196
12301,3.0,50,False,0.4156732836641832
12302,0.0,24,True,0.41562578128906447
12303,0.0,34,True,0.4155782789139457
12304,1.0,45,True,0.415530776538827
12305,3.0,39,False,0.4154832741637082
12306,3.0,47,False,0.41543577178858937
12307,0.0,7,True,0.4153882694134706
12308,3.0,61,False,0.4153407670383519
12309,3.0,64,False,0.41529326466323313
12310,3.0,54,False,0.4152457622881145
12311,3.0,49,False,0.41519825991299575
12312,0.0,31,True,0.415150757537877
12313,0.0,9,True,0.41510325516275814
12314,3.0,60,False,0.4150557527876394
12315,0.0,18,True,0.41500825041252065
12316,3.0,94,False,0.4149607480374019
12317,3.0,40,False,0.41491324566228316
12318,0.0,6,True,0.4148657432871644
12319,3.0,61,False,0.41481824091204567
12320,0.0,14,True,0.4147707385369268
12321,0.0,30,True,0.41472323616180806
12322,2.0,100,True,0.4146757337866893
12323,0.0,9,True,0.41462823141157057
12324,3.0,63,False,0.4145807290364518
12325,0.0,14,True,0.4145332266613331
12326,3.0,48,False,0.41448572428621433
12327,0.0,13,True,0.4144382219110956
12328,3.0,68,False,0.41439071953597684
12329,3.0,69,False,0.4143432171608581
12330,0.0,4,True,0.41429571478573934
12331,0.0,5,True,0.4142482124106206
12332,0.0,23,True,0.41420071003550185
12333,2.0,46,True,0.4141532076603831
12334,0.0,30,True,0.41410570528526425
12335,0.0,10,True,0.4140582029101455
12336,3.0,68,False,0.41401070053502675
12337,2.0,62,True,0.413963198159908
12338,2.0,94,True,0.41391569578478926
12339,3.0,52,False,0.4138681934096705
12340,0.0,8,True,0.41382069103455177
12341,0.0,37,True,0.4137731886594329
12342,0.0,13,True,0.41372568628431416
12343,0.0,13,True,0.4136781839091954
12344,1.0,105,True,0.41363068153407667
12345,1.0,91,True,0.41358317915895804
12346,3.0,52,False,0.4135356767838393
12347,3.0,73,False,0.41348817440872054
12348,0.0,13,True,0.4134406720336017
12349,3.0,59,False,0.41339316965848294
12350,3.0,56,False,0.4133456672833642
12351,0.0,14,True,0.41329816490824545
12352,0.0,15,True,0.4132506625331267
12353,0.0,7,True,0.41320316015800795
12354,0.0,8,True,0.4131556577828892
12355,3.0,75,False,0.41310815540777035
12356,2.0,40,True,0.4130606530326516
12357,0.0,66,True,0.41301315065753286
12358,0.0,27,True,0.4129656482824141
12359,0.0,23,True,0.41291814590729536
12360,3.0,50,False,0.4128706435321766
12361,2.0,83,True,0.41282314115705787
12362,0.0,32,True,0.4127756387819391
12363,1.0,58,True,0.4127281364068204
12364,1.0,55,True,0.41268063403170163
12365,0.0,10,True,0.4126331316565829
12366,0.0,5,True,0.41258562928146414
12367,0.0,7,True,0.4125381269063454
12368,0.0,3,True,0.41249062453122665
12369,2.0,56,True,0.4124431221561078
12370,0.0,9,True,0.41239561978098904
12371,3.0,63,False,0.4123481174058703
12372,3.0,93,False,0.41230061503075155
12373,2.0,57,True,0.4122531126556328
12374,0.0,8,True,0.41220561028051406
12375,0.0,8,True,0.4121581079053953
12376,1.0,92,True,0.41211060553027645
12377,3.0,67,False,0.4120631031551577
12378,2.0,36,True,0.41201560078003896
12379,0.0,4,True,0.4119680984049202
12380,3.0,45,False,0.4119205960298016
12381,1.0,42,True,0.41187309365468283
12382,0.0,16,True,0.4118255912795641
12383,1.0,66,True,0.4117780889044452
12384,3.0,41,False,0.4117305865293265
12385,0.0,22,True,0.41168308415420773
12386,3.0,75,False,0.411635581779089
12387,3.0,51,False,0.41158807940397024
12388,0.0,18,True,0.4115405770288515
12389,0.0,5,True,0.41149307465373275
12390,3.0,90,False,0.4114455722786139
12391,3.0,59,False,0.41139806990349514
12392,0.0,13,True,0.4113505675283764
12393,0.0,7,True,0.41130306515325765
12394,0.0,7,True,0.4112555627781389
12395,3.0,60,False,0.41120806040302016
12396,3.0,80,False,0.4111605580279014
12397,3.0,39,False,0.41111305565278267
12398,0.0,4,True,0.4110655532776639
12399,3.0,60,False,0.4110180509025452
12400,3.0,41,False,0.4109705485274264
12401,1.0,53,True,0.4109230461523077
12402,0.0,8,True,0.41087554377718893
12403,1.0,130,True,0.4108280414020702
12404,0.0,60,True,0.41078053902695133
12405,3.0,49,False,0.4107330366518326
12406,1.0,100,True,0.41068553427671384
12407,0.0,3,True,0.4106380319015951
12408,3.0,61,False,0.41059052952647634
12409,0.0,16,True,0.4105430271513576
12410,3.0,66,False,0.41049552477623885
12411,0.0,3,True,0.41044802240112
12412,3.0,48,False,0.41040052002600125
12413,2.0,76,True,0.4103530176508825
12414,0.0,20,True,0.41030551527576375
12415,0.0,3,True,0.4102580129006451
12416,3.0,83,False,0.4102105105255264
12417,3.0,82,False,0.4101630081504076
12418,0.0,7,True,0.41011550577528877
12419,0.0,4,True,0.41006800340017
12420,1.0,39,True,0.4100205010250513
12421,3.0,60,False,0.40997299864993253
12422,0.0,11,True,0.4099254962748138
12423,3.0,56,False,0.40987799389969504
12424,3.0,108,False,0.4098304915245763
12425,1.0,68,True,0.40978298914945743
12426,0.0,8,True,0.4097354867743387
12427,0.0,18,True,0.40968798439921994
12428,3.0,46,False,0.4096404820241012
12429,0.0,13,True,0.40959297964898245
12430,0.0,7,True,0.4095454772738637
12431,0.0,59,True,0.40949797489874495
12432,0.0,44,True,0.4094504725236262
12433,0.0,15,True,0.40940297014850746
12434,1.0,79,True,0.4093554677733887
12435,0.0,15,True,0.40930796539826997
12436,1.0,43,True,0.4092604630231512
12437,3.0,84,False,0.4092129606480325
12438,2.0,46,True,0.40916545827291373
12439,0.0,4,True,0.40911795589779487
12440,2.0,45,True,0.4090704535226761
12441,3.0,59,False,0.4090229511475574
12442,0.0,7,True,0.40897544877243863
12443,1.0,101,True,0.4089279463973199
12444,2.0,79,True,0.40888044402220114
12445,0.0,2,True,0.4088329416470824
12446,0.0,20,True,0.40878543927196354
12447,1.0,69,True,0.4087379368968448
12448,3.0,70,False,0.40869043452172604
12449,3.0,40,False,0.4086429321466073
12450,0.0,23,True,0.40859542977148866
12451,1.0,44,True,0.4085479273963699
12452,3.0,65,False,0.40850042502125117
12453,3.0,55,False,0.4084529226461323
12454,1.0,52,True,0.40840542027101356
12455,3.0,64,False,0.4083579178958948
12456,2.0,64,True,0.40831041552077607
12457,0.0,64,True,0.4082629131456573
12458,0.0,19,True,0.4082154107705386
12459,0.0,17,True,0.40816790839541983
12460,3.0,33,False,0.408120406020301
12461,0.0,18,True,0.40807290364518223
12462,0.0,17,True,0.4080254012700635
12463,1.0,93,True,0.40797789889494473
12464,2.0,59,True,0.407930396519826
12465,0.0,6,True,0.40788289414470724
12466,0.0,6,True,0.4078353917695885
12467,1.0,58,True,0.40778788939446975
12468,0.0,25,True,0.407740387019351
12469,3.0,65,False,0.40769288464423226
12470,0.0,27,True,0.4076453822691135
12471,3.0,52,False,0.40759787989399476
12472,0.0,12,True,0.407550377518876
12473,1.0,85,True,0.40750287514375727
12474,3.0,45,False,0.4074553727686384
12475,0.0,47,True,0.40740787039351967
12476,3.0,59,False,0.4073603680184009
12477,1.0,78,True,0.4073128656432822
12478,3.0,74,False,0.4072653632681634
12479,0.0,7,True,0.4072178608930447
12480,0.0,12,True,0.40717035851792593
12481,0.0,25,True,0.4071228561428071
12482,0.0,25,True,0.40707535376768833
12483,0.0,9,True,0.4070278513925696
12484,2.0,54,True,0.40698034901745084
12485,3.0,76,False,0.4069328466423322
12486,0.0,9,True,0.40688534426721346
12487,2.0,64,True,0.4068378418920947
12488,3.0,45,False,0.40679033951697585
12489,1.0,52,True,0.4067428371418571
12490,0.0,12,True,0.40669533476673836
12491,0.0,19,True,0.4066478323916196
12492,3.0,54,False,0.40660033001650087
12493,3.0,63,False,0.4065528276413821
12494,3.0,59,False,0.4065053252662634
12495,0.0,40,True,0.4064578228911445
12496,0.0,7,True,0.40641032051602577
12497,3.0,46,False,0.406362818140907
12498,3.0,96,False,0.4063153157657883
12499,0.0,24,True,0.40626781339066953
12500,2.0,69,True,0.4062203110155508
12501,3.0,63,False,0.40617280864043204
12502,0.0,29,True,0.4061253062653134
12503,3.0,112,False,0.40607780389019454
12504,0.0,22,True,0.4060303015150758
12505,0.0,2,True,0.40598279913995705
12506,0.0,24,True,0.4059352967648383
12507,0.0,18,True,0.40588779438971956
12508,0.0,26,True,0.4058402920146008
12509,3.0,50,False,0.40579278963948207
12510,0.0,19,True,0.4057452872643632
12511,2.0,69,True,0.40569778488924446
12512,0.0,28,True,0.4056502825141257
12513,3.0,79,False,0.40560278013900697
12514,3.0,39,False,0.4055552777638882
12515,0.0,35,True,0.4055077753887695
12516,3.0,48,False,0.40546027301365073
12517,3.0,59,False,0.40541277063853187
12518,0.0,6,True,0.4053652682634131
12519,0.0,14,True,0.4053177658882945
12520,3.0,78,False,0.40527026351317574
12521,2.0,45,True,0.405222761138057
12522,3.0,60,False,0.40517525876293825
12523,0.0,81,True,0.4051277563878195
12524,1.0,75,True,0.40508025401270065
12525,0.0,26,True,0.4050327516375819
12526,0.0,9,True,0.40498524926246315
12527,1.0,56,True,0.4049377468873444
12528,0.0,9,True,0.40489024451222566
12529,3.0,49,False,0.4048427421371069
12530,2.0,67,True,0.40479523976198817
12531,0.0,8,True,0.4047477373868693
12532,3.0,67,False,0.40470023501175056
12533,0.0,35,True,0.4046527326366318
12534,0.0,3,True,0.40460523026151307
12535,3.0,69,False,0.4045577278863943
12536,0.0,3,True,0.4045102255112756
12537,0.0,8,True,0.40446272313615694
12538,0.0,48,True,0.4044152207610381
12539,3.0,37,False,0.40436771838591934
12540,1.0,51,True,0.4043202160108006
12541,3.0,75,False,0.40427271363568185
12542,3.0,45,False,0.4042252112605631
12543,0.0,18,True,0.40417770888544435
12544,2.0,75,True,0.4041302065103256
12545,0.0,7,True,0.40408270413520675
12546,0.0,53,True,0.404035201760088
12547,0.0,11,True,0.40398769938496926
12548,1.0,58,True,0.4039401970098505
12549,0.0,24,True,0.40389269463473176
12550,3.0,66,False,0.403845192259613
12551,2.0,69,True,0.40379768988449427
12552,0.0,6,True,0.4037501875093754
12553,0.0,35,True,0.40370268513425667
12554,3.0,61,False,0.40365518275913803
12555,2.0,84,True,0.4036076803840193
12556,0.0,6,True,0.40356017800890054
12557,0.0,26,True,0.4035126756337818
12558,0.0,11,True,0.40346517325866305
12559,1.0,49,True,0.4034176708835442
12560,3.0,51,False,0.40337016850842544
12561,2.0,41,True,0.4033226661333067
12562,0.0,24,True,0.40327516375818795
12563,0.0,46,True,0.4032276613830692
12564,0.0,3,True,0.40318015900795046
12565,3.0,82,False,0.4031326566328317
12566,2.0,121,True,0.40308515425771285
12567,0.0,47,True,0.4030376518825941
12568,0.0,4,True,0.40299014950747536
12569,3.0,77,False,0.4029426471323566
12570,3.0,68,False,0.40289514475723787
12571,3.0,44,False,0.4028476423821191
12572,0.0,43,True,0.4028001400070005
12573,3.0,43,False,0.4027526376318816
12574,3.0,78,False,0.4027051352567629
12575,0.0,26,True,0.40265763288164413
12576,3.0,51,False,0.4026101305065254
12577,0.0,24,True,0.40256262813140664
12578,3.0,57,False,0.4025151257562879
12579,3.0,34,False,0.40246762338116915
12580,3.0,38,False,0.4024201210060503
12581,3.0,50,False,0.40237261863093154
12582,0.0,9,True,0.4023251162558128
12583,2.0,60,True,0.40227761388069405
12584,0.0,5,True,0.4022301115055753
12585,3.0,72,False,0.40218260913045656
12586,0.0,23,True,0.4021351067553378
12587,0.0,39,True,0.40208760438021895
12588,0.0,30,True,0.4020401020051002
12589,0.0,16,True,0.4019925996299816
12590,3.0,48,False,0.4019450972548628
12591,3.0,43,False,0.4018975948797441
12592,0.0,24,True,0.40185009250462533
12593,0.0,5,True,0.4018025901295066
12594,3.0,62,False,0.40175508775438773
12595,2.0,42,True,0.401707585379269
12596,0.0,39,True,0.40166008300415024
12597,0.0,10,True,0.4016125806290315
12598,0.0,33,True,0.40156507825391274
12599,1.0,27,True,0.401517575878794
12600,3.0,82,False,0.40147007350367525
12601,3.0,132,False,0.4014225711285564
12602,0.0,6,True,0.40137506875343765
12603,0.0,100,True,0.4013275663783189
12604,3.0,77,False,0.40128006400320015
12605,0.0,8,True,0.4012325616280814
12606,3.0,45,False,0.40118505925296266
12607,3.0,61,False,0.401137556877844
12608,1.0,44,True,0.40109005450272517
12609,0.0,5,True,0.4010425521276064
12610,0.0,10,True,0.4009950497524877
12611,3.0,78,False,0.40094754737736893
12612,0.0,14,True,0.4009000450022502
12613,2.0,53,True,0.40085254262713144
12614,2.0,55,True,0.4008050402520127
12615,2.0,63,True,0.40075753787689383
12616,0.0,13,True,0.4007100355017751
12617,3.0,51,False,0.40066253312665634
12618,0.0,3,True,0.4006150307515376
12619,0.0,6,True,0.40056752837641885
12620,3.0,50,False,0.4005200260013001
12621,0.0,9,True,0.40047252362618135
12622,0.0,10,True,0.4004250212510625
12623,0.0,29,True,0.40037751887594375
12624,2.0,38,True,0.4003300165008251
12625,0.0,52,True,0.40028251412570637
12626,2.0,67,True,0.4002350117505876
12627,3.0,129,False,0.4001875093754689
12628,0.0,41,True,0.40014000700035013
12629,0.0,7,True,0.40009250462523127
12630,0.0,22,True,0.4000450022501125
12631,0.0,3,True,0.3999974998749938
12632,3.0,46,False,0.39994999749987503
12633,0.0,138,True,0.3999024951247563
12634,3.0,42,False,0.39985499274963754
12635,3.0,48,False,0.3998074903745188
12636,0.0,20,True,0.39975998799939993
12637,3.0,41,False,0.3997124856242812
12638,0.0,91,True,0.39966498324916244
12639,0.0,9,True,0.3996174808740437
12640,0.0,39,True,0.39956997849892495
12641,0.0,9,True,0.3995224761238062
12642,3.0,40,False,0.39947497374868757
12643,0.0,7,True,0.3994274713735687
12644,2.0,100,True,0.39937996899844996
12645,3.0,57,False,0.3993324666233312
12646,0.0,20,True,0.39928496424821247
12647,0.0,32,True,0.3992374618730937
12648,3.0,73,False,0.399189959497975
12649,0.0,3,True,0.39914245712285623
12650,3.0,63,False,0.3990949547477374
12651,3.0,44,False,0.3990474523726186
12652,0.0,16,True,0.3989999499974999
12653,3.0,55,False,0.39895244762238113
12654,3.0,37,False,0.3989049452472624
12655,3.0,54,False,0.39885744287214364
12656,3.0,36,False,0.3988099404970249
12657,0.0,10,True,0.39876243812190604
12658,0.0,43,True,0.3987149357467873
12659,0.0,15,True,0.39866743337166866
12660,0.0,31,True,0.3986199309965499
12661,3.0,32,False,0.39857242862143116
12662,3.0,55,False,0.3985249262463124
12663,0.0,15,True,0.39847742387119367
12664,0.0,31,True,0.3984299214960748
12665,0.0,8,True,0.39838241912095607
12666,3.0,75,False,0.3983349167458373
12667,3.0,64,False,0.3982874143707186
12668,3.0,61,False,0.3982399119955998
12669,0.0,19,True,0.3981924096204811
12670,0.0,8,True,0.39814490724536233
12671,3.0,66,False,0.3980974048702435
12672,0.0,19,True,0.39804990249512473
12673,0.0,24,True,0.398002400120006
12674,0.0,23,True,0.39795489774488724
12675,0.0,22,True,0.3979073953697685
12676,2.0,34,True,0.39785989299464974
12677,3.0,83,False,0.3978123906195311
12678,3.0,49,False,0.39776488824441225
12679,1.0,38,True,0.3977173858692935
12680,2.0,45,True,0.39766988349417476
12681,0.0,8,True,0.397622381119056
12682,1.0,84,True,0.39757487874393727
12683,0.0,9,True,0.3975273763688185
12684,0.0,38,True,0.3974798739936998
12685,3.0,57,False,0.3974323716185809
12686,0.0,15,True,0.39738486924346217
12687,0.0,43,True,0.3973373668683434
12688,0.0,50,True,0.3972898644932247
12689,3.0,57,False,0.39724236211810593
12690,2.0,50,True,0.3971948597429872
12691,3.0,46,False,0.39714735736786844
12692,3.0,57,False,0.3970998549927496
12693,3.0,57,False,0.39705235261763083
12694,0.0,25,True,0.3970048502425122
12695,3.0,55,False,0.39695734786739345
12696,2.0,78,True,0.3969098454922747
12697,2.0,69,True,0.39686234311715596
12698,3.0,77,False,0.3968148407420372
12699,2.0,71,True,0.39676733836691835
12700,2.0,61,True,0.3967198359917996
12701,3.0,49,False,0.39667233361668086
12702,0.0,28,True,0.3966248312415621
12703,3.0,71,False,0.39657732886644337
12704,3.0,84,False,0.3965298264913246
12705,1.0,71,True,0.3964823241162059
12706,3.0,57,False,0.396434821741087
12707,0.0,25,True,0.39638731936596827
12708,3.0,63,False,0.3963398169908495
12709,0.0,9,True,0.3962923146157308
12710,0.0,6,True,0.39624481224061203
12711,3.0,50,False,0.3961973098654933
12712,0.0,4,True,0.39614980749037465
12713,0.0,22,True,0.3961023051152558
12714,1.0,35,True,0.39605480274013705
12715,3.0,64,False,0.3960073003650183
12716,0.0,6,True,0.39595979798989955
12717,0.0,19,True,0.3959122956147808
12718,1.0,41,True,0.39586479323966206
12719,3.0,72,False,0.3958172908645433
12720,0.0,5,True,0.39576978848942446
12721,0.0,16,True,0.3957222861143057
12722,0.0,10,True,0.39567478373918696
12723,3.0,63,False,0.3956272813640682
12724,1.0,50,True,0.39557977898894947
12725,1.0,67,True,0.3955322766138307
12726,3.0,90,False,0.395484774238712
12727,3.0,69,False,0.3954372718635931
12728,2.0,37,True,0.3953897694884744
12729,3.0,76,False,0.39534226711335574
12730,3.0,93,False,0.395294764738237
12731,0.0,18,True,0.39524726236311825
12732,3.0,60,False,0.3951997599879995
12733,3.0,69,False,0.39515225761288075
12734,3.0,52,False,0.3951047552377619
12735,0.0,94,True,0.39505725286264315
12736,0.0,3,True,0.3950097504875244
12737,0.0,15,True,0.39496224811240566
12738,3.0,48,False,0.3949147457372869
12739,0.0,10,True,0.39486724336216816
12740,3.0,83,False,0.3948197409870494
12741,3.0,56,False,0.39477223861193056
12742,3.0,51,False,0.3947247362368118
12743,0.0,58,True,0.39467723386169307
12744,3.0,120,False,0.3946297314865743
12745,2.0,66,True,0.3945822291114556
12746,0.0,13,True,0.3945347267363368
12747,3.0,59,False,0.3944872243612182
12748,3.0,81,False,0.39443972198609933
12749,0.0,15,True,0.3943922196109806
12750,0.0,41,True,0.39434471723586184
12751,0.0,46,True,0.3942972148607431
12752,0.0,19,True,0.39424971248562435
12753,3.0,45,False,0.3942022101105056
12754,3.0,48,False,0.39415470773538686
12755,0.0,27,True,0.394107205360268
12756,0.0,12,True,0.39405970298514925
12757,0.0,17,True,0.3940122006100305
12758,3.0,49,False,0.39396469823491176
12759,0.0,11,True,0.393917195859793
12760,3.0,52,False,0.39386969348467427
12761,3.0,47,False,0.3938221911095555
12762,3.0,39,False,0.39377468873443666
12763,3.0,62,False,0.3937271863593179
12764,0.0,9,True,0.3936796839841993
12765,1.0,58,True,0.39363218160908053
12766,3.0,57,False,0.3935846792339618
12767,3.0,73,False,0.39353717685884304
12768,0.0,63,True,0.3934896744837243
12769,1.0,41,True,0.39344217210860544
12770,0.0,3,True,0.3933946697334867
12771,0.0,18,True,0.39334716735836794
12772,3.0,101,False,0.3932996649832492
12773,0.0,17,True,0.39325216260813045
12774,0.0,25,True,0.3932046602330117
12775,3.0,67,False,0.39315715785789296
12776,0.0,22,True,0.3931096554827741
12777,3.0,65,False,0.39306215310765535
12778,0.0,16,True,0.3930146507325366
12779,3.0,68,False,0.39296714835741786
12780,0.0,10,True,0.3929196459822991
12781,0.0,17,True,0.39287214360718037
12782,2.0,59,True,0.39282464123206173
12783,0.0,12,True,0.3927771388569429
12784,3.0,51,False,0.39272963648182413
12785,0.0,13,True,0.3926821341067054
12786,3.0,39,False,0.39263463173158664
12787,3.0,106,False,0.3925871293564679
12788,3.0,45,False,0.39253962698134914
12789,0.0,8,True,0.3924921246062304
12790,0.0,10,True,0.39244462223111154
12791,3.0,48,False,0.3923971198559928
12792,0.0,9,True,0.39234961748087405
12793,0.0,8,True,0.3923021151057553
12794,3.0,33,False,0.39225461273063655
12795,0.0,49,True,0.3922071103555178
12796,0.0,30,True,0.39215960798039906
12797,2.0,40,True,0.3921121056052802
12798,0.0,3,True,0.39206460323016146
12799,2.0,75,True,0.3920171008550428
12800,0.0,14,True,0.3919695984799241
12801,3.0,53,False,0.39192209610480533
12802,0.0,7,True,0.3918745937296866
12803,3.0,55,False,0.39182709135456784
12804,2.0,19,True,0.391779588979449
12805,3.0,50,False,0.39173208660433023
12806,2.0,41,True,0.3916845842292115
12807,0.0,47,True,0.39163708185409274
12808,0.0,31,True,0.391589579478974
12809,3.0,50,False,0.39154207710385525
12810,3.0,57,False,0.3914945747287365
12811,3.0,57,False,0.39144707235361764
12812,3.0,42,False,0.3913995699784989
12813,3.0,101,False,0.39135206760338015
12814,3.0,54,False,0.3913045652282614
12815,3.0,66,False,0.39125706285314266
12816,3.0,54,False,0.3912095604780239
12817,3.0,45,False,0.3911620581029053
12818,3.0,75,False,0.3911145557277864
12819,3.0,90,False,0.39106705335266767
12820,0.0,25,True,0.3910195509775489
12821,0.0,35,True,0.3909720486024302
12822,0.0,26,True,0.39092454622731143
12823,0.0,2,True,0.3908770438521927
12824,0.0,9,True,0.39082954147707394
12825,3.0,70,False,0.3907820391019551
12826,2.0,78,True,0.39073453672683633
12827,0.0,24,True,0.3906870343517176
12828,0.0,39,True,0.39063953197659884
12829,0.0,159,True,0.3905920296014801
12830,0.0,10,True,0.39054452722636135
12831,3.0,61,False,0.3904970248512426
12832,1.0,101,True,0.39044952247612374
12833,0.0,39,True,0.390402020101005
12834,2.0,35,True,0.39035451772588636
12835,0.0,8,True,0.3903070153507676
12836,0.0,44,True,0.39025951297564887
12837,3.0,59,False,0.3902120106005301
12838,0.0,5,True,0.3901645082254114
12839,3.0,46,False,0.3901170058502925
12840,0.0,35,True,0.3900695034751738
12841,3.0,53,False,0.390022001100055
12842,0.0,3,True,0.3899744987249363
12843,0.0,9,True,0.38992699634981753
12844,3.0,76,False,0.3898794939746988
12845,3.0,53,False,0.38983199159958004
12846,1.0,41,True,0.3897844892244612
12847,0.0,55,True,0.38973698684934244
12848,0.0,12,True,0.3896894844742237
12849,3.0,76,False,0.38964198209910494
12850,3.0,48,False,0.3895944797239862
12851,3.0,80,False,0.38954697734886745
12852,3.0,26,False,0.3894994749737488
12853,0.0,10,True,0.38945197259862996
12854,0.0,18,True,0.3894044702235112
12855,3.0,36,False,0.38935696784839247
12856,2.0,55,True,0.3893094654732737
12857,0.0,18,True,0.389261963098155
12858,1.0,109,True,0.3892144607230362
12859,0.0,14,True,0.3891669583479175
12860,0.0,11,True,0.3891194559727986
12861,0.0,12,True,0.3890719535976799
12862,3.0,48,False,0.38902445122256113
12863,3.0,46,False,0.3889769488474424
12864,0.0,12,True,0.38892944647232364
12865,1.0,30,True,0.3888819440972049
12866,1.0,59,True,0.38883444172208614
12867,3.0,67,False,0.3887869393469673
12868,0.0,50,True,0.38873943697184854
12869,2.0,51,True,0.3886919345967299
12870,0.0,6,True,0.38864443222161116
12871,0.0,26,True,0.3885969298464924
12872,0.0,32,True,0.38854942747137367
12873,0.0,21,True,0.3885019250962549
12874,0.0,34,True,0.38845442272113606
12875,0.0,7,True,0.3884069203460173
12876,0.0,48,True,0.38835941797089857
12877,3.0,72,False,0.3883119155957798
12878,3.0,64,False,0.3882644132206611
12879,0.0,9,True,0.38821691084554233
12880,3.0,30,False,0.3881694084704236
12881,0.0,6,True,0.3881219060953047
12882,0.0,18,True,0.388074403720186
12883,1.0,26,True,0.38802690134506723
12884,3.0,75,False,0.3879793989699485
12885,0.0,29,True,0.38793189659482974
12886,3.0,59,False,0.387884394219711
12887,0.0,3,True,0.38783689184459236
12888,3.0,60,False,0.3877893894694735
12889,1.0,50,True,0.38774188709435475
12890,0.0,5,True,0.387694384719236
12891,0.0,21,True,0.38764688234411726
12892,0.0,8,True,0.3875993799689985
12893,3.0,81,False,0.38755187759387977
12894,3.0,45,False,0.387504375218761
12895,3.0,131,False,0.38745687284364216
12896,0.0,8,True,0.3874093704685234
12897,0.0,17,True,0.38736186809340467
12898,0.0,27,True,0.3873143657182859
12899,0.0,17,True,0.3872668633431672
12900,0.0,8,True,0.38721936096804843
12901,1.0,63,True,0.3871718585929297
12902,3.0,85,False,0.3871243562178108
12903,3.0,59,False,0.3870768538426921
12904,2.0,77,True,0.38702935146757345
12905,1.0,44,True,0.3869818490924547
12906,3.0,43,False,0.38693434671733595
12907,0.0,14,True,0.3868868443422172
12908,3.0,58,False,0.38683934196709846
12909,3.0,80,False,0.3867918395919796
12910,0.0,15,True,0.38674433721686086
12911,0.0,25,True,0.3866968348417421
12912,0.0,11,True,0.38664933246662336
12913,3.0,68,False,0.3866018300915046
12914,0.0,13,True,0.38655432771638587
12915,2.0,60,True,0.3865068253412671
12916,0.0,16,True,0.38645932296614827
12917,3.0,57,False,0.3864118205910295
12918,2.0,91,True,0.3863643182159108
12919,2.0,54,True,0.386316815840792
12920,0.0,35,True,0.3862693134656733
12921,0.0,4,True,0.38622181109055453
12922,0.0,87,True,0.3861743087154359
12923,1.0,44,True,0.38612680634031704
12924,2.0,89,True,0.3860793039651983
12925,2.0,51,True,0.38603180159007955
12926,3.0,29,False,0.3859842992149608
12927,0.0,23,True,0.38593679683984206
12928,3.0,44,False,0.3858892944647233
12929,0.0,15,True,0.38584179208960456
12930,0.0,32,True,0.3857942897144857
12931,1.0,36,True,0.38574678733936696
12932,0.0,24,True,0.3856992849642482
12933,3.0,49,False,0.38565178258912947
12934,0.0,21,True,0.3856042802140107
12935,0.0,11,True,0.385556777838892
12936,0.0,8,True,0.3855092754637732
12937,0.0,55,True,0.38546177308865437
12938,0.0,33,True,0.3854142707135356
12939,0.0,16,True,0.385366768338417
12940,0.0,58,True,0.38531926596329824
12941,2.0,30,True,0.3852717635881795
12942,0.0,54,True,0.38522426121306075
12943,2.0,63,True,0.385176758837942
12944,0.0,17,True,0.38512925646282314
12945,0.0,16,True,0.3850817540877044
12946,2.0,79,True,0.38503425171258565
12947,2.0,48,True,0.3849867493374669
12948,0.0,12,True,0.38493924696234816
12949,3.0,53,False,0.3848917445872294
12950,3.0,63,False,0.38484424221211067
12951,0.0,28,True,0.3847967398369918
12952,0.0,12,True,0.38474923746187306
12953,0.0,22,True,0.3847017350867543
12954,0.0,32,True,0.38465423271163557
12955,2.0,56,True,0.3846067303365168
12956,3.0,40,False,0.3845592279613981
12957,3.0,64,False,0.38451172558627944
12958,0.0,3,True,0.3844642232111606
12959,3.0,107,False,0.38441672083604184
12960,3.0,41,False,0.3843692184609231
12961,0.0,16,True,0.38432171608580434
12962,3.0,57,False,0.3842742137106856
12963,0.0,9,True,0.38422671133556685
12964,0.0,25,True,0.3841792089604481
12965,0.0,8,True,0.38413170658532925
12966,3.0,33,False,0.3840842042102105
12967,0.0,3,True,0.38403670183509175
12968,3.0,43,False,0.383989199459973
12969,3.0,52,False,0.38394169708485426
12970,2.0,70,True,0.3838941947097355
12971,0.0,4,True,0.38384669233461677
12972,0.0,2,True,0.3837991899594979
12973,0.0,13,True,0.38375168758437916
12974,0.0,6,True,0.38370418520926053
12975,0.0,11,True,0.3836566828341418
12976,0.0,4,True,0.38360918045902304
12977,0.0,17,True,0.3835616780839043
12978,0.0,37,True,0.38351417570878554
12979,0.0,51,True,0.3834666733336667
12980,3.0,78,False,0.38341917095854794
12981,3.0,75,False,0.3833716685834292
12982,3.0,54,False,0.38332416620831045
12983,0.0,33,True,0.3832766638331917
12984,3.0,56,False,0.38322916145807295
12985,0.0,14,True,0.3831816590829542
12986,0.0,10,True,0.38313415670783535
12987,3.0,48,False,0.3830866543327166
12988,1.0,46,True,0.38303915195759786
12989,3.0,87,False,0.3829916495824791
12990,0.0,4,True,0.38294414720736036
12991,3.0,54,False,0.3828966448322416
12992,0.0,21,True,0.382849142457123
12993,3.0,63,False,0.3828016400820041
12994,0.0,20,True,0.3827541377068854
12995,0.0,12,True,0.38270663533176663
12996,0.0,40,True,0.3826591329566479
12997,0.0,24,True,0.38261163058152914
12998,0.0,6,True,0.3825641282064104
12999,0.0,5,True,0.38251662583129165
13000,0.0,18,True,0.3824691234561728
13001,0.0,13,True,0.38242162108105404
13002,0.0,11,True,0.3823741187059353
13003,0.0,72,True,0.38232661633081655
13004,3.0,49,False,0.3822791139556978
13005,0.0,6,True,0.38223161158057906
13006,3.0,73,False,0.3821841092054603
13007,0.0,9,True,0.38213660683034145
13008,0.0,12,True,0.3820891044552227
13009,0.0,8,True,0.38204160208010407
13010,3.0,59,False,0.3819940997049853
13011,3.0,62,False,0.3819465973298666
13012,3.0,46,False,0.38189909495474783
13013,0.0,20,True,0.3818515925796291
13014,2.0,55,True,0.3818040902045102
13015,0.0,11,True,0.3817565878293915
13016,0.0,30,True,0.38170908545427273
13017,0.0,15,True,0.381661583079154
13018,0.0,36,True,0.38161408070403524
13019,3.0,44,False,0.3815665783289165
13020,3.0,41,False,0.38151907595379775
13021,2.0,71,True,0.3814715735786789
13022,0.0,9,True,0.38142407120356014
13023,3.0,99,False,0.3813765688284414
13024,3.0,40,False,0.38132906645332265
13025,0.0,10,True,0.3812815640782039
13026,2.0,62,True,0.38123406170308516
13027,0.0,13,True,0.3811865593279665
13028,3.0,36,False,0.38113905695284767
13029,0.0,47,True,0.3810915545777289
13030,0.0,20,True,0.3810440522026102
13031,3.0,45,False,0.3809965498274914
13032,3.0,55,False,0.3809490474523727
13033,2.0,64,True,0.38090154507725393
13034,3.0,45,False,0.3808540427021352
13035,3.0,75,False,0.38080654032701633
13036,0.0,45,True,0.3807590379518976
13037,3.0,38,False,0.38071153557677884
13038,0.0,28,True,0.3806640332016601
13039,3.0,64,False,0.38061653082654134
13040,3.0,43,False,0.3805690284514226
13041,0.0,14,True,0.38052152607630385
13042,0.0,18,True,0.380474023701185
13043,0.0,35,True,0.38042652132606625
13044,3.0,48,False,0.3803790189509476
13045,1.0,51,True,0.38033151657582887
13046,3.0,49,False,0.3802840142007101
13047,0.0,3,True,0.3802365118255914
13048,2.0,58,True,0.3801890094504726
13049,0.0,14,True,0.38014150707535377
13050,3.0,44,False,0.380094004700235
13051,0.0,11,True,0.3800465023251163
13052,0.0,41,True,0.37999899994999753
13053,0.0,48,True,0.3799514975748788
13054,1.0,46,True,0.37990399519976004
13055,3.0,90,False,0.3798564928246413
13056,0.0,9,True,0.37980899044952243
13057,0.0,23,True,0.3797614880744037
13058,3.0,53,False,0.37971398569928494
13059,3.0,50,False,0.3796664833241662
13060,3.0,38,False,0.37961898094904745
13061,0.0,11,True,0.3795714785739287
13062,0.0,16,True,0.37952397619881006
13063,0.0,8,True,0.3794764738236912
13064,0.0,16,True,0.37942897144857246
13065,0.0,20,True,0.3793814690734537
13066,3.0,61,False,0.37933396669833497
13067,0.0,19,True,0.3792864643232162
13068,3.0,45,False,0.3792389619480975
13069,1.0,31,True,0.37919145957297873
13070,1.0,47,True,0.37914395719785987
13071,3.0,90,False,0.3790964548227411
13072,0.0,20,True,0.3790489524476224
13073,3.0,78,False,0.37900145007250363
13074,2.0,57,True,0.3789539476973849
13075,0.0,24,True,0.37890644532226614
13076,3.0,52,False,0.3788589429471474
13077,0.0,13,True,0.37881144057202853
13078,2.0,52,True,0.3787639381969098
13079,2.0,44,True,0.37871643582179115
13080,3.0,40,False,0.3786689334466724
13081,0.0,15,True,0.37862143107155366
13082,0.0,12,True,0.3785739286964349
13083,2.0,36,True,0.37852642632131617
13084,0.0,36,True,0.3784789239461973
13085,0.0,5,True,0.37843142157107856
13086,3.0,70,False,0.3783839191959598
13087,3.0,40,False,0.37833641682084107
13088,0.0,25,True,0.3782889144457223
13089,3.0,53,False,0.3782414120706036
13090,3.0,38,False,0.37819390969548483
13091,0.0,15,True,0.378146407320366
13092,2.0,45,True,0.3780989049452472
13093,3.0,64,False,0.3780514025701285
13094,0.0,10,True,0.37800390019500973
13095,0.0,9,True,0.377956397819891
13096,3.0,34,False,0.37790889544477224
13097,0.0,15,True,0.3778613930696536
13098,2.0,43,True,0.37781389069453475
13099,2.0,42,True,0.377766388319416
13100,0.0,32,True,0.37771888594429726
13101,0.0,7,True,0.3776713835691785
13102,0.0,34,True,0.37762388119405976
13103,0.0,7,True,0.377576378818941
13104,3.0,39,False,0.37752887644382227
13105,0.0,10,True,0.3774813740687034
13106,0.0,25,True,0.37743387169358467
13107,0.0,9,True,0.3773863693184659
13108,1.0,37,True,0.3773388669433472
13109,3.0,65,False,0.3772913645682284
13110,3.0,33,False,0.3772438621931097
13111,3.0,74,False,0.37719635981799093
13112,3.0,50,False,0.3771488574428721
13113,3.0,53,False,0.37710135506775333
13114,3.0,48,False,0.3770538526926347
13115,3.0,83,False,0.37700635031751595
13116,0.0,34,True,0.3769588479423972
13117,3.0,34,False,0.37691134556727846
13118,3.0,64,False,0.3768638431921597
13119,0.0,4,True,0.37681634081704085
13120,3.0,69,False,0.3767688384419221
13121,0.0,4,True,0.37672133606680336
13122,0.0,10,True,0.3766738336916846
13123,0.0,42,True,0.37662633131656587
13124,0.0,16,True,0.3765788289414471
13125,0.0,17,True,0.3765313265663284
13126,3.0,35,False,0.3764838241912095
13127,3.0,70,False,0.37643632181609077
13128,0.0,19,True,0.376388819440972
13129,0.0,19,True,0.3763413170658533
13130,0.0,6,True,0.37629381469073453
13131,0.0,4,True,0.3762463123156158
13132,0.0,5,True,0.37619880994049715
13133,3.0,51,False,0.3761513075653783
13134,0.0,12,True,0.37610380519025954
13135,0.0,83,True,0.3760563028151408
13136,0.0,12,True,0.37600880044002205
13137,3.0,53,False,0.3759612980649033
13138,3.0,64,False,0.37591379568978456
13139,0.0,3,True,0.3758662933146658
13140,0.0,15,True,0.37581879093954695
13141,3.0,39,False,0.3757712885644282
13142,3.0,65,False,0.37572378618930946
13143,0.0,4,True,0.3756762838141907
13144,0.0,7,True,0.37562878143907197
13145,0.0,10,True,0.3755812790639532
13146,0.0,8,True,0.3755337766888345
13147,0.0,31,True,0.3754862743137156
13148,2.0,68,True,0.37543877193859687
13149,3.0,50,False,0.37539126956347824
13150,0.0,15,True,0.3753437671883595
13151,3.0,51,False,0.37529626481324074
13152,0.0,5,True,0.375248762438122
13153,0.0,49,True,0.37520126006300325
13154,0.0,12,True,0.3751537576878844
13155,1.0,53,True,0.37510625531276565
13156,3.0,39,False,0.3750587529376469
13157,0.0,10,True,0.37501125056252815
13158,2.0,69,True,0.3749637481874094
13159,0.0,11,True,0.37491624581229066
13160,3.0,60,False,0.3748687434371719
13161,0.0,45,True,0.37482124106205306
13162,0.0,20,True,0.3747737386869343
13163,0.0,6,True,0.37472623631181556
13164,3.0,36,False,0.3746787339366968
13165,2.0,47,True,0.37463123156157807
13166,2.0,97,True,0.3745837291864593
13167,3.0,58,False,0.3745362268113407
13168,0.0,15,True,0.37448872443622183
13169,1.0,48,True,0.3744412220611031
13170,0.0,11,True,0.37439371968598434
13171,0.0,13,True,0.3743462173108656
13172,0.0,37,True,0.37429871493574685
13173,2.0,54,True,0.3742512125606281
13174,3.0,47,False,0.37420371018550935
13175,0.0,2,True,0.3741562078103905
13176,0.0,15,True,0.37410870543527175
13177,0.0,7,True,0.374061203060153
13178,3.0,50,False,0.37401370068503426
13179,2.0,53,True,0.3739661983099155
13180,0.0,12,True,0.37391869593479676
13181,0.0,12,True,0.373871193559678
13182,1.0,59,True,0.37382369118455916
13183,0.0,43,True,0.3737761888094404
13184,3.0,68,False,0.3737286864343218
13185,3.0,58,False,0.37368118405920303
13186,2.0,71,True,0.3736336816840843
13187,0.0,3,True,0.37358617930896554
13188,3.0,45,False,0.3735386769338468
13189,2.0,41,True,0.37349117455872793
13190,0.0,12,True,0.3734436721836092
13191,1.0,60,True,0.37339616980849044
13192,0.0,33,True,0.3733486674333717
13193,0.0,7,True,0.37330116505825295
13194,0.0,3,True,0.3732536626831342
13195,2.0,98,True,0.37320616030801546
13196,3.0,50,False,0.3731586579328966
13197,0.0,5,True,0.37311115555777785
13198,0.0,22,True,0.3730636531826591
13199,2.0,68,True,0.37301615080754036
13200,3.0,52,False,0.3729686484324216
13201,2.0,76,True,0.37292114605730287
13202,0.0,23,True,0.37287364368218423
13203,0.0,26,True,0.3728261413070654
13204,0.0,28,True,0.3727786389319466
13205,3.0,44,False,0.3727311365568279
13206,0.0,10,True,0.37268363418170913
13207,0.0,58,True,0.3726361318065904
13208,3.0,63,False,0.37258862943147164
13209,0.0,6,True,0.3725411270563529
13210,0.0,30,True,0.37249362468123404
13211,0.0,9,True,0.3724461223061153
13212,2.0,35,True,0.37239861993099654
13213,0.0,29,True,0.3723511175558778
13214,2.0,75,True,0.37230361518075905
13215,3.0,49,False,0.3722561128056403
13216,0.0,8,True,0.37220861043052156
13217,1.0,34,True,0.3721611080554028
13218,0.0,29,True,0.37211360568028395
13219,3.0,59,False,0.3720661033051653
13220,0.0,13,True,0.3720186009300466
13221,0.0,16,True,0.3719710985549278
13222,0.0,51,True,0.3719235961798091
13223,3.0,55,False,0.37187609380469033
13224,0.0,25,True,0.3718285914295716
13225,3.0,56,False,0.37178108905445273
13226,0.0,32,True,0.371733586679334
13227,0.0,6,True,0.37168608430421524
13228,0.0,31,True,0.3716385819290965
13229,2.0,70,True,0.37159107955397774
13230,0.0,17,True,0.371543577178859
13231,3.0,36,False,0.37149607480374025
13232,0.0,33,True,0.3714485724286214
13233,3.0,37,False,0.37140107005350265
13234,0.0,3,True,0.3713535676783839
13235,3.0,67,False,0.37130606530326515
13236,3.0,67,False,0.3712585629281464
13237,3.0,44,False,0.37121106055302777
13238,3.0,49,False,0.371163558177909
13239,3.0,70,False,0.37111605580279017
13240,3.0,36,False,0.3710685534276714
13241,0.0,3,True,0.3710210510525527
13242,3.0,56,False,0.37097354867743393
13243,3.0,69,False,0.3709260463023152
13244,0.0,32,True,0.37087854392719644
13245,3.0,47,False,0.3708310415520777
13246,0.0,12,True,0.37078353917695883
13247,3.0,37,False,0.3707360368018401
13248,3.0,56,False,0.37068853442672134
13249,0.0,10,True,0.3706410320516026
13250,0.0,6,True,0.37059352967648385
13251,0.0,8,True,0.3705460273013651
13252,3.0,62,False,0.37049852492624635
13253,0.0,6,True,0.3704510225511275
13254,0.0,5,True,0.37040352017600886
13255,2.0,32,True,0.3703560178008901
13256,3.0,54,False,0.37030851542577137
13257,0.0,8,True,0.3702610130506526
13258,3.0,39,False,0.3702135106755339
13259,2.0,96,True,0.37016600830041513
13260,3.0,71,False,0.37011850592529627
13261,3.0,69,False,0.3700710035501775
13262,0.0,18,True,0.3700235011750588
13263,3.0,75,False,0.36997599879994003
13264,3.0,93,False,0.3699284964248213
13265,3.0,57,False,0.36988099404970254
13266,3.0,66,False,0.3698334916745838
13267,0.0,18,True,0.36978598929946493
13268,0.0,24,True,0.3697384869243462
13269,3.0,60,False,0.36969098454922744
13270,3.0,39,False,0.3696434821741087
13271,0.0,15,True,0.36959597979898995
13272,3.0,34,False,0.3695484774238713
13273,1.0,53,True,0.36950097504875257
13274,0.0,13,True,0.3694534726736337
13275,3.0,45,False,0.36940597029851496
13276,0.0,15,True,0.3693584679233962
13277,0.0,9,True,0.36931096554827747
13278,3.0,37,False,0.3692634631731587
13279,0.0,30,True,0.36921596079804
13280,3.0,51,False,0.36916845842292123
13281,3.0,38,False,0.3691209560478024
13282,0.0,12,True,0.3690734536726836
13283,2.0,57,True,0.3690259512975649
13284,0.0,4,True,0.36897844892244613
13285,0.0,32,True,0.3689309465473274
13286,3.0,60,False,0.36888344417220864
13287,0.0,27,True,0.3688359417970899
13288,3.0,51,False,0.36878843942197104
13289,2.0,124,True,0.3687409370468524
13290,0.0,9,True,0.36869343467173366
13291,3.0,55,False,0.3686459322966149
13292,0.0,29,True,0.36859842992149616
13293,3.0,77,False,0.3685509275463774
13294,0.0,4,True,0.36850342517125867
13295,2.0,62,True,0.3684559227961398
13296,3.0,42,False,0.36840842042102107
13297,3.0,57,False,0.3683609180459023
13298,0.0,19,True,0.3683134156707836
13299,0.0,24,True,0.3682659132956648
13300,0.0,5,True,0.3682184109205461
13301,0.0,6,True,0.36817090854542733
13302,3.0,37,False,0.3681234061703085
13303,0.0,44,True,0.36807590379518973
13304,3.0,46,False,0.368028401420071
13305,3.0,38,False,0.36798089904495224
13306,3.0,38,False,0.3679333966698335
13307,3.0,42,False,0.36788589429471485
13308,0.0,6,True,0.3678383919195961
13309,3.0,55,False,0.36779088954447725
13310,0.0,7,True,0.3677433871693585
13311,0.0,10,True,0.36769588479423976
13312,3.0,99,False,0.367648382419121
13313,0.0,24,True,0.36760088004400227
13314,3.0,61,False,0.3675533776688835
13315,0.0,30,True,0.36750587529376477
13316,0.0,13,True,0.3674583729186459
13317,0.0,29,True,0.36741087054352717
13318,2.0,41,True,0.3673633681684084
13319,3.0,55,False,0.3673158657932897
13320,0.0,29,True,0.36726836341817093
13321,0.0,20,True,0.3672208610430522
13322,0.0,35,True,0.36717335866793344
13323,3.0,71,False,0.3671258562928146
13324,3.0,69,False,0.36707835391769594
13325,3.0,54,False,0.3670308515425772
13326,0.0,16,True,0.36698334916745845
13327,0.0,28,True,0.3669358467923397
13328,2.0,57,True,0.36688834441722096
13329,0.0,3,True,0.3668408420421022
13330,3.0,95,False,0.36679333966698335
13331,3.0,75,False,0.3667458372918646
13332,3.0,68,False,0.36669833491674586
13333,3.0,89,False,0.3666508325416271
13334,0.0,31,True,0.36660333016650837
13335,0.0,3,True,0.3665558277913896
13336,0.0,16,True,0.3665083254162709
13337,3.0,75,False,0.366460823041152
13338,0.0,5,True,0.36641332066603327
13339,0.0,26,True,0.3663658182909145
13340,0.0,9,True,0.3663183159157958
13341,0.0,5,True,0.36627081354067703
13342,0.0,9,True,0.3662233111655584
13343,3.0,48,False,0.36617580879043965
13344,0.0,14,True,0.3661283064153208
13345,3.0,71,False,0.36608080404020205
13346,0.0,23,True,0.3660333016650833
13347,0.0,37,True,0.36598579928996455
13348,0.0,9,True,0.3659382969148458
13349,0.0,8,True,0.36589079453972706
13350,1.0,45,True,0.3658432921646083
13351,2.0,39,True,0.36579578978948946
13352,0.0,56,True,0.3657482874143707
13353,0.0,29,True,0.36570078503925196
13354,2.0,56,True,0.3656532826641332
13355,0.0,5,True,0.36560578028901447
13356,0.0,28,True,0.3655582779138957
13357,3.0,64,False,0.365510775538777
13358,0.0,18,True,0.3654632731636581
13359,1.0,107,True,0.3654157707885395
13360,0.0,34,True,0.36536826841342074
13361,0.0,58,True,0.365320766038302
13362,1.0,63,True,0.36527326366318325
13363,0.0,2,True,0.3652257612880645
13364,3.0,47,False,0.36517825891294575
13365,3.0,44,False,0.3651307565378269
13366,0.0,13,True,0.36508325416270815
13367,0.0,9,True,0.3650357517875894
13368,0.0,24,True,0.36498824941247066
13369,3.0,38,False,0.3649407470373519
13370,3.0,44,False,0.36489324466223316
13371,3.0,48,False,0.3648457422871144
13372,0.0,33,True,0.36479823991199556
13373,0.0,3,True,0.3647507375368768
13374,0.0,17,True,0.36470323516175807
13375,3.0,47,False,0.3646557327866393
13376,3.0,61,False,0.3646082304115206
13377,3.0,74,False,0.36456072803640194
13378,0.0,16,True,0.3645132256612832
13379,0.0,12,True,0.36446572328616433
13380,3.0,56,False,0.3644182209110456
13381,3.0,61,False,0.36437071853592684
13382,0.0,9,True,0.3643232161608081
13383,0.0,7,True,0.36427571378568935
13384,0.0,27,True,0.3642282114105706
13385,2.0,48,True,0.36418070903545186
13386,0.0,8,True,0.364133206660333
13387,3.0,64,False,0.36408570428521425
13388,3.0,44,False,0.3640382019100955
13389,3.0,49,False,0.36399069953497676
13390,0.0,7,True,0.363943197159858
13391,0.0,15,True,0.36389569478473927
13392,3.0,42,False,0.3638481924096205
13393,3.0,71,False,0.36380069003450166
13394,3.0,63,False,0.363753187659383
13395,0.0,19,True,0.3637056852842643
13396,0.0,6,True,0.36365818290914553
13397,0.0,66,True,0.3636106805340268
13398,0.0,14,True,0.36356317815890804
13399,3.0,50,False,0.3635156757837893
13400,0.0,19,True,0.36346817340867044
13401,0.0,11,True,0.3634206710335517
13402,0.0,16,True,0.36337316865843294
13403,2.0,91,True,0.3633256662833142
13404,3.0,93,False,0.36327816390819545
13405,0.0,11,True,0.3632306615330767
13406,0.0,12,True,0.36318315915795796
13407,2.0,43,True,0.3631356567828391
13408,0.0,10,True,0.36308815440772035
13409,0.0,32,True,0.3630406520326016
13410,3.0,44,False,0.36299314965748286
13411,1.0,54,True,0.3629456472823641
13412,0.0,10,True,0.3628981449072455
13413,1.0,46,True,0.36285064253212673
13414,3.0,79,False,0.3628031401570079
13415,0.0,6,True,0.36275563778188913
13416,3.0,61,False,0.3627081354067704
13417,0.0,103,True,0.36266063303165164
13418,0.0,8,True,0.3626131306565329
13419,3.0,66,False,0.36256562828141414
13420,0.0,38,True,0.3625181259062954
13421,3.0,54,False,0.36247062353117654
13422,0.0,45,True,0.3624231211560578
13423,1.0,28,True,0.36237561878093905
13424,3.0,77,False,0.3623281164058203
13425,2.0,102,True,0.36228061403070155
13426,3.0,80,False,0.3622331116555828
13427,2.0,78,True,0.36218560928046406
13428,0.0,8,True,0.3621381069053452
13429,0.0,5,True,0.36209060453022657
13430,3.0,59,False,0.3620431021551078
13431,0.0,76,True,0.3619955997799891
13432,3.0,50,False,0.36194809740487033
13433,3.0,106,False,0.3619005950297516
13434,3.0,59,False,0.36185309265463284
13435,3.0,50,False,0.361805590279514
13436,1.0,76,True,0.36175808790439523
13437,3.0,45,False,0.3617105855292765
13438,0.0,21,True,0.36166308315415774
13439,3.0,50,False,0.361615580779039
13440,0.0,6,True,0.36156807840392025
13441,0.0,19,True,0.3615205760288015
13442,0.0,8,True,0.36147307365368264
13443,3.0,64,False,0.3614255712785639
13444,3.0,58,False,0.36137806890344515
13445,0.0,19,True,0.3613305665283264
13446,0.0,9,True,0.36128306415320766
13447,0.0,37,True,0.361235561778089
13448,0.0,15,True,0.3611880594029703
13449,0.0,21,True,0.3611405570278514
13450,0.0,63,True,0.36109305465273267
13451,3.0,37,False,0.3610455522776139
13452,0.0,6,True,0.3609980499024952
13453,0.0,11,True,0.36095054752737643
13454,2.0,56,True,0.3609030451522577
13455,3.0,36,False,0.36085554277713894
13456,0.0,34,True,0.3608080404020201
13457,0.0,6,True,0.36076053802690133
13458,3.0,42,False,0.3607130356517826
13459,0.0,4,True,0.36066553327666384
13460,0.0,6,True,0.3606180309015451
13461,3.0,53,False,0.36057052852642635
13462,0.0,4,True,0.3605230261513076
13463,0.0,16,True,0.36047552377618874
13464,2.0,49,True,0.3604280214010701
13465,3.0,61,False,0.36038051902595136
13466,0.0,18,True,0.3603330166508326
13467,0.0,12,True,0.36028551427571387
13468,0.0,8,True,0.3602380119005951
13469,3.0,71,False,0.3601905095254764
13470,3.0,93,False,0.3601430071503575
13471,0.0,32,True,0.3600955047752388
13472,0.0,6,True,0.36004800240012
13473,3.0,53,False,0.3600005000250013
13474,2.0,47,True,0.35995299764988253
13475,0.0,14,True,0.3599054952747638
13476,0.0,8,True,0.35985799289964504
13477,0.0,7,True,0.3598104905245262
13478,0.0,123,True,0.35976298814940744
13479,2.0,53,True,0.3597154857742887
13480,3.0,85,False,0.35966798339916994
13481,0.0,17,True,0.3596204810240512
13482,3.0,52,False,0.35957297864893256
13483,3.0,81,False,0.3595254762738138
13484,0.0,17,True,0.35947797389869496
13485,0.0,56,True,0.3594304715235762
13486,3.0,46,False,0.35938296914845747
13487,2.0,72,True,0.3593354667733387
13488,3.0,52,False,0.35928796439821997
13489,3.0,78,False,0.3592404620231012
13490,0.0,32,True,0.3591929596479825
13491,0.0,36,True,0.3591454572728636
13492,3.0,90,False,0.3590979548977449
13493,3.0,95,False,0.35905045252262613
13494,0.0,34,True,0.3590029501475074
13495,0.0,5,True,0.35895544777238864
13496,3.0,69,False,0.3589079453972699
13497,0.0,21,True,0.35886044302215114
13498,3.0,91,False,0.3588129406470323
13499,3.0,45,False,0.35876543827191365
13500,2.0,139,True,0.3587179358967949
13501,3.0,85,False,0.35867043352167616
13502,0.0,9,True,0.3586229311465574
13503,3.0,97,False,0.35857542877143866
13504,0.0,26,True,0.3585279263963199
13505,2.0,54,True,0.35848042402120106
13506,3.0,24,False,0.3584329216460823
13507,3.0,29,False,0.35838541927096357
13508,0.0,27,True,0.3583379168958448
13509,0.0,10,True,0.3582904145207261
13510,0.0,19,True,0.35824291214560733
13511,3.0,34,False,0.3581954097704886
13512,0.0,5,True,0.3581479073953697
13513,0.0,14,True,0.358100405020251
13514,0.0,2,True,0.35805290264513223
13515,3.0,45,False,0.3580054002700135
13516,3.0,42,False,0.35795789789489474
13517,3.0,45,False,0.3579103955197761
13518,0.0,3,True,0.35786289314465736
13519,0.0,5,True,0.3578153907695385
13520,3.0,48,False,0.35776788839441975
13521,0.0,5,True,0.357720386019301
13522,0.0,10,True,0.35767288364418226
13523,0.0,23,True,0.3576253812690635
13524,0.0,14,True,0.35757787889394477
13525,1.0,55,True,0.357530376518826
13526,3.0,65,False,0.35748287414370716
13527,2.0,63,True,0.3574353717685884
13528,3.0,48,False,0.35738786939346967
13529,0.0,26,True,0.3573403670183509
13530,3.0,65,False,0.3572928646432322
13531,0.0,14,True,0.35724536226811343
13532,0.0,4,True,0.3571978598929947
13533,0.0,16,True,0.3571503575178758
13534,3.0,70,False,0.3571028551427572
13535,0.0,32,True,0.35705535276763845
13536,3.0,42,False,0.3570078503925197
13537,0.0,4,True,0.35696034801740095
13538,3.0,66,False,0.3569128456422822
13539,1.0,47,True,0.35686534326716346
13540,3.0,48,False,0.3568178408920446
13541,2.0,30,True,0.35677033851692586
13542,3.0,42,False,0.3567228361418071
13543,0.0,9,True,0.35667533376668836
13544,3.0,36,False,0.3566278313915696
13545,1.0,96,True,0.35658032901645087
13546,3.0,44,False,0.3565328266413321
13547,3.0,65,False,0.35648532426621327
13548,0.0,36,True,0.3564378218910945
13549,3.0,58,False,0.3563903195159758
13550,0.0,6,True,0.356342817140857
13551,0.0,28,True,0.3562953147657383
13552,0.0,60,True,0.35624781239061964
13553,0.0,6,True,0.3562003100155009
13554,0.0,12,True,0.35615280764038204
13555,0.0,22,True,0.3561053052652633
13556,0.0,3,True,0.35605780289014455
13557,3.0,58,False,0.3560103005150258
13558,0.0,31,True,0.35596279813990706
13559,3.0,59,False,0.3559152957647883
13560,0.0,6,True,0.35586779338966956
13561,0.0,3,True,0.3558202910145507
13562,3.0,61,False,0.35577278863943196
13563,2.0,28,True,0.3557252862643132
13564,2.0,76,True,0.35567778388919447
13565,1.0,36,True,0.3556302815140757
13566,0.0,4,True,0.355582779138957
13567,0.0,39,True,0.3555352767638382
13568,0.0,47,True,0.35548777438871937
13569,3.0,48,False,0.35544027201360073
13570,0.0,11,True,0.355392769638482
13571,0.0,19,True,0.35534526726336324
13572,0.0,16,True,0.3552977648882445
13573,3.0,66,False,0.35525026251312575
13574,3.0,34,False,0.355202760138007
13575,3.0,62,False,0.35515525776288814
13576,3.0,62,False,0.3551077553877694
13577,3.0,78,False,0.35506025301265065
13578,3.0,65,False,0.3550127506375319
13579,0.0,22,True,0.35496524826241316
13580,3.0,76,False,0.3549177458872944
13581,0.0,6,True,0.35487024351217566
13582,3.0,67,False,0.3548227411370568
13583,3.0,36,False,0.35477523876193806
13584,0.0,45,True,0.3547277363868193
13585,3.0,31,False,0.35468023401170057
13586,0.0,7,True,0.3546327316365818
13587,0.0,15,True,0.3545852292614632
13588,0.0,19,True,0.35453772688634444
13589,0.0,12,True,0.3544902245112256
13590,3.0,51,False,0.35444272213610684
13591,3.0,34,False,0.3543952197609881
13592,0.0,4,True,0.35434771738586934
13593,0.0,38,True,0.3543002150107506
13594,0.0,2,True,0.35425271263563185
13595,2.0,39,True,0.3542052102605131
13596,0.0,7,True,0.35415770788539425
13597,3.0,58,False,0.3541102055102755
13598,0.0,11,True,0.35406270313515675
13599,3.0,38,False,0.354015200760038
13600,0.0,19,True,0.35396769838491926
13601,0.0,16,True,0.3539201960098005
13602,3.0,45,False,0.35387269363468177
13603,0.0,44,True,0.3538251912595629
13604,1.0,44,True,0.3537776888844443
13605,0.0,7,True,0.35373018650932553
13606,0.0,31,True,0.3536826841342068
13607,3.0,34,False,0.35363518175908804
13608,0.0,14,True,0.3535876793839693
13609,2.0,53,True,0.35354017700885054
13610,2.0,60,True,0.3534926746337317
13611,0.0,17,True,0.35344517225861294
13612,3.0,99,False,0.3533976698834942
13613,3.0,63,False,0.35335016750837545
13614,3.0,44,False,0.3533026651332567
13615,3.0,37,False,0.35325516275813795
13616,0.0,41,True,0.3532076603830192
13617,2.0,33,True,0.35316015800790035
13618,3.0,43,False,0.3531126556327816
13619,0.0,30,True,0.35306515325766286
13620,3.0,51,False,0.3530176508825441
13621,2.0,124,True,0.35297014850742536
13622,3.0,57,False,0.3529226461323067
13623,1.0,67,True,0.352875143757188
13624,0.0,3,True,0.3528276413820691
13625,0.0,14,True,0.3527801390069504
13626,3.0,45,False,0.35273263663183163
13627,3.0,34,False,0.3526851342567129
13628,0.0,15,True,0.35263763188159414
13629,0.0,56,True,0.3525901295064754
13630,0.0,28,True,0.35254262713135665
13631,3.0,52,False,0.3524951247562378
13632,0.0,40,True,0.35244762238111904
13633,3.0,64,False,0.3524001200060003
13634,0.0,20,True,0.35235261763088155
13635,3.0,77,False,0.3523051152557628
13636,0.0,31,True,0.35225761288064406
13637,3.0,46,False,0.3522101105055253
13638,0.0,8,True,0.35216260813040645
13639,3.0,37,False,0.3521151057552878
13640,2.0,76,True,0.35206760338016907
13641,3.0,45,False,0.3520201010050503
13642,3.0,61,False,0.3519725986299316
13643,3.0,60,False,0.35192509625481283
13644,0.0,18,True,0.3518775938796941
13645,3.0,60,False,0.3518300915045752
13646,0.0,15,True,0.3517825891294565
13647,0.0,11,True,0.35173508675433773
13648,1.0,48,True,0.351687584379219
13649,3.0,41,False,0.35164008200410024
13650,0.0,21,True,0.3515925796289815
13651,3.0,49,False,0.35154507725386275
13652,0.0,2,True,0.3514975748787439
13653,3.0,40,False,0.35145007250362514
13654,2.0,40,True,0.3514025701285064
13655,3.0,44,False,0.35135506775338765
13656,0.0,15,True,0.3513075653782689
13657,0.0,15,True,0.35126006300315027
13658,3.0,59,False,0.3512125606280315
13659,3.0,40,False,0.35116505825291267
13660,3.0,54,False,0.3511175558777939
13661,3.0,52,False,0.3510700535026752
13662,0.0,26,True,0.3510225511275564
13663,0.0,27,True,0.3509750487524377
13664,3.0,48,False,0.35092754637731893
13665,3.0,46,False,0.3508800440022002
13666,0.0,13,True,0.35083254162708133
13667,2.0,78,True,0.3507850392519626
13668,3.0,51,False,0.35073753687684384
13669,0.0,46,True,0.3506900345017251
13670,0.0,20,True,0.35064253212660634
13671,0.0,16,True,0.3505950297514876
13672,3.0,33,False,0.35054752737636885
13673,3.0,66,False,0.35050002500125
13674,0.0,22,True,0.35045252262613136
13675,3.0,38,False,0.3504050202510126
13676,0.0,15,True,0.35035751787589386
13677,0.0,24,True,0.3503100155007751
13678,3.0,64,False,0.35026251312565637
13679,0.0,23,True,0.3502150107505376
13680,3.0,43,False,0.35016750837541877
13681,3.0,56,False,0.3501200060003
13682,3.0,59,False,0.3500725036251813
13683,0.0,26,True,0.35002500125006253
13684,0.0,5,True,0.3499774988749438
13685,0.0,61,True,0.34992999649982504
13686,3.0,38,False,0.3498824941247063
13687,3.0,51,False,0.34983499174958743
13688,0.0,5,True,0.3497874893744687
13689,3.0,43,False,0.34973998699934994
13690,3.0,62,False,0.3496924846242312
13691,0.0,20,True,0.34964498224911245
13692,3.0,57,False,0.3495974798739938
13693,2.0,43,True,0.34954997749887506
13694,0.0,16,True,0.3495024751237562
13695,0.0,14,True,0.34945497274863746
13696,3.0,125,False,0.3494074703735187
13697,0.0,4,True,0.34935996799839997
13698,0.0,7,True,0.3493124656232812
13699,1.0,58,True,0.3492649632481625
13700,3.0,57,False,0.34921746087304373
13701,0.0,11,True,0.34916995849792487
13702,0.0,11,True,0.3491224561228061
13703,3.0,55,False,0.3490749537476874
13704,2.0,43,True,0.34902745137256863
13705,0.0,32,True,0.3489799489974499
13706,0.0,20,True,0.34893244662233114
13707,2.0,41,True,0.3488849442472124
13708,0.0,26,True,0.34883744187209353
13709,2.0,102,True,0.3487899394969749
13710,0.0,3,True,0.34874243712185615
13711,0.0,35,True,0.3486949347467374
13712,3.0,40,False,0.34864743237161866
13713,3.0,55,False,0.3485999299964999
13714,1.0,57,True,0.34855242762138117
13715,0.0,8,True,0.3485049252462623
13716,3.0,43,False,0.34845742287114356
13717,3.0,74,False,0.3484099204960248
13718,3.0,64,False,0.34836241812090607
13719,3.0,63,False,0.3483149157457873
13720,0.0,30,True,0.3482674133706686
13721,0.0,51,True,0.34821991099554983
13722,3.0,67,False,0.348172408620431
13723,0.0,68,True,0.3481249062453122
13724,0.0,6,True,0.3480774038701935
13725,0.0,30,True,0.34802990149507473
13726,3.0,49,False,0.347982399119956
13727,0.0,2,True,0.34793489674483735
13728,3.0,43,False,0.3478873943697186
13729,3.0,92,False,0.34783989199459975
13730,1.0,69,True,0.347792389619481
13731,0.0,4,True,0.34774488724436226
13732,3.0,63,False,0.3476973848692435
13733,3.0,38,False,0.34764988249412476
13734,3.0,59,False,0.347602380119006
13735,3.0,71,False,0.34755487774388727
13736,3.0,67,False,0.3475073753687684
13737,3.0,45,False,0.34745987299364967
13738,3.0,35,False,0.3474123706185309
13739,3.0,48,False,0.3473648682434122
13740,0.0,8,True,0.3473173658682934
13741,1.0,46,True,0.3472698634931747
13742,0.0,4,True,0.34722236111805593
13743,0.0,2,True,0.3471748587429371
13744,1.0,98,True,0.34712735636781844
13745,0.0,3,True,0.3470798539926997
13746,0.0,2,True,0.34703235161758095
13747,0.0,45,True,0.3469848492424622
13748,0.0,14,True,0.34693734686734345
13749,3.0,48,False,0.3468898444922247
13750,0.0,24,True,0.34684234211710585
13751,0.0,11,True,0.3467948397419871
13752,1.0,57,True,0.34674733736686836
13753,0.0,33,True,0.3466998349917496
13754,0.0,18,True,0.34665233261663086
13755,0.0,15,True,0.3466048302415121
13756,0.0,34,True,0.34655732786639337
13757,3.0,50,False,0.3465098254912745
13758,0.0,6,True,0.34646232311615577
13759,3.0,58,False,0.346414820741037
13760,3.0,52,False,0.3463673183659183
13761,2.0,68,True,0.34631981599079953
13762,3.0,48,False,0.3462723136156809
13763,3.0,36,False,0.34622481124056215
13764,0.0,7,True,0.3461773088654433
13765,3.0,70,False,0.34612980649032454
13766,0.0,6,True,0.3460823041152058
13767,3.0,72,False,0.34603480174008705
13768,1.0,76,True,0.3459872993649683
13769,3.0,58,False,0.34593979698984956
13770,0.0,8,True,0.3458922946147308
13771,3.0,56,False,0.34584479223961195
13772,0.0,14,True,0.3457972898644932
13773,2.0,33,True,0.34574978748937446
13774,0.0,9,True,0.3457022851142557
13775,3.0,40,False,0.34565478273913697
13776,0.0,14,True,0.3456072803640182
13777,3.0,44,False,0.3455597779888995
13778,3.0,40,False,0.3455122756137806
13779,0.0,10,True,0.345464773238662
13780,1.0,51,True,0.34541727086354324
13781,0.0,27,True,0.3453697684884245
13782,3.0,46,False,0.34532226611330574
13783,1.0,58,True,0.345274763738187
13784,3.0,107,False,0.34522726136306825
13785,0.0,5,True,0.3451797589879494
13786,2.0,64,True,0.34513225661283065
13787,3.0,44,False,0.3450847542377119
13788,1.0,36,True,0.34503725186259315
13789,0.0,59,True,0.3449897494874744
13790,3.0,56,False,0.34494224711235566
13791,3.0,49,False,0.3448947447372369
13792,0.0,10,True,0.34484724236211806
13793,0.0,17,True,0.3447997399869993
13794,3.0,60,False,0.34475223761188056
13795,1.0,37,True,0.3447047352367618
13796,0.0,5,True,0.34465723286164307
13797,3.0,39,False,0.34460973048652443
13798,0.0,2,True,0.3445622281114057
13799,2.0,54,True,0.34451472573628683
13800,3.0,75,False,0.3444672233611681
13801,0.0,11,True,0.34441972098604934
13802,3.0,42,False,0.3443722186109306
13803,0.0,49,True,0.34432471623581185
13804,1.0,163,True,0.3442772138606931
13805,3.0,30,False,0.34422971148557435
13806,3.0,45,False,0.3441822091104555
13807,0.0,25,True,0.34413470673533675
13808,3.0,36,False,0.344087204360218
13809,0.0,7,True,0.34403970198509926
13810,3.0,51,False,0.3439921996099805
13811,1.0,32,True,0.34394469723486176
13812,3.0,81,False,0.343897194859743
13813,3.0,37,False,0.34384969248462416
13814,3.0,46,False,0.3438021901095055
13815,0.0,36,True,0.3437546877343868
13816,3.0,79,False,0.34370718535926803
13817,0.0,7,True,0.3436596829841493
13818,0.0,11,True,0.34361218060903054
13819,0.0,10,True,0.3435646782339118
13820,3.0,51,False,0.34351717585879293
13821,0.0,11,True,0.3434696734836742
13822,0.0,4,True,0.34342217110855544
13823,3.0,49,False,0.3433746687334367
13824,3.0,35,False,0.34332716635831795
13825,0.0,25,True,0.3432796639831992
13826,2.0,90,True,0.34323216160808045
13827,3.0,75,False,0.3431846592329616
13828,0.0,33,True,0.34313715685784285
13829,0.0,18,True,0.3430896544827241
13830,3.0,62,False,0.34304215210760536
13831,3.0,66,False,0.3429946497324866
13832,0.0,3,True,0.342947147357368
13833,0.0,22,True,0.34289964498224923
13834,0.0,24,True,0.3428521426071304
13835,0.0,19,True,0.3428046402320116
13836,0.0,11,True,0.3427571378568929
13837,3.0,39,False,0.34270963548177413
13838,3.0,45,False,0.3426621331066554
13839,3.0,53,False,0.34261463073153664
13840,0.0,9,True,0.3425671283564179
13841,1.0,24,True,0.34251962598129904
13842,0.0,15,True,0.3424721236061803
13843,0.0,15,True,0.34242462123106154
13844,2.0,30,True,0.3423771188559428
13845,3.0,43,False,0.34232961648082405
13846,0.0,32,True,0.3422821141057053
13847,3.0,130,False,0.34223461173058656
13848,3.0,118,False,0.3421871093554677
13849,0.0,70,True,0.34213960698034906
13850,3.0,37,False,0.3420921046052303
13851,0.0,5,True,0.34204460223011157
13852,0.0,18,True,0.3419970998549928
13853,0.0,20,True,0.3419495974798741
13854,3.0,74,False,0.34190209510475533
13855,0.0,14,True,0.3418545927296365
13856,3.0,53,False,0.34180709035451773
13857,0.0,16,True,0.341759587979399
13858,2.0,50,True,0.34171208560428024
13859,0.0,3,True,0.3416645832291615
13860,3.0,71,False,0.34161708085404274
13861,3.0,50,False,0.341569578478924
13862,3.0,56,False,0.34152207610380514
13863,3.0,50,False,0.3414745737286864
13864,3.0,101,False,0.34142707135356765
13865,3.0,71,False,0.3413795689784489
13866,3.0,50,False,0.34133206660333015
13867,0.0,5,True,0.3412845642282115
13868,3.0,30,False,0.34123706185309277
13869,1.0,27,True,0.3411895594779739
13870,0.0,11,True,0.34114205710285517
13871,0.0,9,True,0.3410945547277364
13872,0.0,17,True,0.3410470523526177
13873,0.0,7,True,0.34099954997749893
13874,0.0,3,True,0.3409520476023802
13875,3.0,49,False,0.34090454522726144
13876,0.0,8,True,0.3408570428521426
13877,0.0,5,True,0.34080954047702383
13878,0.0,42,True,0.3407620381019051
13879,3.0,60,False,0.34071453572678634
13880,0.0,10,True,0.3406670333516676
13881,3.0,64,False,0.34061953097654885
13882,2.0,46,True,0.3405720286014301
13883,3.0,38,False,0.34052452622631124
13884,2.0,42,True,0.3404770238511926
13885,0.0,13,True,0.34042952147607386
13886,0.0,15,True,0.3403820191009551
13887,0.0,3,True,0.34033451672583637
13888,2.0,57,True,0.3402870143507176
13889,0.0,32,True,0.3402395119755989
13890,2.0,33,True,0.34019200960048
13891,3.0,40,False,0.34014450722536127
13892,3.0,108,False,0.3400970048502425
13893,2.0,35,True,0.3400495024751238
13894,0.0,17,True,0.34000200010000503
13895,3.0,56,False,0.3399544977248863
13896,3.0,35,False,0.33990699534976754
13897,0.0,10,True,0.3398594929746487
13898,3.0,39,False,0.33981199059952993
13899,0.0,14,True,0.3397644882244112
13900,0.0,16,True,0.33971698584929244
13901,3.0,46,False,0.3396694834741737
13902,3.0,37,False,0.33962198109905506
13903,3.0,52,False,0.3395744787239363
13904,0.0,13,True,0.33952697634881746
13905,0.0,41,True,0.3394794739736987
13906,0.0,9,True,0.33943197159857996
13907,3.0,63,False,0.3393844692234612
13908,0.0,3,True,0.33933696684834247
13909,3.0,80,False,0.3392894644732237
13910,0.0,8,True,0.339241962098105
13911,0.0,17,True,0.3391944597229861
13912,0.0,5,True,0.3391469573478674
13913,0.0,12,True,0.3390994549727486
13914,3.0,33,False,0.3390519525976299
13915,0.0,12,True,0.33900445022251113
13916,2.0,56,True,0.3389569478473924
13917,0.0,11,True,0.33890944547227364
13918,3.0,69,False,0.3388619430971548
13919,0.0,13,True,0.33881444072203615
13920,0.0,47,True,0.3387669383469174
13921,0.0,13,True,0.33871943597179865
13922,0.0,5,True,0.3386719335966799
13923,3.0,62,False,0.33862443122156116
13924,1.0,31,True,0.3385769288464424
13925,3.0,85,False,0.33852942647132356
13926,0.0,16,True,0.3384819240962048
13927,3.0,36,False,0.33843442172108607
13928,3.0,64,False,0.3383869193459673
13929,3.0,79,False,0.33833941697084857
13930,0.0,13,True,0.3382919145957298
13931,0.0,10,True,0.3382444122206111
13932,3.0,47,False,0.33819690984549233
13933,0.0,89,True,0.3381494074703735
13934,3.0,83,False,0.33810190509525473
13935,3.0,81,False,0.338054402720136
13936,0.0,5,True,0.33800690034501724
13937,2.0,76,True,0.3379593979698986
13938,3.0,66,False,0.33791189559477985
13939,0.0,6,True,0.3378643932196611
13940,3.0,72,False,0.33781689084454225
13941,0.0,5,True,0.3377693884694235
13942,3.0,48,False,0.33772188609430476
13943,2.0,29,True,0.337674383719186
13944,3.0,38,False,0.33762688134406726
13945,3.0,69,False,0.3375793789689485
13946,0.0,54,True,0.33753187659382977
13947,3.0,41,False,0.3374843742187109
13948,0.0,4,True,0.33743687184359217
13949,3.0,49,False,0.3373893694684734
13950,0.0,7,True,0.3373418670933547
13951,0.0,18,True,0.33729436471823593
13952,1.0,51,True,0.3372468623431172
13953,0.0,35,True,0.33719935996799844
13954,0.0,4,True,0.3371518575928797
13955,2.0,75,True,0.33710435521776094
13956,1.0,49,True,0.3370568528426422
13957,0.0,7,True,0.33700935046752345
13958,3.0,50,False,0.3369618480924047
13959,3.0,57,False,0.33691434571728596
13960,2.0,81,True,0.3368668433421672
13961,0.0,56,True,0.33681934096704835
13962,0.0,15,True,0.3367718385919296
13963,3.0,44,False,0.33672433621681086
13964,3.0,60,False,0.3366768338416921
13965,3.0,49,False,0.33662933146657337
13966,0.0,39,True,0.3365818290914546
13967,0.0,14,True,0.3365343267163359
13968,0.0,11,True,0.336486824341217
13969,0.0,5,True,0.33643932196609827
13970,3.0,44,False,0.3363918195909795
13971,3.0,37,False,0.3363443172158608
13972,2.0,83,True,0.33629681484074214
13973,2.0,53,True,0.3362493124656234
13974,3.0,50,False,0.33620181009050465
13975,3.0,29,False,0.3361543077153858
13976,0.0,21,True,0.33610680534026705
13977,0.0,7,True,0.3360593029651483
13978,3.0,64,False,0.33601180059002955
13979,0.0,10,True,0.3359642982149108
13980,3.0,30,False,0.33591679583979206
13981,3.0,38,False,0.3358692934646733
13982,0.0,15,True,0.33582179108955446
13983,0.0,8,True,0.3357742887144357
13984,3.0,39,False,0.33572678633931696
13985,0.0,4,True,0.3356792839641982
13986,3.0,43,False,0.33563178158907947
13987,3.0,60,False,0.3355842792139607
13988,3.0,51,False,0.335536776838842
13989,3.0,39,False,0.33548927446372323
13990,1.0,26,True,0.3354417720886045
13991,2.0,43,True,0.33539426971348574
13992,3.0,37,False,0.335346767338367
13993,2.0,48,True,0.33529926496324824
13994,3.0,42,False,0.3352517625881295
13995,0.0,3,True,0.33520426021301075
13996,0.0,21,True,0.3351567578378919
13997,3.0,36,False,0.33510925546277315
13998,3.0,49,False,0.3350617530876544
13999,3.0,54,False,0.33501425071253566
14000,3.0,41,False,0.3349667483374169
14001,2.0,59,True,0.33491924596229816
14002,1.0,79,True,0.3348717435871794
14003,0.0,11,True,0.33482424121206056
14004,0.0,30,True,0.3347767388369418
14005,3.0,44,False,0.33472923646182307
14006,3.0,90,False,0.3346817340867043
14007,0.0,5,True,0.3346342317115857
14008,0.0,9,True,0.33458672933646694
14009,3.0,89,False,0.3345392269613482
14010,3.0,39,False,0.33449172458622933
14011,0.0,10,True,0.3344442222111106
14012,0.0,11,True,0.33439671983599184
14013,0.0,17,True,0.3343492174608731
14014,0.0,13,True,0.33430171508575435
14015,3.0,48,False,0.3342542127106356
14016,3.0,54,False,0.33420671033551685
14017,0.0,9,True,0.334159207960398
14018,3.0,55,False,0.33411170558527925
14019,3.0,45,False,0.3340642032101605
14020,0.0,13,True,0.33401670083504176
14021,0.0,11,True,0.333969198459923
14022,0.0,15,True,0.33392169608480426
14023,0.0,21,True,0.3338741937096855
14024,0.0,13,True,0.33382669133456677
14025,0.0,21,True,0.333779188959448
14026,3.0,33,False,0.3337316865843293
14027,3.0,54,False,0.33368418420921053
14028,0.0,5,True,0.3336366818340918
14029,3.0,30,False,0.33358917945897304
14030,0.0,11,True,0.3335416770838543
14031,3.0,72,False,0.33349417470873544
14032,0.0,19,True,0.3334466723336167
14033,3.0,61,False,0.33339916995849794
14034,3.0,65,False,0.3333516675833792
14035,3.0,64,False,0.33330416520826045
14036,3.0,129,False,0.3332566628331417
14037,3.0,79,False,0.33320916045802296
14038,3.0,49,False,0.3331616580829041
14039,3.0,52,False,0.33311415570778535
14040,3.0,46,False,0.3330666533326666
14041,3.0,45,False,0.33301915095754786
14042,3.0,31,False,0.3329716485824292
14043,0.0,27,True,0.3329241462073105
14044,0.0,9,True,0.33287664383219173
14045,0.0,24,True,0.3328291414570729
14046,0.0,6,True,0.33278163908195413
14047,0.0,27,True,0.3327341367068354
14048,3.0,38,False,0.33268663433171664
14049,0.0,11,True,0.3326391319565979
14050,0.0,9,True,0.33259162958147914
14051,2.0,48,True,0.3325441272063604
14052,3.0,39,False,0.33249662483124154
14053,0.0,19,True,0.3324491224561228
14054,0.0,8,True,0.33240162008100405
14055,0.0,8,True,0.3323541177058853
14056,0.0,7,True,0.33230661533076655
14057,3.0,42,False,0.3322591129556478
14058,3.0,40,False,0.33221161058052906
14059,3.0,40,False,0.3321641082054103
14060,0.0,14,True,0.33211660583029157
14061,0.0,12,True,0.3320691034551728
14062,0.0,27,True,0.3320216010800541
14063,0.0,17,True,0.3319740987049353
14064,3.0,36,False,0.3319265963298166
14065,0.0,11,True,0.33187909395469783
14066,0.0,15,True,0.331831591579579
14067,1.0,30,True,0.33178408920446023
14068,0.0,12,True,0.3317365868293415
14069,0.0,13,True,0.33168908445422274
14070,3.0,50,False,0.331641582079104
14071,3.0,75,False,0.33159407970398525
14072,0.0,11,True,0.3315465773288665
14073,0.0,25,True,0.33149907495374764
14074,0.0,12,True,0.3314515725786289
14075,2.0,76,True,0.33140407020351015
14076,3.0,53,False,0.3313565678283914
14077,0.0,6,True,0.33130906545327277
14078,1.0,37,True,0.331261563078154
14079,0.0,14,True,0.3312140607030353
14080,0.0,16,True,0.3311665583279164
14081,0.0,5,True,0.33111905595279767
14082,1.0,42,True,0.3310715535776789
14083,0.0,18,True,0.3310240512025602
14084,3.0,49,False,0.33097654882744143
14085,3.0,58,False,0.3309290464523227
14086,3.0,30,False,0.33088154407720394
14087,0.0,10,True,0.3308340417020851
14088,3.0,68,False,0.33078653932696633
14089,3.0,57,False,0.3307390369518476
14090,1.0,44,True,0.33069153457672884
14091,0.0,13,True,0.3306440322016101
14092,0.0,9,True,0.33059652982649135
14093,0.0,16,True,0.3305490274513726
14094,3.0,65,False,0.33050152507625385
14095,3.0,42,False,0.3304540227011351
14096,3.0,53,False,0.33040652032601636
14097,2.0,70,True,0.3303590179508976
14098,0.0,14,True,0.33031151557577887
14099,3.0,56,False,0.3302640132006601
14100,3.0,35,False,0.3302165108255414
14101,3.0,39,False,0.3301690084504225
14102,3.0,48,False,0.33012150607530377
14103,3.0,60,False,0.330074003700185
14104,0.0,4,True,0.3300265013250663
14105,3.0,66,False,0.32997899894994753
14106,0.0,7,True,0.3299314965748288
14107,0.0,51,True,0.32988399419971004
14108,0.0,25,True,0.3298364918245912
14109,3.0,54,False,0.32978898944947244
14110,3.0,49,False,0.3297414870743537
14111,3.0,41,False,0.32969398469923494
14112,0.0,29,True,0.3296464823241163
14113,0.0,5,True,0.32959897994899756
14114,0.0,25,True,0.3295514775738788
14115,0.0,35,True,0.32950397519875996
14116,0.0,21,True,0.3294564728236412
14117,3.0,38,False,0.32940897044852246
14118,0.0,6,True,0.3293614680734037
14119,0.0,11,True,0.32931396569828497
14120,3.0,33,False,0.3292664633231662
14121,2.0,43,True,0.3292189609480475
14122,0.0,6,True,0.3291714585729286
14123,0.0,39,True,0.3291239561978099
14124,1.0,37,True,0.32907645382269113
14125,3.0,66,False,0.3290289514475724
14126,0.0,28,True,0.32898144907245364
14127,3.0,43,False,0.3289339466973349
14128,0.0,32,True,0.32888644432221614
14129,0.0,6,True,0.3288389419470974
14130,0.0,4,True,0.32879143957197865
14131,0.0,9,True,0.3287439371968599
14132,0.0,8,True,0.32869643482174116
14133,3.0,49,False,0.3286489324466224
14134,0.0,22,True,0.32860143007150366
14135,3.0,81,False,0.3285539276963849
14136,2.0,89,True,0.32850642532126606
14137,3.0,83,False,0.3284589229461473
14138,0.0,25,True,0.32841142057102857
14139,3.0,64,False,0.3283639181959098
14140,0.0,31,True,0.3283164158207911
14141,3.0,54,False,0.32826891344567233
14142,3.0,76,False,0.3282214110705536
14143,0.0,9,True,0.3281739086954347
14144,3.0,51,False,0.328126406320316
14145,0.0,6,True,0.32807890394519723
14146,0.0,16,True,0.3280314015700785
14147,3.0,74,False,0.32798389919495985
14148,0.0,33,True,0.3279363968198411
14149,0.0,7,True,0.32788889444472236
14150,1.0,110,True,0.3278413920696035
14151,3.0,49,False,0.32779388969448475
14152,3.0,62,False,0.327746387319366
14153,3.0,37,False,0.32769888494424726
14154,2.0,77,True,0.3276513825691285
14155,3.0,63,False,0.32760388019400977
14156,3.0,69,False,0.327556377818891
14157,3.0,45,False,0.32750887544377216
14158,3.0,43,False,0.3274613730686534
14159,2.0,57,True,0.32741387069353467
14160,0.0,27,True,0.3273663683184159
14161,0.0,60,True,0.3273188659432972
14162,0.0,22,True,0.32727136356817843
14163,3.0,55,False,0.3272238611930597
14164,3.0,41,False,0.32717635881794094
14165,3.0,76,False,0.3271288564428222
14166,3.0,49,False,0.32708135406770344
14167,0.0,7,True,0.3270338516925847
14168,2.0,63,True,0.32698634931746595
14169,3.0,31,False,0.3269388469423472
14170,3.0,48,False,0.32689134456722846
14171,3.0,48,False,0.3268438421921096
14172,0.0,15,True,0.32679633981699086
14173,0.0,9,True,0.3267488374418721
14174,0.0,40,True,0.32670133506675336
14175,0.0,33,True,0.3266538326916346
14176,0.0,12,True,0.32660633031651587
14177,2.0,61,True,0.3265588279413971
14178,3.0,65,False,0.32651132556627827
14179,3.0,45,False,0.3264638231911595
14180,0.0,11,True,0.3264163208160408
14181,3.0,88,False,0.326368818440922
14182,1.0,113,True,0.3263213160658034
14183,0.0,30,True,0.32627381369068464
14184,3.0,52,False,0.3262263113155659
14185,0.0,9,True,0.32617880894044704
14186,3.0,58,False,0.3261313065653283
14187,0.0,43,True,0.32608380419020955
14188,3.0,79,False,0.3260363018150908
14189,3.0,95,False,0.32598879943997205
14190,0.0,8,True,0.3259412970648533
14191,0.0,4,True,0.32589379468973456
14192,0.0,3,True,0.3258462923146157
14193,0.0,24,True,0.32579878993949696
14194,2.0,84,True,0.3257512875643782
14195,3.0,50,False,0.32570378518925946
14196,3.0,39,False,0.3256562828141407
14197,0.0,6,True,0.32560878043902197
14198,0.0,11,True,0.3255612780639032
14199,3.0,49,False,0.3255137756887845
14200,3.0,143,False,0.32546627331366573
14201,3.0,57,False,0.325418770938547
14202,0.0,14,True,0.32537126856342824
14203,3.0,47,False,0.3253237661883095
14204,3.0,58,False,0.32527626381319075
14205,0.0,24,True,0.325228761438072
14206,3.0,47,False,0.32518125906295314
14207,2.0,35,True,0.3251337566878344
14208,0.0,10,True,0.32508625431271565
14209,3.0,67,False,0.3250387519375969
14210,3.0,61,False,0.32499124956247816
14211,3.0,65,False,0.3249437471873594
14212,0.0,14,True,0.32489624481224066
14213,2.0,66,True,0.3248487424371218
14214,0.0,27,True,0.32480124006200306
14215,1.0,49,True,0.3247537376868843
14216,0.0,6,True,0.32470623531176557
14217,0.0,56,True,0.32465873293664693
14218,1.0,49,True,0.3246112305615282
14219,3.0,28,False,0.32456372818640944
14220,3.0,79,False,0.3245162258112906
14221,3.0,36,False,0.32446872343617184
14222,0.0,29,True,0.3244212210610531
14223,0.0,8,True,0.32437371868593434
14224,3.0,47,False,0.3243262163108156
14225,3.0,58,False,0.32427871393569685
14226,3.0,72,False,0.3242312115605781
14227,3.0,62,False,0.32418370918545925
14228,3.0,58,False,0.3241362068103405
14229,0.0,32,True,0.32408870443522175
14230,0.0,39,True,0.324041202060103
14231,3.0,61,False,0.32399369968498426
14232,3.0,42,False,0.3239461973098655
14233,2.0,73,True,0.32389869493474677
14234,3.0,61,False,0.323851192559628
14235,0.0,50,True,0.3238036901845093
14236,0.0,34,True,0.3237561878093905
14237,3.0,80,False,0.3237086854342718
14238,3.0,80,False,0.32366118305915303
14239,0.0,42,True,0.3236136806840343
14240,0.0,13,True,0.32356617830891554
14241,0.0,44,True,0.3235186759337967
14242,3.0,44,False,0.32347117355867794
14243,3.0,66,False,0.3234236711835592
14244,3.0,58,False,0.32337616880844045
14245,0.0,8,True,0.3233286664333217
14246,0.0,32,True,0.32328116405820295
14247,0.0,14,True,0.3232336616830842
14248,0.0,6,True,0.32318615930796535
14249,3.0,84,False,0.3231386569328466
14250,3.0,77,False,0.32309115455772786
14251,0.0,34,True,0.3230436521826091
14252,3.0,51,False,0.3229961498074905
14253,3.0,44,False,0.3229486474323717
14254,3.0,51,False,0.322901145057253
14255,2.0,34,True,0.3228536426821341
14256,3.0,51,False,0.3228061403070154
14257,2.0,36,True,0.32275863793189663
14258,3.0,45,False,0.3227111355567779
14259,3.0,72,False,0.32266363318165914
14260,3.0,48,False,0.3226161308065404
14261,1.0,107,True,0.32256862843142164
14262,2.0,29,True,0.3225211260563028
14263,3.0,74,False,0.32247362368118404
14264,3.0,47,False,0.3224261213060653
14265,0.0,15,True,0.32237861893094655
14266,3.0,34,False,0.3223311165558278
14267,0.0,9,True,0.32228361418070905
14268,0.0,2,True,0.3222361118055903
14269,0.0,5,True,0.32218860943047156
14270,0.0,18,True,0.3221411070553528
14271,0.0,18,True,0.32209360468023407
14272,0.0,45,True,0.3220461023051153
14273,0.0,10,True,0.3219985999299966
14274,3.0,72,False,0.32195109755487783
14275,0.0,4,True,0.3219035951797591
14276,2.0,77,True,0.3218560928046402
14277,0.0,18,True,0.3218085904295215
14278,0.0,25,True,0.32176108805440273
14279,3.0,52,False,0.321713585679284
14280,0.0,29,True,0.32166608330416524
14281,0.0,11,True,0.3216185809290465
14282,3.0,76,False,0.32157107855392775
14283,0.0,3,True,0.3215235761788089
14284,0.0,28,True,0.32147607380369014
14285,3.0,33,False,0.3214285714285714
14286,3.0,42,False,0.32138106905345265
14287,3.0,41,False,0.321333566678334
14288,0.0,3,True,0.32128606430321527
14289,3.0,55,False,0.3212385619280965
14290,2.0,36,True,0.32119105955297766
14291,0.0,37,True,0.3211435571778589
14292,3.0,62,False,0.32109605480274017
14293,2.0,28,True,0.3210485524276214
14294,0.0,31,True,0.3210010500525027
14295,2.0,63,True,0.32095354767738393
14296,0.0,22,True,0.3209060453022652
14297,3.0,71,False,0.32085854292714633
14298,3.0,62,False,0.3208110405520276
14299,1.0,29,True,0.32076353817690884
14300,2.0,50,True,0.3207160358017901
14301,3.0,62,False,0.32066853342667134
14302,0.0,13,True,0.3206210310515526
14303,2.0,78,True,0.32057352867643385
14304,0.0,8,True,0.3205260263013151
14305,3.0,52,False,0.32047852392619636
14306,0.0,8,True,0.3204310215510776
14307,0.0,12,True,0.32038351917595886
14308,0.0,9,True,0.3203360168008401
14309,3.0,53,False,0.32028851442572137
14310,0.0,10,True,0.3202410120506026
14311,3.0,52,False,0.32019350967548377
14312,0.0,7,True,0.320146007300365
14313,3.0,33,False,0.3200985049252463
14314,3.0,50,False,0.32005100255012753
14315,2.0,61,True,0.3200035001750088
14316,3.0,54,False,0.31995599779989004
14317,3.0,33,False,0.3199084954247713
14318,3.0,46,False,0.31986099304965243
14319,0.0,13,True,0.3198134906745337
14320,0.0,2,True,0.31976598829941494
14321,3.0,53,False,0.3197184859242962
14322,0.0,16,True,0.31967098354917756
14323,3.0,77,False,0.3196234811740588
14324,3.0,44,False,0.31957597879894006
14325,0.0,5,True,0.3195284764238212
14326,0.0,11,True,0.31948097404870246
14327,0.0,29,True,0.3194334716735837
14328,0.0,20,True,0.31938596929846497
14329,3.0,51,False,0.3193384669233462
14330,3.0,28,False,0.3192909645482275
14331,0.0,3,True,0.3192434621731087
14332,1.0,59,True,0.31919595979798987
14333,0.0,13,True,0.3191484574228711
14334,3.0,59,False,0.3191009550477524
14335,0.0,52,True,0.31905345267263363
14336,1.0,62,True,0.3190059502975149
14337,0.0,27,True,0.31895844792239614
14338,0.0,15,True,0.3189109455472774
14339,0.0,5,True,0.31886344317215864
14340,3.0,87,False,0.3188159407970399
14341,0.0,7,True,0.31876843842192115
14342,0.0,7,True,0.3187209360468024
14343,0.0,11,True,0.31867343367168366
14344,0.0,11,True,0.3186259312965649
14345,3.0,67,False,0.31857842892144617
14346,0.0,37,True,0.3185309265463273
14347,0.0,3,True,0.31848342417120856
14348,3.0,71,False,0.3184359217960898
14349,0.0,67,True,0.31838841942097107
14350,0.0,5,True,0.3183409170458523
14351,0.0,42,True,0.3182934146707336
14352,3.0,32,False,0.31824591229561483
14353,3.0,38,False,0.318198409920496
14354,3.0,54,False,0.3181509075453772
14355,3.0,57,False,0.3181034051702585
14356,3.0,73,False,0.31805590279513973
14357,3.0,55,False,0.3180084004200211
14358,3.0,45,False,0.31796089804490235
14359,0.0,10,True,0.3179133956697836
14360,0.0,28,True,0.31786589329466475
14361,0.0,5,True,0.317818390919546
14362,0.0,9,True,0.31777088854442725
14363,3.0,45,False,0.3177233861693085
14364,3.0,54,False,0.31767588379418976
14365,3.0,38,False,0.317628381419071
14366,0.0,18,True,0.31758087904395227
14367,0.0,18,True,0.3175333766688334
14368,0.0,8,True,0.31748587429371466
14369,3.0,40,False,0.3174383719185959
14370,0.0,26,True,0.31739086954347717
14371,3.0,31,False,0.3173433671683584
14372,0.0,7,True,0.3172958647932397
14373,0.0,6,True,0.31724836241812093
14374,3.0,51,False,0.3172008600430022
14375,3.0,80,False,0.31715335766788344
14376,3.0,36,False,0.3171058552927647
14377,3.0,80,False,0.31705835291764595
14378,2.0,67,True,0.3170108505425272
14379,3.0,93,False,0.31696334816740845
14380,3.0,40,False,0.3169158457922897
14381,0.0,6,True,0.31686834341717085
14382,0.0,13,True,0.3168208410420521
14383,3.0,58,False,0.31677333866693336
14384,0.0,14,True,0.3167258362918146
14385,0.0,17,True,0.31667833391669586
14386,0.0,23,True,0.3166308315415771
14387,0.0,5,True,0.31658332916645837
14388,3.0,37,False,0.3165358267913395
14389,3.0,33,False,0.31648832441622077
14390,3.0,30,False,0.316440822041102
14391,3.0,34,False,0.3163933196659833
14392,3.0,55,False,0.31634581729086464
14393,3.0,58,False,0.3162983149157459
14394,0.0,18,True,0.31625081254062715
14395,0.0,29,True,0.3162033101655083
14396,0.0,2,True,0.31615580779038954
14397,3.0,101,False,0.3161083054152708
14398,1.0,44,True,0.31606080304015205
14399,0.0,9,True,0.3160133006650333
14400,1.0,52,True,0.31596579828991456
14401,0.0,8,True,0.3159182959147958
14402,1.0,51,True,0.31587079353967695
14403,0.0,3,True,0.3158232911645582
14404,3.0,87,False,0.31577578878943946
14405,3.0,63,False,0.3157282864143207
14406,3.0,38,False,0.31568078403920197
14407,0.0,7,True,0.3156332816640832
14408,2.0,78,True,0.3155857792889645
14409,3.0,40,False,0.3155382769138457
14410,0.0,17,True,0.315490774538727
14411,0.0,9,True,0.31544327216360823
14412,0.0,61,True,0.3153957697884895
14413,0.0,6,True,0.31534826741337074
14414,3.0,33,False,0.315300765038252
14415,3.0,33,False,0.31525326266313325
14416,2.0,54,True,0.3152057602880144
14417,0.0,10,True,0.31515825791289565
14418,3.0,94,False,0.3151107555377769
14419,3.0,74,False,0.31506325316265815
14420,0.0,11,True,0.3150157507875394
14421,0.0,10,True,0.31496824841242066
14422,0.0,47,True,0.3149207460373019
14423,3.0,32,False,0.31487324366218306
14424,0.0,3,True,0.3148257412870643
14425,3.0,96,False,0.31477823891194556
14426,0.0,17,True,0.3147307365368268
14427,3.0,39,False,0.3146832341617082
14428,3.0,43,False,0.31463573178658943
14429,3.0,30,False,0.3145882294114707
14430,0.0,8,True,0.31454072703635183
14431,0.0,10,True,0.3144932246612331
14432,3.0,43,False,0.31444572228611434
14433,0.0,23,True,0.3143982199109956
14434,3.0,36,False,0.31435071753587684
14435,3.0,51,False,0.3143032151607581
14436,3.0,49,False,0.31425571278563935
14437,1.0,50,True,0.3142082104105205
14438,1.0,40,True,0.31416070803540175
14439,3.0,40,False,0.314113205660283
14440,3.0,85,False,0.31406570328516425
14441,2.0,122,True,0.3140182009100455
14442,0.0,10,True,0.31397069853492676
14443,3.0,48,False,0.313923196159808
14444,0.0,3,True,0.31387569378468927
14445,3.0,44,False,0.3138281914095705
14446,1.0,50,True,0.3137806890344518
14447,3.0,51,False,0.31373318665933303
14448,0.0,11,True,0.3136856842842143
14449,0.0,19,True,0.31363818190909554
14450,3.0,44,False,0.3135906795339768
14451,0.0,28,True,0.31354317715885793
14452,3.0,55,False,0.3134956747837392
14453,3.0,41,False,0.31344817240862044
14454,3.0,54,False,0.3134006700335017
14455,2.0,63,True,0.31335316765838295
14456,3.0,56,False,0.3133056652832642
14457,3.0,68,False,0.31325816290814545
14458,0.0,8,True,0.3132106605330266
14459,3.0,98,False,0.31316315815790785
14460,0.0,23,True,0.3131156557827891
14461,0.0,12,True,0.31306815340767036
14462,0.0,5,True,0.3130206510325517
14463,2.0,41,True,0.312973148657433
14464,3.0,45,False,0.31292564628231423
14465,3.0,55,False,0.31287814390719537
14466,1.0,47,True,0.3128306415320766
14467,2.0,59,True,0.3127831391569579
14468,3.0,38,False,0.31273563678183913
14469,0.0,3,True,0.3126881344067204
14470,3.0,69,False,0.31264063203160164
14471,0.0,16,True,0.3125931296564829
14472,0.0,33,True,0.31254562728136404
14473,3.0,57,False,0.3124981249062453
14474,0.0,10,True,0.31245062253112654
14475,3.0,49,False,0.3124031201560078
14476,3.0,32,False,0.31235561778088905
14477,3.0,39,False,0.3123081154057703
14478,3.0,47,False,0.31226061303065156
14479,1.0,82,True,0.3122131106555328
14480,3.0,94,False,0.31216560828041406
14481,0.0,7,True,0.3121181059052953
14482,3.0,40,False,0.31207060353017657
14483,3.0,73,False,0.3120231011550578
14484,3.0,39,False,0.3119755987799391
14485,3.0,48,False,0.31192809640482033
14486,3.0,34,False,0.3118805940297015
14487,3.0,53,False,0.31183309165458273
14488,2.0,61,True,0.311785589279464
14489,3.0,53,False,0.31173808690434524
14490,0.0,19,True,0.3116905845292265
14491,0.0,11,True,0.31164308215410774
14492,0.0,42,True,0.311595579778989
14493,3.0,42,False,0.31154807740387014
14494,3.0,46,False,0.3115005750287514
14495,3.0,45,False,0.31145307265363265
14496,0.0,2,True,0.3114055702785139
14497,3.0,38,False,0.31135806790339526
14498,0.0,30,True,0.3113105655282765
14499,3.0,51,False,0.31126306315315777
14500,3.0,63,False,0.3112155607780389
14501,3.0,33,False,0.31116805840292017
14502,3.0,54,False,0.3111205560278014
14503,3.0,48,False,0.3110730536526827
14504,0.0,11,True,0.3110255512775639
14505,0.0,24,True,0.3109780489024452
14506,3.0,55,False,0.31093054652732643
14507,0.0,5,True,0.3108830441522076
14508,3.0,83,False,0.31083554177708883
14509,0.0,11,True,0.3107880394019701
14510,3.0,45,False,0.31074053702685134
14511,3.0,34,False,0.3106930346517326
14512,2.0,48,True,0.31064553227661384
14513,0.0,30,True,0.3105980299014951
14514,3.0,43,False,0.31055052752637635
14515,0.0,4,True,0.3105030251512576
14516,0.0,37,True,0.31045552277613886
14517,0.0,18,True,0.3104080204010201
14518,0.0,23,True,0.31036051802590137
14519,3.0,35,False,0.3103130156507826
14520,0.0,5,True,0.3102655132756639
14521,0.0,14,True,0.310218010900545
14522,0.0,25,True,0.31017050852542627
14523,0.0,4,True,0.3101230061503075
14524,0.0,13,True,0.3100755037751888
14525,0.0,53,True,0.31002800140007003
14526,0.0,15,True,0.3099804990249513
14527,0.0,7,True,0.30993299664983254
14528,1.0,30,True,0.3098854942747137
14529,0.0,9,True,0.30983799189959493
14530,3.0,59,False,0.3097904895244762
14531,0.0,13,True,0.30974298714935744
14532,3.0,37,False,0.3096954847742388
14533,0.0,47,True,0.30964798239912006
14534,3.0,35,False,0.3096004800240013
14535,0.0,39,True,0.30955297764888245
14536,0.0,7,True,0.3095054752737637
14537,0.0,12,True,0.30945797289864496
14538,3.0,55,False,0.3094104705235262
14539,0.0,5,True,0.30936296814840747
14540,0.0,9,True,0.3093154657732887
14541,3.0,53,False,0.30926796339817
14542,0.0,28,True,0.3092204610230511
14543,2.0,72,True,0.30917295864793237
14544,2.0,51,True,0.3091254562728136
14545,0.0,18,True,0.3090779538976949
14546,0.0,74,True,0.30903045152257613
14547,0.0,8,True,0.3089829491474574
14548,0.0,9,True,0.30893544677233864
14549,0.0,13,True,0.3088879443972199
14550,3.0,41,False,0.30884044202210115
14551,0.0,24,True,0.3087929396469824
14552,3.0,32,False,0.30874543727186365
14553,0.0,26,True,0.3086979348967449
14554,0.0,4,True,0.30865043252162616
14555,0.0,63,True,0.3086029301465074
14556,0.0,12,True,0.30855542777138856
14557,0.0,20,True,0.3085079253962698
14558,0.0,8,True,0.30846042302115106
14559,0.0,11,True,0.3084129206460323
14560,3.0,39,False,0.30836541827091357
14561,0.0,4,True,0.3083179158957948
14562,0.0,16,True,0.3082704135206761
14563,3.0,51,False,0.3082229111455572
14564,3.0,31,False,0.3081754087704385
14565,3.0,42,False,0.30812790639531973
14566,3.0,71,False,0.308080404020201
14567,1.0,53,True,0.30803290164508235
14568,0.0,21,True,0.3079853992699636
14569,0.0,18,True,0.30793789689484485
14570,0.0,2,True,0.307890394519726
14571,0.0,3,True,0.30784289214460725
14572,0.0,4,True,0.3077953897694885
14573,3.0,42,False,0.30774788739436976
14574,0.0,5,True,0.307700385019251
14575,0.0,6,True,0.30765288264413226
14576,0.0,23,True,0.3076053802690135
14577,0.0,5,True,0.30755787789389466
14578,0.0,9,True,0.3075103755187759
14579,3.0,75,False,0.30746287314365717
14580,3.0,37,False,0.3074153707685384
14581,2.0,89,True,0.3073678683934197
14582,0.0,2,True,0.30732036601830093
14583,1.0,67,True,0.3072728636431822
14584,3.0,67,False,0.30722536126806343
14585,2.0,43,True,0.3071778588929447
14586,0.0,6,True,0.30713035651782594
14587,3.0,47,False,0.3070828541427072
14588,3.0,61,False,0.30703535176758845
14589,0.0,6,True,0.3069878493924697
14590,3.0,43,False,0.30694034701735096
14591,2.0,37,True,0.3068928446422321
14592,3.0,80,False,0.30684534226711335
14593,0.0,13,True,0.3067978398919946
14594,2.0,97,True,0.30675033751687586
14595,3.0,46,False,0.3067028351417571
14596,0.0,9,True,0.30665533276663837
14597,3.0,40,False,0.3066078303915196
14598,0.0,11,True,0.30656032801640076
14599,3.0,64,False,0.306512825641282
14600,0.0,23,True,0.30646532326616327
14601,3.0,61,False,0.3064178208910445
14602,0.0,16,True,0.3063703185159259
14603,3.0,65,False,0.30632281614080714
14604,3.0,49,False,0.3062753137656884
14605,3.0,53,False,0.30622781139056954
14606,3.0,39,False,0.3061803090154508
14607,3.0,56,False,0.30613280664033204
14608,0.0,21,True,0.3060853042652133
14609,3.0,40,False,0.30603780189009455
14610,3.0,48,False,0.3059902995149758
14611,3.0,37,False,0.30594279713985706
14612,3.0,35,False,0.3058952947647382
14613,0.0,11,True,0.30584779238961946
14614,3.0,39,False,0.3058002900145007
14615,3.0,47,False,0.30575278763938196
14616,0.0,7,True,0.3057052852642632
14617,3.0,84,False,0.30565778288914447
14618,3.0,52,False,0.3056102805140257
14619,0.0,10,True,0.305562778138907
14620,0.0,22,True,0.30551527576378823
14621,3.0,43,False,0.3054677733886695
14622,3.0,50,False,0.30542027101355074
14623,3.0,57,False,0.305372768638432
14624,3.0,61,False,0.30532526626331324
14625,0.0,14,True,0.3052777638881945
14626,2.0,63,True,0.30523026151307564
14627,3.0,64,False,0.3051827591379569
14628,3.0,59,False,0.30513525676283815
14629,0.0,26,True,0.3050877543877194
14630,3.0,45,False,0.30504025201260065
14631,3.0,63,False,0.3049927496374819
14632,0.0,50,True,0.30494524726236316
14633,0.0,10,True,0.3048977448872443
14634,3.0,45,False,0.30485024251212556
14635,0.0,16,True,0.3048027401370068
14636,0.0,12,True,0.30475523776188806
14637,3.0,44,False,0.30470773538676943
14638,0.0,19,True,0.3046602330116507
14639,3.0,41,False,0.30461273063653194
14640,3.0,38,False,0.3045652282614131
14641,3.0,74,False,0.30451772588629433
14642,0.0,12,True,0.3044702235111756
14643,0.0,44,True,0.30442272113605684
14644,2.0,68,True,0.3043752187609381
14645,3.0,51,False,0.30432771638581935
14646,0.0,11,True,0.3042802140107006
14647,3.0,41,False,0.30423271163558185
14648,0.0,4,True,0.304185209260463
14649,3.0,41,False,0.30413770688534425
14650,0.0,30,True,0.3040902045102255
14651,3.0,36,False,0.30404270213510676
14652,3.0,74,False,0.303995199759988
14653,0.0,11,True,0.30394769738486926
14654,0.0,23,True,0.3039001950097505
14655,0.0,5,True,0.30385269263463177
14656,2.0,42,True,0.303805190259513
14657,0.0,15,True,0.3037576878843943
14658,0.0,21,True,0.30371018550927553
14659,0.0,29,True,0.3036626831341568
14660,0.0,12,True,0.30361518075903804
14661,2.0,69,True,0.3035676783839193
14662,1.0,41,True,0.30352017600880044
14663,3.0,72,False,0.3034726736336817
14664,3.0,48,False,0.30342517125856294
14665,0.0,18,True,0.3033776688834442
14666,0.0,4,True,0.30333016650832545
14667,0.0,38,True,0.3032826641332067
14668,3.0,46,False,0.30323516175808796
14669,3.0,38,False,0.3031876593829691
14670,0.0,5,True,0.30314015700785035
14671,3.0,84,False,0.3030926546327316
14672,3.0,41,False,0.30304515225761297
14673,3.0,65,False,0.3029976498824942
14674,0.0,3,True,0.3029501475073755
14675,3.0,68,False,0.30290264513225673
14676,3.0,57,False,0.3028551427571379
14677,0.0,50,True,0.3028076403820191
14678,3.0,40,False,0.3027601380069004
14679,0.0,4,True,0.30271263563178163
14680,0.0,21,True,0.3026651332566629
14681,3.0,53,False,0.30261763088154414
14682,0.0,3,True,0.3025701285064254
14683,3.0,43,False,0.30252262613130654
14684,0.0,28,True,0.3024751237561878
14685,0.0,7,True,0.30242762138106905
14686,0.0,6,True,0.3023801190059503
14687,3.0,45,False,0.30233261663083155
14688,3.0,52,False,0.3022851142557128
14689,3.0,64,False,0.30223761188059406
14690,0.0,9,True,0.3021901095054753
14691,3.0,66,False,0.30214260713035657
14692,0.0,23,True,0.3020951047552378
14693,3.0,40,False,0.3020476023801191
14694,0.0,28,True,0.3020001000050003
14695,3.0,46,False,0.3019525976298816
14696,0.0,6,True,0.30190509525476283
14697,0.0,11,True,0.301857592879644
14698,3.0,48,False,0.30181009050452523
14699,3.0,50,False,0.3017625881294065
14700,0.0,6,True,0.30171508575428774
14701,0.0,17,True,0.301667583379169
14702,1.0,68,True,0.30162008100405024
14703,3.0,91,False,0.3015725786289315
14704,0.0,16,True,0.30152507625381264
14705,0.0,3,True,0.3014775738786939
14706,0.0,7,True,0.30143007150357515
14707,0.0,26,True,0.3013825691284565
14708,3.0,46,False,0.30133506675333777
14709,3.0,79,False,0.301287564378219
14710,0.0,9,True,0.3012400620031003
14711,0.0,6,True,0.3011925596279814
14712,3.0,51,False,0.30114505725286267
14713,3.0,38,False,0.3010975548777439
14714,0.0,18,True,0.3010500525026252
14715,3.0,45,False,0.30100255012750643
14716,3.0,55,False,0.3009550477523877
14717,0.0,13,True,0.30090754537726894
14718,0.0,4,True,0.3008600430021501
14719,3.0,37,False,0.30081254062703133
14720,0.0,7,True,0.3007650382519126
14721,2.0,69,True,0.30071753587679384
14722,0.0,12,True,0.3006700335016751
14723,0.0,6,True,0.30062253112655635
14724,2.0,39,True,0.3005750287514376
14725,2.0,59,True,0.30052752637631885
14726,0.0,8,True,0.3004800240012001
14727,3.0,48,False,0.30043252162608136
14728,0.0,13,True,0.3003850192509626
14729,3.0,47,False,0.30033751687584387
14730,0.0,7,True,0.3002900145007251
14731,0.0,17,True,0.3002425121256064
14732,3.0,42,False,0.3001950097504875
14733,2.0,68,True,0.30014750737536877
14734,0.0,4,True,0.30010000500025
14735,2.0,47,True,0.3000525026251313
14736,3.0,52,False,0.30000500025001253
14737,0.0,21,True,0.2999574978748938
14738,0.0,16,True,0.29990999549977504
14739,3.0,66,False,0.2998624931246562
14740,2.0,50,True,0.29981499074953744
14741,0.0,7,True,0.2997674883744187
14742,1.0,37,True,0.29971998599930005
14743,3.0,41,False,0.2996724836241813
14744,0.0,16,True,0.29962498124906256
14745,1.0,37,True,0.2995774788739438
14746,0.0,5,True,0.29952997649882496
14747,0.0,6,True,0.2994824741237062
14748,2.0,29,True,0.29943497174858746
14749,2.0,41,True,0.2993874693734687
14750,3.0,42,False,0.29933996699834997
14751,0.0,16,True,0.2992924646232312
14752,0.0,9,True,0.2992449622481125
14753,0.0,7,True,0.2991974598729936
14754,0.0,50,True,0.2991499574978749
14755,0.0,7,True,0.29910245512275613
14756,0.0,14,True,0.2990549527476374
14757,3.0,45,False,0.29900745037251864
14758,0.0,7,True,0.2989599479973999
14759,0.0,14,True,0.29891244562228114
14760,3.0,60,False,0.2988649432471624
14761,3.0,57,False,0.29881744087204365
14762,3.0,47,False,0.2987699384969249
14763,3.0,56,False,0.29872243612180616
14764,0.0,14,True,0.2986749337466874
14765,3.0,52,False,0.29862743137156866
14766,3.0,35,False,0.2985799289964499
14767,0.0,12,True,0.29853242662133106
14768,3.0,93,False,0.2984849242462123
14769,3.0,68,False,0.29843742187109357
14770,2.0,50,True,0.2983899194959748
14771,0.0,35,True,0.2983424171208561
14772,0.0,2,True,0.2982949147457373
14773,0.0,30,True,0.2982474123706186
14774,0.0,28,True,0.2981999099954997
14775,3.0,43,False,0.298152407620381
14776,3.0,44,False,0.29810490524526223
14777,3.0,41,False,0.2980574028701436
14778,0.0,13,True,0.29800990049502485
14779,1.0,56,True,0.2979623981199061
14780,3.0,36,False,0.29791489574478736
14781,0.0,17,True,0.2978673933696685
14782,3.0,59,False,0.29781989099454975
14783,3.0,47,False,0.297772388619431
14784,3.0,61,False,0.29772488624431226
14785,0.0,9,True,0.2976773838691935
14786,0.0,8,True,0.29762988149407477
14787,3.0,46,False,0.297582379118956
14788,3.0,36,False,0.29753487674383716
14789,0.0,3,True,0.2974873743687184
14790,3.0,33,False,0.29743987199359967
14791,3.0,37,False,0.2973923696184809
14792,3.0,64,False,0.2973448672433622
14793,3.0,38,False,0.29729736486824343
14794,0.0,11,True,0.2972498624931247
14795,3.0,33,False,0.29720236011800594
14796,0.0,20,True,0.2971548577428872
14797,2.0,47,True,0.29710735536776844
14798,0.0,23,True,0.2970598529926497
14799,3.0,39,False,0.29701235061753095
14800,0.0,12,True,0.2969648482424122
14801,0.0,11,True,0.29691734586729346
14802,3.0,60,False,0.2968698434921746
14803,0.0,18,True,0.29682234111705585
14804,2.0,38,True,0.2967748387419371
14805,3.0,41,False,0.29672733636681836
14806,0.0,20,True,0.2966798339916996
14807,3.0,46,False,0.29663233161658087
14808,3.0,57,False,0.2965848292414621
14809,3.0,79,False,0.29653732686634326
14810,3.0,40,False,0.2964898244912245
14811,0.0,5,True,0.29644232211610577
14812,0.0,39,True,0.29639481974098714
14813,0.0,15,True,0.2963473173658684
14814,0.0,64,True,0.29629981499074964
14815,3.0,53,False,0.2962523126156309
14816,2.0,70,True,0.29620481024051204
14817,0.0,10,True,0.2961573078653933
14818,3.0,38,False,0.29610980549027455
14819,0.0,9,True,0.2960623031151558
14820,0.0,7,True,0.29601480074003705
14821,1.0,62,True,0.2959672983649183
14822,3.0,59,False,0.29591979598979956
14823,0.0,12,True,0.2958722936146807
14824,0.0,24,True,0.29582479123956196
14825,0.0,7,True,0.2957772888644432
14826,0.0,18,True,0.29572978648932446
14827,3.0,51,False,0.2956822841142057
14828,3.0,89,False,0.29563478173908697
14829,3.0,56,False,0.2955872793639682
14830,0.0,17,True,0.2955397769888495
14831,1.0,49,True,0.29549227461373073
14832,0.0,46,True,0.295444772238612
14833,0.0,18,True,0.29539726986349324
14834,0.0,6,True,0.2953497674883745
14835,3.0,83,False,0.29530226511325575
14836,3.0,40,False,0.295254762738137
14837,0.0,15,True,0.29520726036301814
14838,3.0,50,False,0.2951597579878994
14839,0.0,14,True,0.29511225561278065
14840,0.0,8,True,0.2950647532376619
14841,0.0,6,True,0.29501725086254316
14842,3.0,56,False,0.2949697484874244
14843,3.0,71,False,0.29492224611230566
14844,0.0,17,True,0.2948747437371868
14845,3.0,49,False,0.29482724136206806
14846,3.0,43,False,0.2947797389869493
14847,1.0,79,True,0.2947322366118307
14848,0.0,4,True,0.29468473423671193
14849,3.0,55,False,0.2946372318615932
14850,3.0,40,False,0.29458972948647444
14851,3.0,37,False,0.2945422271113556
14852,3.0,35,False,0.29449472473623683
14853,3.0,45,False,0.2944472223611181
14854,3.0,38,False,0.29439971998599934
14855,2.0,33,True,0.2943522176108806
14856,0.0,21,True,0.29430471523576185
14857,3.0,47,False,0.2942572128606431
14858,2.0,53,True,0.29420971048552425
14859,2.0,57,True,0.2941622081104055
14860,0.0,22,True,0.29411470573528675
14861,0.0,18,True,0.294067203360168
14862,0.0,14,True,0.29401970098504926
14863,3.0,34,False,0.2939721986099305
14864,2.0,39,True,0.29392469623481177
14865,0.0,15,True,0.293877193859693
14866,1.0,43,True,0.2938296914845743
14867,3.0,42,False,0.2937821891094555
14868,3.0,56,False,0.2937346867343368
14869,0.0,19,True,0.29368718435921803
14870,3.0,39,False,0.2936396819840993
14871,3.0,49,False,0.29359217960898054
14872,1.0,79,True,0.2935446772338617
14873,0.0,24,True,0.29349717485874294
14874,3.0,46,False,0.2934496724836242
14875,0.0,7,True,0.29340217010850544
14876,0.0,20,True,0.2933546677333867
14877,0.0,6,True,0.29330716535826795
14878,1.0,43,True,0.2932596629831492
14879,3.0,72,False,0.29321216060803035
14880,1.0,42,True,0.2931646582329116
14881,2.0,53,True,0.29311715585779285
14882,2.0,43,True,0.2930696534826742
14883,0.0,26,True,0.2930221511075555
14884,0.0,6,True,0.2929746487324367
14885,3.0,61,False,0.292927146357318
14886,3.0,36,False,0.2928796439821991
14887,0.0,10,True,0.2928321416070804
14888,3.0,43,False,0.29278463923196163
14889,0.0,4,True,0.2927371368568429
14890,0.0,19,True,0.29268963448172414
14891,0.0,9,True,0.2926421321066054
14892,3.0,43,False,0.29259462973148664
14893,0.0,12,True,0.2925471273563678
14894,0.0,7,True,0.29249962498124904
14895,0.0,3,True,0.2924521226061303
14896,3.0,49,False,0.29240462023101155
14897,3.0,39,False,0.2923571178558928
14898,3.0,80,False,0.29230961548077405
14899,3.0,63,False,0.2922621131056553
14900,2.0,43,True,0.29221461073053656
14901,3.0,55,False,0.2921671083554178
14902,3.0,46,False,0.29211960598029907
14903,3.0,61,False,0.2920721036051803
14904,2.0,50,True,0.2920246012300616
14905,3.0,40,False,0.29197709885494283
14906,3.0,39,False,0.2919295964798241
14907,3.0,51,False,0.2918820941047052
14908,0.0,25,True,0.2918345917295865
14909,3.0,32,False,0.29178708935446773
14910,3.0,44,False,0.291739586979349
14911,3.0,45,False,0.29169208460423024
14912,0.0,20,True,0.2916445822291115
14913,0.0,12,True,0.29159707985399275
14914,3.0,59,False,0.2915495774788739
14915,3.0,58,False,0.29150207510375514
14916,0.0,72,True,0.2914545727286364
14917,0.0,13,True,0.29140707035351776
14918,0.0,13,True,0.291359567978399
14919,3.0,59,False,0.29131206560328027
14920,1.0,46,True,0.2912645632281615
14921,3.0,44,False,0.29121706085304266
14922,1.0,51,True,0.2911695584779239
14923,0.0,21,True,0.29112205610280517
14924,3.0,44,False,0.2910745537276864
14925,3.0,41,False,0.2910270513525677
14926,0.0,11,True,0.29097954897744893
14927,3.0,43,False,0.2909320466023302
14928,0.0,8,True,0.29088454422721133
14929,3.0,69,False,0.2908370418520926
14930,0.0,6,True,0.29078953947697384
14931,3.0,51,False,0.2907420371018551
14932,1.0,29,True,0.29069453472673634
14933,3.0,57,False,0.2906470323516176
14934,3.0,43,False,0.29059952997649885
14935,0.0,24,True,0.2905520276013801
14936,0.0,18,True,0.29050452522626136
14937,3.0,75,False,0.2904570228511426
14938,3.0,45,False,0.29040952047602386
14939,0.0,20,True,0.2903620181009051
14940,3.0,36,False,0.29031451572578637
14941,0.0,29,True,0.2902670133506676
14942,3.0,39,False,0.29021951097554877
14943,0.0,17,True,0.29017200860043
14944,3.0,48,False,0.2901245062253113
14945,0.0,12,True,0.2900770038501925
14946,3.0,36,False,0.2900295014750738
14947,3.0,82,False,0.28998199909995503
14948,1.0,80,True,0.2899344967248363
14949,3.0,56,False,0.28988699434971743
14950,0.0,3,True,0.2898394919745987
14951,3.0,42,False,0.28979198959947994
14952,3.0,34,False,0.2897444872243613
14953,3.0,36,False,0.28969698484924256
14954,3.0,43,False,0.2896494824741238
14955,3.0,39,False,0.28960198009900506
14956,3.0,64,False,0.2895544777238862
14957,3.0,56,False,0.28950697534876746
14958,0.0,8,True,0.2894594729736487
14959,2.0,50,True,0.28941197059852997
14960,0.0,10,True,0.2893644682234112
14961,2.0,98,True,0.2893169658482925
14962,2.0,31,True,0.2892694634731737
14963,0.0,23,True,0.28922196109805487
14964,3.0,88,False,0.2891744587229361
14965,3.0,51,False,0.2891269563478174
14966,0.0,49,True,0.28907945397269863
14967,1.0,56,True,0.2890319515975799
14968,3.0,49,False,0.28898444922246114
14969,0.0,9,True,0.2889369468473424
14970,3.0,88,False,0.28888944447222364
14971,2.0,45,True,0.2888419420971049
14972,3.0,39,False,0.28879443972198615
14973,3.0,76,False,0.2887469373468674
14974,0.0,20,True,0.28869943497174866
14975,3.0,51,False,0.2886519325966299
14976,0.0,28,True,0.28860443022151117
14977,0.0,9,True,0.2885569278463923
14978,3.0,29,False,0.28850942547127356
14979,0.0,39,True,0.2884619230961548
14980,3.0,42,False,0.28841442072103607
14981,3.0,57,False,0.2883669183459173
14982,0.0,9,True,0.2883194159707986
14983,0.0,7,True,0.28827191359567983
14984,3.0,91,False,0.28822441122056097
14985,3.0,49,False,0.2881769088454422
14986,0.0,18,True,0.2881294064703235
14987,0.0,13,True,0.28808190409520484
14988,0.0,18,True,0.2880344017200861
14989,0.0,25,True,0.28798689934496735
14990,3.0,41,False,0.2879393969698486
14991,3.0,76,False,0.28789189459472975
14992,0.0,27,True,0.287844392219611
14993,0.0,22,True,0.28779688984449225
14994,0.0,9,True,0.2877493874693735
14995,2.0,45,True,0.28770188509425476
14996,1.0,72,True,0.287654382719136
14997,3.0,47,False,0.28760688034401727
14998,3.0,50,False,0.2875593779688984
14999,3.0,37,False,0.28751187559377966
15000,0.0,12,True,0.2874643732186609
15001,0.0,3,True,0.28741687084354217
15002,3.0,30,False,0.2873693684684234
15003,3.0,75,False,0.2873218660933047
15004,0.0,6,True,0.28727436371818604
15005,3.0,89,False,0.2872268613430672
15006,0.0,8,True,0.28717935896794844
15007,3.0,46,False,0.2871318565928297
15008,3.0,43,False,0.28708435421771095
15009,0.0,23,True,0.2870368518425922
15010,2.0,54,True,0.28698934946747345
15011,0.0,18,True,0.2869418470923547
15012,2.0,75,True,0.28689434471723585
15013,0.0,8,True,0.2868468423421171
15014,0.0,13,True,0.28679933996699836
15015,0.0,6,True,0.2867518375918796
15016,3.0,100,False,0.28670433521676086
15017,0.0,15,True,0.2866568328416421
15018,3.0,46,False,0.28660933046652337
15019,3.0,34,False,0.2865618280914045
15020,0.0,38,True,0.28651432571628577
15021,3.0,57,False,0.28646682334116713
15022,0.0,26,True,0.2864193209660484
15023,0.0,8,True,0.28637181859092964
15024,0.0,9,True,0.2863243162158109
15025,1.0,46,True,0.28627681384069215
15026,3.0,36,False,0.2862293114655733
15027,0.0,6,True,0.28618180909045454
15028,0.0,30,True,0.2861343067153358
15029,3.0,50,False,0.28608680434021705
15030,0.0,41,True,0.2860393019650983
15031,0.0,5,True,0.28599179958997956
15032,0.0,5,True,0.2859442972148608
15033,0.0,10,True,0.28589679483974195
15034,0.0,4,True,0.2858492924646232
15035,2.0,72,True,0.28580179008950446
15036,3.0,55,False,0.2857542877143857
15037,3.0,70,False,0.28570678533926697
15038,0.0,20,True,0.2856592829641482
15039,0.0,4,True,0.2856117805890296
15040,0.0,9,True,0.2855642782139107
15041,3.0,32,False,0.285516775838792
15042,3.0,49,False,0.28546927346367323
15043,2.0,55,True,0.2854217710885545
15044,3.0,48,False,0.28537426871343574
15045,3.0,44,False,0.285326766338317
15046,3.0,47,False,0.28527926396319825
15047,0.0,2,True,0.2852317615880794
15048,3.0,65,False,0.28518425921296064
15049,3.0,40,False,0.2851367568378419
15050,3.0,50,False,0.28508925446272315
15051,3.0,45,False,0.2850417520876044
15052,0.0,16,True,0.28499424971248566
15053,3.0,35,False,0.2849467473373669
15054,0.0,8,True,0.28489924496224805
15055,0.0,11,True,0.2848517425871293
15056,3.0,55,False,0.2848042402120107
15057,0.0,14,True,0.2847567378368919
15058,3.0,45,False,0.2847092354617732
15059,0.0,9,True,0.28466173308665443
15060,3.0,43,False,0.2846142307115357
15061,0.0,8,True,0.28456672833641683
15062,3.0,31,False,0.2845192259612981
15063,0.0,31,True,0.28447172358617934
15064,0.0,6,True,0.2844242212110606
15065,0.0,10,True,0.28437671883594184
15066,3.0,50,False,0.2843292164608231
15067,0.0,8,True,0.28428171408570435
15068,3.0,89,False,0.2842342117105855
15069,0.0,16,True,0.28418670933546675
15070,3.0,39,False,0.284139206960348
15071,0.0,12,True,0.28409170458522925
15072,1.0,70,True,0.2840442022101105
15073,3.0,43,False,0.28399669983499176
15074,1.0,50,True,0.2839491974598731
15075,2.0,75,True,0.28390169508475427
15076,0.0,8,True,0.2838541927096355
15077,0.0,11,True,0.2838066903345168
15078,0.0,9,True,0.28375918795939803
15079,0.0,18,True,0.2837116855842793
15080,3.0,66,False,0.28366418320916054
15081,3.0,41,False,0.2836166808340418
15082,0.0,5,True,0.28356917845892293
15083,3.0,54,False,0.2835216760838042
15084,3.0,88,False,0.28347417370868544
15085,3.0,35,False,0.2834266713335667
15086,0.0,8,True,0.28337916895844795
15087,3.0,58,False,0.2833316665833292
15088,0.0,13,True,0.28328416420821045
15089,0.0,9,True,0.2832366618330916
15090,0.0,19,True,0.28318915945797285
15091,3.0,67,False,0.2831416570828542
15092,0.0,19,True,0.28309415470773547
15093,0.0,28,True,0.2830466523326167
15094,1.0,73,True,0.282999149957498
15095,3.0,47,False,0.28295164758237923
15096,0.0,13,True,0.28290414520726037
15097,0.0,4,True,0.2828566428321416
15098,3.0,53,False,0.2828091404570229
15099,0.0,22,True,0.28276163808190413
15100,3.0,57,False,0.2827141357067854
15101,3.0,55,False,0.28266663333166664
15102,0.0,16,True,0.2826191309565479
15103,0.0,11,True,0.28257162858142904
15104,3.0,25,False,0.2825241262063103
15105,0.0,17,True,0.28247662383119154
15106,0.0,10,True,0.2824291214560728
15107,0.0,63,True,0.28238161908095405
15108,1.0,34,True,0.2823341167058353
15109,3.0,38,False,0.28228661433071667
15110,0.0,24,True,0.2822391119555978
15111,3.0,43,False,0.28219160958047906
15112,3.0,31,False,0.2821441072053603
15113,0.0,10,True,0.28209660483024157
15114,3.0,38,False,0.2820491024551228
15115,3.0,32,False,0.2820016000800041
15116,3.0,37,False,0.28195409770488533
15117,0.0,4,True,0.2819065953297665
15118,3.0,30,False,0.2818590929546477
15119,3.0,58,False,0.281811590579529
15120,0.0,2,True,0.28176408820441023
15121,3.0,49,False,0.2817165858292915
15122,3.0,36,False,0.28166908345417274
15123,3.0,52,False,0.281621581079054
15124,0.0,4,True,0.28157407870393514
15125,3.0,35,False,0.2815265763288164
15126,0.0,19,True,0.28147907395369776
15127,0.0,24,True,0.281431571578579
15128,0.0,17,True,0.28138406920346026
15129,0.0,7,True,0.2813365668283415
15130,3.0,52,False,0.28128906445322277
15131,0.0,8,True,0.2812415620781039
15132,0.0,10,True,0.28119405970298517
15133,3.0,48,False,0.2811465573278664
15134,0.0,14,True,0.2810990549527477
15135,2.0,46,True,0.2810515525776289
15136,3.0,38,False,0.2810040502025102
15137,3.0,40,False,0.28095654782739143
15138,0.0,9,True,0.2809090454522726
15139,3.0,31,False,0.28086154307715383
15140,0.0,2,True,0.2808140407020351
15141,3.0,34,False,0.28076653832691634
15142,3.0,53,False,0.2807190359517976
15143,3.0,58,False,0.28067153357667884
15144,2.0,65,True,0.2806240312015602
15145,0.0,8,True,0.28057652882644135
15146,0.0,19,True,0.2805290264513226
15147,0.0,26,True,0.28048152407620386
15148,0.0,11,True,0.2804340217010851
15149,0.0,14,True,0.28038651932596637
15150,0.0,28,True,0.2803390169508476
15151,3.0,49,False,0.2802915145757289
15152,3.0,46,False,0.28024401220061
15153,0.0,3,True,0.28019650982549127
15154,3.0,48,False,0.2801490074503725
15155,3.0,42,False,0.2801015050752538
15156,0.0,11,True,0.28005400270013503
15157,3.0,36,False,0.2800065003250163
15158,3.0,50,False,0.27995899794989754
15159,0.0,8,True,0.2799114955747787
15160,0.0,6,True,0.27986399319965993
15161,3.0,36,False,0.2798164908245413
15162,0.0,19,True,0.27976898844942255
15163,3.0,42,False,0.2797214860743038
15164,0.0,16,True,0.27967398369918506
15165,3.0,57,False,0.2796264813240663
15166,3.0,44,False,0.27957897894894745
15167,3.0,46,False,0.2795314765738287
15168,0.0,23,True,0.27948397419870996
15169,3.0,54,False,0.2794364718235912
15170,3.0,39,False,0.27938896944847247
15171,3.0,114,False,0.2793414670733537
15172,0.0,24,True,0.279293964698235
15173,0.0,23,True,0.2792464623231161
15174,0.0,14,True,0.27919895994799737
15175,3.0,37,False,0.2791514575728786
15176,3.0,55,False,0.2791039551977599
15177,3.0,92,False,0.27905645282264113
15178,0.0,30,True,0.2790089504475224
15179,0.0,18,True,0.27896144807240375
15180,0.0,54,True,0.2789139456972849
15181,0.0,42,True,0.27886644332216615
15182,1.0,61,True,0.2788189409470474
15183,3.0,52,False,0.27877143857192865
15184,3.0,37,False,0.2787239361968099
15185,0.0,5,True,0.27867643382169116
15186,2.0,47,True,0.2786289314465724
15187,3.0,58,False,0.27858142907145356
15188,3.0,33,False,0.2785339266963348
15189,0.0,24,True,0.27848642432121606
15190,0.0,4,True,0.2784389219460973
15191,3.0,66,False,0.27839141957097857
15192,3.0,53,False,0.2783439171958598
15193,0.0,9,True,0.2782964148207411
15194,2.0,46,True,0.2782489124456222
15195,2.0,95,True,0.2782014100705035
15196,0.0,13,True,0.27815390769538484
15197,3.0,42,False,0.2781064053202661
15198,0.0,15,True,0.27805890294514735
15199,0.0,41,True,0.2780114005700286
15200,0.0,100,True,0.27796389819490985
15201,3.0,47,False,0.277916395819791
15202,3.0,61,False,0.27786889344467225
15203,0.0,11,True,0.2778213910695535
15204,0.0,4,True,0.27777388869443476
15205,3.0,72,False,0.277726386319316
15206,0.0,5,True,0.27767888394419726
15207,0.0,15,True,0.2776313815690785
15208,0.0,14,True,0.27758387919395966
15209,3.0,79,False,0.2775363768188409
15210,2.0,66,True,0.27748887444372217
15211,0.0,15,True,0.2774413720686034
15212,3.0,54,False,0.2773938696934847
15213,0.0,7,True,0.2773463673183659
15214,3.0,45,False,0.2772988649432473
15215,3.0,44,False,0.27725136256812843
15216,3.0,39,False,0.2772038601930097
15217,3.0,41,False,0.27715635781789094
15218,3.0,47,False,0.2771088554427722
15219,2.0,59,True,0.27706135306765345
15220,3.0,51,False,0.2770138506925347
15221,3.0,48,False,0.27696634831741596
15222,0.0,6,True,0.2769188459422971
15223,0.0,9,True,0.27687134356717835
15224,3.0,53,False,0.2768238411920596
15225,3.0,33,False,0.27677633881694086
15226,3.0,84,False,0.2767288364418221
15227,3.0,43,False,0.27668133406670337
15228,0.0,10,True,0.2766338316915846
15229,2.0,28,True,0.27658632931646576
15230,3.0,38,False,0.276538826941347
15231,2.0,46,True,0.2764913245662284
15232,3.0,36,False,0.27644382219110963
15233,1.0,39,True,0.2763963198159909
15234,0.0,25,True,0.27634881744087214
15235,3.0,71,False,0.2763013150657534
15236,3.0,37,False,0.27625381269063454
15237,0.0,12,True,0.2762063103155158
15238,3.0,65,False,0.27615880794039704
15239,0.0,26,True,0.2761113055652783
15240,3.0,61,False,0.27606380319015955
15241,2.0,33,True,0.2760163008150408
15242,3.0,28,False,0.27596879843992206
15243,0.0,16,True,0.2759212960648032
15244,3.0,40,False,0.27587379368968445
15245,3.0,41,False,0.2758262913145657
15246,2.0,44,True,0.27577878893944696
15247,3.0,50,False,0.2757312865643282
15248,0.0,7,True,0.27568378418920947
15249,0.0,32,True,0.27563628181409083
15250,3.0,33,False,0.275588779438972
15251,2.0,49,True,0.27554127706385323
15252,3.0,56,False,0.2754937746887345
15253,3.0,57,False,0.27544627231361574
15254,3.0,42,False,0.275398769938497
15255,0.0,12,True,0.27535126756337824
15256,0.0,6,True,0.2753037651882595
15257,3.0,58,False,0.27525626281314064
15258,3.0,36,False,0.2752087604380219
15259,0.0,11,True,0.27516125806290315
15260,3.0,31,False,0.2751137556877844
15261,0.0,5,True,0.27506625331266565
15262,3.0,37,False,0.2750187509375469
15263,0.0,5,True,0.27497124856242816
15264,3.0,44,False,0.2749237461873093
15265,0.0,17,True,0.27487624381219056
15266,3.0,63,False,0.2748287414370719
15267,0.0,2,True,0.2747812390619532
15268,0.0,24,True,0.27473373668683443
15269,0.0,4,True,0.2746862343117157
15270,2.0,82,True,0.27463873193659694
15271,0.0,5,True,0.2745912295614781
15272,3.0,39,False,0.27454372718635933
15273,1.0,37,True,0.2744962248112406
15274,3.0,34,False,0.27444872243612184
15275,0.0,12,True,0.2744012200610031
15276,0.0,35,True,0.27435371768588435
15277,0.0,15,True,0.2743062153107656
15278,2.0,51,True,0.27425871293564674
15279,3.0,71,False,0.274211210560528
15280,3.0,51,False,0.27416370818540925
15281,2.0,51,True,0.2741162058102905
15282,0.0,32,True,0.27406870343517176
15283,3.0,39,False,0.274021201060053
15284,0.0,8,True,0.2739736986849344
15285,3.0,49,False,0.2739261963098155
15286,0.0,6,True,0.27387869393469677
15287,3.0,31,False,0.273831191559578
15288,3.0,137,False,0.2737836891844593
15289,3.0,45,False,0.27373618680934053
15290,3.0,48,False,0.2736886844342218
15291,3.0,33,False,0.27364118205910304
15292,3.0,25,False,0.2735936796839842
15293,1.0,48,True,0.27354617730886543
15294,3.0,51,False,0.2734986749337467
15295,3.0,39,False,0.27345117255862794
15296,0.0,7,True,0.2734036701835092
15297,0.0,2,True,0.27335616780839045
15298,0.0,9,True,0.2733086654332717
15299,0.0,24,True,0.27326116305815285
15300,0.0,16,True,0.2732136606830341
15301,0.0,9,True,0.27316615830791546
15302,0.0,3,True,0.2731186559327967
15303,0.0,11,True,0.27307115355767797
15304,0.0,86,True,0.2730236511825592
15305,0.0,15,True,0.2729761488074405
15306,3.0,35,False,0.2729286464323216
15307,0.0,8,True,0.2728811440572029
15308,0.0,6,True,0.2728336416820841
15309,2.0,42,True,0.2727861393069654
15310,3.0,48,False,0.27273863693184663
15311,0.0,17,True,0.2726911345567279
15312,0.0,4,True,0.27264363218160914
15313,3.0,64,False,0.2725961298064903
15314,3.0,57,False,0.27254862743137154
15315,0.0,25,True,0.2725011250562528
15316,0.0,43,True,0.27245362268113404
15317,0.0,47,True,0.2724061203060153
15318,3.0,33,False,0.27235861793089655
15319,0.0,5,True,0.2723111155557779
15320,3.0,58,False,0.27226361318065906
15321,0.0,66,True,0.2722161108055403
15322,0.0,9,True,0.27216860843042157
15323,0.0,7,True,0.2721211060553028
15324,3.0,76,False,0.2720736036801841
15325,3.0,51,False,0.2720261013050653
15326,3.0,50,False,0.2719785989299466
15327,0.0,12,True,0.2719310965548277
15328,3.0,37,False,0.271883594179709
15329,0.0,18,True,0.27183609180459023
15330,3.0,42,False,0.2717885894294715
15331,3.0,43,False,0.27174108705435274
15332,3.0,35,False,0.271693584679234
15333,3.0,58,False,0.27164608230411524
15334,0.0,7,True,0.2715985799289964
15335,3.0,38,False,0.27155107755387764
15336,2.0,55,True,0.271503575178759
15337,0.0,10,True,0.27145607280364026
15338,0.0,8,True,0.2714085704285215
15339,3.0,37,False,0.27136106805340277
15340,3.0,35,False,0.271313565678284
15341,0.0,4,True,0.27126606330316516
15342,0.0,5,True,0.2712185609280464
15343,3.0,71,False,0.27117105855292767
15344,0.0,7,True,0.2711235561778089
15345,3.0,49,False,0.2710760538026902
15346,3.0,38,False,0.27102855142757143
15347,0.0,11,True,0.2709810490524527
15348,2.0,47,True,0.2709335466773338
15349,0.0,23,True,0.2708860443022151
15350,3.0,42,False,0.27083854192709633
15351,3.0,64,False,0.2707910395519776
15352,0.0,9,True,0.27074353717685884
15353,3.0,36,False,0.2706960348017401
15354,3.0,39,False,0.27064853242662146
15355,3.0,62,False,0.2706010300515026
15356,3.0,36,False,0.27055352767638385
15357,3.0,32,False,0.2705060253012651
15358,3.0,41,False,0.27045852292614636
15359,3.0,31,False,0.2704110205510276
15360,2.0,52,True,0.27036351817590887
15361,0.0,28,True,0.2703160158007901
15362,0.0,7,True,0.2702685134256714
15363,3.0,101,False,0.2702210110505525
15364,0.0,8,True,0.27017350867543377
15365,0.0,7,True,0.270126006300315
15366,3.0,44,False,0.2700785039251963
15367,0.0,7,True,0.27003100155007753
15368,0.0,35,True,0.2699834991749588
15369,0.0,3,True,0.26993599679984004
15370,0.0,6,True,0.2698884944247212
15371,3.0,29,False,0.26984099204960255
15372,0.0,11,True,0.2697934896744838
15373,3.0,78,False,0.26974598729936505
15374,0.0,11,True,0.2696984849242463
15375,3.0,86,False,0.26965098254912756
15376,0.0,14,True,0.2696034801740088
15377,3.0,46,False,0.26955597779888996
15378,0.0,39,True,0.2695084754237712
15379,0.0,42,True,0.26946097304865246
15380,3.0,37,False,0.2694134706735337
15381,3.0,42,False,0.26936596829841497
15382,3.0,59,False,0.2693184659232962
15383,0.0,38,True,0.2692709635481775
15384,1.0,76,True,0.2692234611730586
15385,3.0,39,False,0.2691759587979399
15386,3.0,36,False,0.2691284564228211
15387,3.0,46,False,0.2690809540477024
15388,3.0,30,False,0.26903345167258363
15389,3.0,47,False,0.268985949297465
15390,3.0,44,False,0.26893844692234625
15391,3.0,65,False,0.2688909445472274
15392,3.0,48,False,0.26884344217210865
15393,0.0,10,True,0.2687959397969899
15394,0.0,9,True,0.26874843742187116
15395,3.0,73,False,0.2687009350467524
15396,0.0,31,True,0.26865343267163366
15397,3.0,44,False,0.2686059302965149
15398,3.0,54,False,0.26855842792139606
15399,3.0,56,False,0.2685109255462773
15400,0.0,26,True,0.26846342317115857
15401,0.0,6,True,0.2684159207960398
15402,0.0,6,True,0.2683684184209211
15403,0.0,25,True,0.2683209160458023
15404,1.0,68,True,0.2682734136706836
15405,0.0,5,True,0.2682259112955647
15406,0.0,51,True,0.2681784089204461
15407,3.0,56,False,0.26813090654532734
15408,3.0,55,False,0.2680834041702086
15409,0.0,13,True,0.26803590179508985
15410,0.0,9,True,0.2679883994199711
15411,0.0,31,True,0.26794089704485236
15412,3.0,79,False,0.2678933946697335
15413,3.0,51,False,0.26784589229461475
15414,0.0,22,True,0.267798389919496
15415,0.0,10,True,0.26775088754437726
15416,0.0,14,True,0.2677033851692585
15417,3.0,52,False,0.26765588279413977
15418,3.0,46,False,0.267608380419021
15419,0.0,24,True,0.26756087804390216
15420,0.0,7,True,0.2675133756687834
15421,0.0,11,True,0.26746587329366467
15422,3.0,61,False,0.2674183709185459
15423,3.0,44,False,0.2673708685434272
15424,3.0,38,False,0.26732336616830854
15425,3.0,42,False,0.2672758637931898
15426,3.0,55,False,0.26722836141807094
15427,3.0,57,False,0.2671808590429522
15428,0.0,7,True,0.26713335666783344
15429,2.0,34,True,0.2670858542927147
15430,3.0,39,False,0.26703835191759595
15431,2.0,36,True,0.2669908495424772
15432,0.0,25,True,0.26694334716735846
15433,0.0,9,True,0.2668958447922396
15434,3.0,44,False,0.26684834241712085
15435,0.0,10,True,0.2668008400420021
15436,3.0,39,False,0.26675333766688336
15437,3.0,50,False,0.2667058352917646
15438,0.0,32,True,0.26665833291664587
15439,0.0,40,True,0.2666108305415271
15440,3.0,33,False,0.26656332816640826
15441,0.0,20,True,0.26651582579128963
15442,0.0,5,True,0.2664683234161709
15443,3.0,67,False,0.26642082104105214
15444,1.0,113,True,0.2663733186659334
15445,0.0,17,True,0.26632581629081464
15446,3.0,103,False,0.2662783139156959
15447,3.0,75,False,0.26623081154057704
15448,0.0,19,True,0.2661833091654583
15449,3.0,35,False,0.26613580679033955
15450,3.0,50,False,0.2660883044152208
15451,0.0,52,True,0.26604080204010205
15452,0.0,8,True,0.2659932996649833
15453,0.0,18,True,0.26594579728986456
15454,3.0,58,False,0.2658982949147457
15455,0.0,25,True,0.26585079253962696
15456,3.0,61,False,0.2658032901645082
15457,3.0,34,False,0.26575578778938946
15458,3.0,83,False,0.2657082854142707
15459,3.0,64,False,0.2656607830391521
15460,1.0,76,True,0.26561328066403334
15461,3.0,55,False,0.2655657782889145
15462,3.0,36,False,0.26551827591379573
15463,0.0,18,True,0.265470773538677
15464,0.0,6,True,0.26542327116355824
15465,3.0,36,False,0.2653757687884395
15466,0.0,21,True,0.26532826641332075
15467,2.0,45,True,0.265280764038202
15468,0.0,43,True,0.26523326166308314
15469,0.0,17,True,0.2651857592879644
15470,3.0,46,False,0.26513825691284565
15471,3.0,36,False,0.2650907545377269
15472,2.0,48,True,0.26504325216260816
15473,3.0,52,False,0.2649957497874894
15474,3.0,72,False,0.26494824741237066
15475,0.0,17,True,0.2649007450372518
15476,0.0,8,True,0.26485324266213317
15477,3.0,85,False,0.2648057402870144
15478,3.0,42,False,0.2647582379118957
15479,3.0,55,False,0.26471073553677693
15480,3.0,34,False,0.2646632331616582
15481,0.0,8,True,0.26461573078653944
15482,3.0,32,False,0.2645682284114206
15483,0.0,12,True,0.26452072603630183
15484,2.0,54,True,0.2644732236611831
15485,3.0,92,False,0.26442572128606434
15486,0.0,30,True,0.2643782189109456
15487,1.0,28,True,0.26433071653582685
15488,2.0,58,True,0.2642832141607081
15489,2.0,50,True,0.26423571178558924
15490,3.0,76,False,0.2641882094104705
15491,3.0,72,False,0.26414070703535175
15492,3.0,33,False,0.264093204660233
15493,0.0,15,True,0.26404570228511426
15494,0.0,36,True,0.2639981999099956
15495,3.0,63,False,0.2639506975348769
15496,3.0,89,False,0.263903195159758
15497,0.0,14,True,0.2638556927846393
15498,3.0,50,False,0.2638081904095205
15499,0.0,21,True,0.2637606880344018
15500,0.0,15,True,0.26371318565928303
15501,0.0,22,True,0.2636656832841643
15502,3.0,41,False,0.26361818090904554
15503,3.0,37,False,0.2635706785339267
15504,2.0,102,True,0.26352317615880794
15505,0.0,28,True,0.2634756737836892
15506,0.0,5,True,0.26342817140857044
15507,3.0,34,False,0.2633806690334517
15508,1.0,41,True,0.26333316665833295
15509,3.0,77,False,0.2632856642832142
15510,0.0,5,True,0.26323816190809535
15511,0.0,20,True,0.2631906595329767
15512,3.0,88,False,0.26314315715785797
15513,3.0,35,False,0.2630956547827392
15514,0.0,26,True,0.2630481524076205
15515,0.0,22,True,0.2630006500325017
15516,0.0,8,True,0.262953147657383
15517,0.0,12,True,0.2629056452822641
15518,3.0,35,False,0.2628581429071454
15519,0.0,5,True,0.26281064053202663
15520,3.0,41,False,0.2627631381569079
15521,3.0,39,False,0.26271563578178914
15522,0.0,6,True,0.2626681334066704
15523,3.0,54,False,0.26262063103155164
15524,0.0,4,True,0.2625731286564328
15525,0.0,24,True,0.26252562628131404
15526,3.0,47,False,0.2624781239061953
15527,1.0,22,True,0.26243062153107655
15528,3.0,70,False,0.2623831191559578
15529,3.0,49,False,0.26233561678083916
15530,0.0,11,True,0.2622881144057204
15531,0.0,11,True,0.26224061203060156
15532,3.0,57,False,0.2621931096554828
15533,3.0,43,False,0.26214560728036407
15534,3.0,44,False,0.2620981049052453
15535,3.0,54,False,0.2620506025301266
15536,3.0,46,False,0.26200310015500783
15537,0.0,14,True,0.2619555977798891
15538,3.0,40,False,0.2619080954047702
15539,3.0,48,False,0.2618605930296515
15540,0.0,8,True,0.26181309065453273
15541,0.0,15,True,0.261765588279414
15542,3.0,50,False,0.26171808590429524
15543,3.0,53,False,0.2616705835291765
15544,0.0,10,True,0.26162308115405775
15545,3.0,32,False,0.2615755787789389
15546,3.0,54,False,0.26152807640382025
15547,3.0,46,False,0.2614805740287015
15548,3.0,35,False,0.26143307165358276
15549,3.0,36,False,0.261385569278464
15550,3.0,36,False,0.26133806690334527
15551,3.0,49,False,0.2612905645282265
15552,0.0,29,True,0.26124306215310766
15553,2.0,49,True,0.2611955597779889
15554,2.0,57,True,0.26114805740287017
15555,3.0,62,False,0.2611005550277514
15556,3.0,41,False,0.2610530526526327
15557,0.0,23,True,0.26100555027751393
15558,0.0,4,True,0.2609580479023952
15559,0.0,18,True,0.2609105455272763
15560,2.0,55,True,0.2608630431521576
15561,3.0,30,False,0.26081554077703883
15562,3.0,40,False,0.2607680384019201
15563,3.0,75,False,0.26072053602680134
15564,3.0,39,False,0.2606730336516827
15565,3.0,55,False,0.26062553127656396
15566,0.0,5,True,0.2605780289014451
15567,2.0,61,True,0.26053052652632636
15568,3.0,43,False,0.2604830241512076
15569,3.0,33,False,0.26043552177608886
15570,0.0,7,True,0.2603880194009701
15571,0.0,17,True,0.26034051702585137
15572,3.0,92,False,0.2602930146507326
15573,3.0,56,False,0.26024551227561377
15574,0.0,7,True,0.260198009900495
15575,2.0,45,True,0.2601505075253763
15576,3.0,42,False,0.2601030051502575
15577,3.0,62,False,0.2600555027751388
15578,2.0,45,True,0.26000800040002003
15579,0.0,3,True,0.2599604980249013
15580,3.0,60,False,0.25991299564978243
15581,3.0,33,False,0.2598654932746638
15582,2.0,62,True,0.25981799089954505
15583,0.0,5,True,0.2597704885244263
15584,0.0,6,True,0.25972298614930756
15585,0.0,25,True,0.2596754837741888
15586,0.0,41,True,0.25962798139907006
15587,3.0,59,False,0.2595804790239512
15588,3.0,58,False,0.25953297664883246
15589,3.0,44,False,0.2594854742737137
15590,3.0,54,False,0.25943797189859497
15591,3.0,45,False,0.2593904695234762
15592,0.0,30,True,0.2593429671483575
15593,3.0,38,False,0.2592954647732387
15594,0.0,11,True,0.25924796239811987
15595,0.0,14,True,0.2592004600230011
15596,1.0,29,True,0.2591529576478824
15597,2.0,39,True,0.25910545527276363
15598,0.0,26,True,0.2590579528976449
15599,0.0,33,True,0.25901045052252625
15600,0.0,3,True,0.2589629481474075
15601,0.0,9,True,0.25891544577228864
15602,0.0,18,True,0.2588679433971699
15603,0.0,23,True,0.25882044102205115
15604,0.0,14,True,0.2587729386469324
15605,0.0,6,True,0.25872543627181366
15606,0.0,15,True,0.2586779338966949
15607,3.0,37,False,0.25863043152157617
15608,3.0,40,False,0.2585829291464573
15609,3.0,41,False,0.25853542677133856
15610,3.0,42,False,0.2584879243962198
15611,3.0,50,False,0.25844042202110107
15612,2.0,36,True,0.2583929196459823
15613,0.0,6,True,0.2583454172708636
15614,0.0,6,True,0.25829791489574483
15615,3.0,68,False,0.25825041252062597
15616,2.0,66,True,0.25820291014550734
15617,3.0,36,False,0.2581554077703886
15618,3.0,53,False,0.25810790539526984
15619,3.0,63,False,0.2580604030201511
15620,0.0,17,True,0.25801290064503235
15621,3.0,47,False,0.2579653982699136
15622,0.0,8,True,0.25791789589479475
15623,2.0,36,True,0.257870393519676
15624,0.0,21,True,0.25782289114455725
15625,0.0,10,True,0.2577753887694385
15626,3.0,50,False,0.25772788639431976
15627,3.0,58,False,0.257680384019201
15628,3.0,46,False,0.25763288164408227
15629,3.0,39,False,0.2575853792689634
15630,3.0,48,False,0.25753787689384466
15631,0.0,24,True,0.2574903745187259
15632,3.0,51,False,0.25744287214360717
15633,0.0,18,True,0.2573953697684884
15634,0.0,19,True,0.2573478673933698
15635,2.0,51,True,0.25730036501825104
15636,0.0,7,True,0.2572528626431322
15637,3.0,49,False,0.25720536026801344
15638,3.0,40,False,0.2571578578928947
15639,2.0,60,True,0.25711035551777595
15640,2.0,94,True,0.2570628531426572
15641,2.0,79,True,0.25701535076753845
15642,3.0,90,False,0.2569678483924197
15643,3.0,43,False,0.25692034601730085
15644,3.0,59,False,0.2568728436421821
15645,3.0,48,False,0.25682534126706336
15646,0.0,35,True,0.2567778388919446
15647,3.0,52,False,0.25673033651682586
15648,0.0,6,True,0.2566828341417071
15649,0.0,16,True,0.25663533176658837
15650,2.0,50,True,0.2565878293914695
15651,3.0,39,False,0.2565403270163509
15652,3.0,49,False,0.25649282464123213
15653,3.0,32,False,0.2564453222661134
15654,0.0,6,True,0.25639781989099464
15655,0.0,4,True,0.2563503175158759
15656,3.0,25,False,0.25630281514075715
15657,1.0,46,True,0.2562553127656383
15658,2.0,38,True,0.25620781039051954
15659,3.0,47,False,0.2561603080154008
15660,2.0,50,True,0.25611280564028205
15661,3.0,35,False,0.2560653032651633
15662,0.0,4,True,0.25601780089004456
15663,3.0,37,False,0.2559702985149258
15664,3.0,40,False,0.25592279613980695
15665,3.0,43,False,0.2558752937646882
15666,2.0,83,True,0.25582779138956946
15667,0.0,22,True,0.2557802890144507
15668,3.0,51,False,0.25573278663933197
15669,0.0,8,True,0.25568528426421333
15670,0.0,7,True,0.2556377818890946
15671,3.0,30,False,0.2555902795139757
15672,3.0,77,False,0.255542777138857
15673,0.0,5,True,0.25549527476373823
15674,2.0,31,True,0.2554477723886195
15675,3.0,48,False,0.25540027001350074
15676,3.0,39,False,0.255352767638382
15677,3.0,41,False,0.25530526526326325
15678,0.0,13,True,0.2552577628881444
15679,0.0,9,True,0.25521026051302564
15680,3.0,51,False,0.2551627581379069
15681,0.0,2,True,0.25511525576278815
15682,2.0,61,True,0.2550677533876694
15683,1.0,34,True,0.25502025101255066
15684,3.0,65,False,0.2549727486374319
15685,3.0,53,False,0.25492524626231305
15686,0.0,21,True,0.2548777438871944
15687,0.0,5,True,0.2548302415120757
15688,3.0,30,False,0.2547827391369569
15689,0.0,54,True,0.2547352367618382
15690,0.0,5,True,0.25468773438671943
15691,0.0,12,True,0.2546402320116007
15692,3.0,40,False,0.25459272963648183
15693,0.0,7,True,0.2545452272613631
15694,0.0,6,True,0.25449772488624434
15695,2.0,45,True,0.2544502225111256
15696,0.0,10,True,0.25440272013600684
15697,0.0,8,True,0.2543552177608881
15698,3.0,25,False,0.25430771538576935
15699,0.0,5,True,0.2542602130106505
15700,0.0,44,True,0.25421271063553175
15701,3.0,49,False,0.254165208260413
15702,2.0,80,True,0.25411770588529425
15703,3.0,43,False,0.2540702035101755
15704,3.0,47,False,0.25402270113505687
15705,3.0,33,False,0.2539751987599381
15706,0.0,12,True,0.25392769638481927
15707,3.0,33,False,0.2538801940097005
15708,0.0,13,True,0.2538326916345818
15709,3.0,44,False,0.25378518925946303
15710,0.0,10,True,0.2537376868843443
15711,0.0,15,True,0.25369018450922554
15712,3.0,53,False,0.2536426821341068
15713,3.0,48,False,0.25359517975898793
15714,2.0,51,True,0.2535476773838692
15715,3.0,68,False,0.25350017500875044
15716,3.0,34,False,0.2534526726336317
15717,3.0,39,False,0.25340517025851295
15718,0.0,8,True,0.2533576678833942
15719,3.0,48,False,0.25331016550827545
15720,0.0,10,True,0.2532626631331566
15721,3.0,87,False,0.25321516075803796
15722,3.0,44,False,0.2531676583829192
15723,2.0,23,True,0.25312015600780047
15724,3.0,48,False,0.2530726536326817
15725,3.0,42,False,0.253025151257563
15726,0.0,7,True,0.25297764888244423
15727,3.0,37,False,0.25293014650732537
15728,1.0,32,True,0.2528826441322066
15729,3.0,41,False,0.2528351417570879
15730,3.0,45,False,0.25278763938196913
15731,3.0,61,False,0.2527401370068504
15732,0.0,13,True,0.25269263463173164
15733,3.0,27,False,0.2526451322566129
15734,0.0,56,True,0.25259762988149403
15735,0.0,10,True,0.2525501275063753
15736,0.0,7,True,0.25250262513125654
15737,3.0,36,False,0.2524551227561378
15738,3.0,92,False,0.25240762038101905
15739,0.0,32,True,0.2523601180059004
15740,3.0,72,False,0.25231261563078167
15741,3.0,45,False,0.2522651132556628
15742,3.0,51,False,0.25221761088054406
15743,0.0,29,True,0.2521701085054253
15744,0.0,6,True,0.25212260613030657
15745,3.0,31,False,0.2520751037551878
15746,3.0,30,False,0.2520276013800691
15747,3.0,35,False,0.25198009900495033
15748,2.0,70,True,0.2519325966298315
15749,0.0,23,True,0.2518850942547127
15750,3.0,58,False,0.251837591879594
15751,3.0,40,False,0.25179008950447523
15752,3.0,30,False,0.2517425871293565
15753,3.0,59,False,0.25169508475423774
15754,3.0,58,False,0.251647582379119
15755,0.0,16,True,0.25160008000400014
15756,0.0,15,True,0.2515525776288815
15757,0.0,8,True,0.25150507525376276
15758,3.0,29,False,0.251457572878644
15759,3.0,56,False,0.25141007050352526
15760,0.0,32,True,0.2513625681284065
15761,3.0,57,False,0.25131506575328777
15762,2.0,68,True,0.2512675633781689
15763,3.0,48,False,0.25122006100305017
15764,3.0,39,False,0.2511725586279314
15765,2.0,44,True,0.2511250562528127
15766,3.0,54,False,0.2510775538776939
15767,3.0,36,False,0.2510300515025752
15768,3.0,28,False,0.25098254912745643
15769,2.0,71,True,0.2509350467523376
15770,0.0,3,True,0.25088754437721883
15771,0.0,21,True,0.2508400420021001
15772,3.0,28,False,0.25079253962698134
15773,0.0,5,True,0.2507450372518626
15774,0.0,7,True,0.25069753487674395
15775,0.0,8,True,0.2506500325016252
15776,0.0,6,True,0.25060253012650635
15777,3.0,55,False,0.2505550277513876
15778,0.0,9,True,0.25050752537626886
15779,3.0,57,False,0.2504600230011501
15780,3.0,96,False,0.25041252062603137
15781,2.0,54,True,0.2503650182509126
15782,0.0,9,True,0.2503175158757939
15783,1.0,39,True,0.250270013500675
15784,0.0,13,True,0.25022251112555627
15785,3.0,48,False,0.2501750087504375
15786,3.0,37,False,0.2501275063753188
15787,2.0,60,True,0.25008000400020003
15788,0.0,15,True,0.2500325016250813
15789,2.0,45,True,0.24998499924996254
15790,3.0,57,False,0.24993749687484368
15791,0.0,2,True,0.24988999449972504
15792,0.0,13,True,0.2498424921246063
15793,2.0,50,True,0.24979498974948755
15794,3.0,60,False,0.2497474873743688
15795,3.0,56,False,0.24969998499925006
15796,3.0,37,False,0.2496524826241313
15797,3.0,56,False,0.24960498024901245
15798,3.0,40,False,0.2495574778738937
15799,1.0,40,True,0.24950997549877496
15800,0.0,3,True,0.24946247312365621
15801,0.0,20,True,0.24941497074853747
15802,2.0,98,True,0.24936746837341872
15803,3.0,36,False,0.24931996599829997
15804,3.0,34,False,0.24927246362318112
15805,0.0,5,True,0.24922496124806237
15806,0.0,26,True,0.24917745887294362
15807,3.0,44,False,0.24912995649782488
15808,3.0,59,False,0.24908245412270613
15809,3.0,29,False,0.2490349517475875
15810,0.0,16,True,0.24898744937246875
15811,0.0,5,True,0.2489399469973499
15812,3.0,58,False,0.24889244462223115
15813,3.0,36,False,0.2488449422471124
15814,3.0,46,False,0.24879743987199365
15815,3.0,49,False,0.2487499374968749
15816,2.0,41,True,0.24870243512175616
15817,3.0,54,False,0.2486549327466374
15818,3.0,35,False,0.24860743037151856
15819,0.0,20,True,0.2485599279963998
15820,0.0,29,True,0.24851242562128106
15821,0.0,5,True,0.24846492324616232
15822,3.0,42,False,0.24841742087104357
15823,2.0,23,True,0.24836991849592482
15824,0.0,4,True,0.24832241612080608
15825,3.0,74,False,0.24827491374568722
15826,0.0,28,True,0.24822741137056858
15827,2.0,34,True,0.24817990899544984
15828,3.0,41,False,0.2481324066203311
15829,3.0,42,False,0.24808490424521235
15830,0.0,6,True,0.2480374018700936
15831,0.0,29,True,0.24798989949497485
15832,2.0,46,True,0.247942397119856
15833,0.0,24,True,0.24789489474473725
15834,2.0,43,True,0.2478473923696185
15835,0.0,16,True,0.24779988999449976
15836,3.0,43,False,0.247752387619381
15837,3.0,31,False,0.24770488524426226
15838,0.0,30,True,0.24765738286914352
15839,0.0,15,True,0.24760988049402466
15840,0.0,3,True,0.2475623781189059
15841,3.0,60,False,0.24751487574378717
15842,3.0,87,False,0.24746737336866842
15843,3.0,61,False,0.24741987099354967
15844,3.0,40,False,0.24737236861843104
15845,0.0,15,True,0.2473248662433123
15846,3.0,55,False,0.24727736386819343
15847,0.0,11,True,0.2472298614930747
15848,1.0,43,True,0.24718235911795594
15849,0.0,22,True,0.2471348567428372
15850,3.0,62,False,0.24708735436771845
15851,3.0,54,False,0.2470398519925997
15852,3.0,41,False,0.24699234961748096
15853,0.0,9,True,0.2469448472423621
15854,0.0,19,True,0.24689734486724335
15855,1.0,57,True,0.2468498424921246
15856,0.0,37,True,0.24680234011700586
15857,1.0,67,True,0.2467548377418871
15858,3.0,50,False,0.24670733536676837
15859,0.0,18,True,0.24665983299164962
15860,3.0,66,False,0.24661233061653076
15861,3.0,67,False,0.24656482824141213
15862,3.0,65,False,0.24651732586629338
15863,0.0,8,True,0.24646982349117463
15864,0.0,34,True,0.2464223211160559
15865,0.0,10,True,0.24637481874093714
15866,0.0,18,True,0.2463273163658184
15867,3.0,46,False,0.24627981399069954
15868,2.0,36,True,0.2462323116155808
15869,0.0,7,True,0.24618480924046204
15870,2.0,60,True,0.2461373068653433
15871,0.0,15,True,0.24608980449022455
15872,0.0,14,True,0.2460423021151058
15873,3.0,40,False,0.24599479973998706
15874,3.0,90,False,0.2459472973648682
15875,3.0,41,False,0.24589979498974945
15876,3.0,33,False,0.2458522926146307
15877,3.0,60,False,0.24580479023951196
15878,0.0,27,True,0.24575728786439321
15879,3.0,60,False,0.24570978548927458
15880,2.0,42,True,0.24566228311415583
15881,0.0,18,True,0.24561478073903698
15882,0.0,25,True,0.24556727836391823
15883,3.0,42,False,0.24551977598879948
15884,3.0,47,False,0.24547227361368074
15885,0.0,6,True,0.245424771238562
15886,0.0,9,True,0.24537726886344324
15887,0.0,15,True,0.2453297664883245
15888,3.0,67,False,0.24528226411320564
15889,2.0,86,True,0.2452347617380869
15890,3.0,47,False,0.24518725936296815
15891,3.0,57,False,0.2451397569878494
15892,3.0,72,False,0.24509225461273065
15893,2.0,37,True,0.2450447522376119
15894,0.0,48,True,0.24499724986249316
15895,3.0,46,False,0.2449497474873743
15896,0.0,32,True,0.24490224511225567
15897,0.0,31,True,0.24485474273713692
15898,3.0,34,False,0.24480724036201817
15899,3.0,58,False,0.24475973798689943
15900,2.0,46,True,0.24471223561178068
15901,3.0,80,False,0.24466473323666194
15902,3.0,37,False,0.24461723086154308
15903,3.0,42,False,0.24456972848642433
15904,0.0,20,True,0.24452222611130559
15905,2.0,60,True,0.24447472373618684
15906,0.0,62,True,0.2444272213610681
15907,0.0,5,True,0.24437971898594935
15908,0.0,9,True,0.2443322166108306
15909,3.0,25,False,0.24428471423571174
15910,3.0,44,False,0.244237211860593
15911,3.0,89,False,0.24418970948547425
15912,3.0,33,False,0.2441422071103555
15913,3.0,53,False,0.24409470473523676
15914,3.0,51,False,0.24404720236011812
15915,3.0,49,False,0.24399969998499937
15916,2.0,64,True,0.24395219760988052
15917,0.0,9,True,0.24390469523476177
15918,0.0,2,True,0.24385719285964302
15919,3.0,74,False,0.24380969048452428
15920,0.0,16,True,0.24376218810940553
15921,0.0,28,True,0.24371468573428678
15922,3.0,66,False,0.24366718335916804
15923,3.0,31,False,0.24361968098404918
15924,3.0,36,False,0.24357217860893043
15925,3.0,38,False,0.2435246762338117
15926,3.0,39,False,0.24347717385869294
15927,3.0,66,False,0.2434296714835742
15928,3.0,39,False,0.24338216910845545
15929,3.0,48,False,0.2433346667333367
15930,3.0,62,False,0.24328716435821784
15931,3.0,40,False,0.2432396619830992
15932,3.0,100,False,0.24319215960798046
15933,0.0,20,True,0.24314465723286172
15934,0.0,4,True,0.24309715485774297
15935,3.0,51,False,0.24304965248262422
15936,0.0,7,True,0.24300215010750548
15937,0.0,7,True,0.24295464773238662
15938,3.0,38,False,0.24290714535726787
15939,3.0,57,False,0.24285964298214913
15940,0.0,33,True,0.24281214060703038
15941,3.0,66,False,0.24276463823191163
15942,3.0,44,False,0.2427171358567929
15943,0.0,15,True,0.24266963348167414
15944,3.0,52,False,0.24262213110655528
15945,2.0,54,True,0.24257462873143654
15946,0.0,55,True,0.2425271263563178
15947,0.0,5,True,0.24247962398119904
15948,3.0,58,False,0.2424321216060803
15949,0.0,8,True,0.24238461923096166
15950,3.0,42,False,0.24233711685584292
15951,0.0,27,True,0.24228961448072406
15952,0.0,2,True,0.2422421121056053
15953,2.0,51,True,0.24219460973048657
15954,2.0,32,True,0.24214710735536782
15955,2.0,87,True,0.24209960498024907
15956,0.0,8,True,0.24205210260513033
15957,3.0,62,False,0.24200460023001158
15958,0.0,20,True,0.24195709785489272
15959,0.0,3,True,0.24190959547977398
15960,3.0,46,False,0.24186209310465523
15961,3.0,55,False,0.24181459072953648
15962,1.0,55,True,0.24176708835441774
15963,3.0,79,False,0.241719585979299
15964,0.0,7,True,0.24167208360418024
15965,2.0,80,True,0.24162458122906139
15966,1.0,48,True,0.24157707885394275
15967,3.0,70,False,0.241529576478824
15968,3.0,56,False,0.24148207410370526
15969,3.0,42,False,0.2414345717285865
15970,0.0,4,True,0.24138706935346776
15971,0.0,7,True,0.24133956697834902
15972,1.0,85,True,0.24129206460323016
15973,3.0,58,False,0.24124456222811141
15974,0.0,10,True,0.24119705985299267
15975,0.0,5,True,0.24114955747787392
15976,0.0,5,True,0.24110205510275518
15977,0.0,5,True,0.24105455272763643
15978,0.0,8,True,0.24100705035251768
15979,0.0,3,True,0.24095954797739882
15980,2.0,105,True,0.24091204560228008
15981,3.0,66,False,0.24086454322716133
15982,3.0,75,False,0.24081704085204259
15983,3.0,35,False,0.24076953847692384
15984,3.0,47,False,0.2407220361018052
15985,0.0,21,True,0.24067453372668646
15986,0.0,11,True,0.2406270313515676
15987,3.0,56,False,0.24057952897644885
15988,0.0,4,True,0.2405320266013301
15989,2.0,82,True,0.24048452422621136
15990,0.0,29,True,0.2404370218510926
15991,3.0,54,False,0.24038951947597387
15992,0.0,17,True,0.24034201710085512
15993,0.0,28,True,0.24029451472573626
15994,1.0,46,True,0.24024701235061752
15995,0.0,22,True,0.24019950997549877
15996,0.0,10,True,0.24015200760038002
15997,3.0,33,False,0.24010450522526128
15998,0.0,9,True,0.24005700285014253
15999,3.0,84,False,0.24000950047502378
16000,3.0,67,False,0.23996199809990493
16001,0.0,22,True,0.2399144957247863
16002,1.0,31,True,0.23986699334966755
16003,0.0,16,True,0.2398194909745488
16004,2.0,41,True,0.23977198859943005
16005,3.0,83,False,0.2397244862243113
16006,0.0,48,True,0.23967698384919256
16007,3.0,36,False,0.2396294814740737
16008,3.0,54,False,0.23958197909895496
16009,0.0,15,True,0.2395344767238362
16010,3.0,28,False,0.23948697434871746
16011,3.0,105,False,0.23943947197359872
16012,3.0,86,False,0.23939196959847997
16013,0.0,22,True,0.23934446722336122
16014,3.0,27,False,0.23929696484824237
16015,3.0,49,False,0.23924946247312362
16016,0.0,58,True,0.23920196009800487
16017,0.0,17,True,0.23915445772288613
16018,2.0,33,True,0.23910695534776738
16019,1.0,31,True,0.23905945297264874
16020,0.0,19,True,0.23901195059753
16021,3.0,86,False,0.23896444822241114
16022,0.0,24,True,0.2389169458472924
16023,3.0,50,False,0.23886944347217365
16024,3.0,57,False,0.2388219410970549
16025,3.0,120,False,0.23877443872193616
16026,0.0,17,True,0.2387269363468174
16027,0.0,13,True,0.23867943397169866
16028,3.0,69,False,0.2386319315965798
16029,0.0,75,True,0.23858442922146106
16030,0.0,24,True,0.2385369268463423
16031,3.0,72,False,0.23848942447122357
16032,3.0,56,False,0.23844192209610482
16033,0.0,20,True,0.23839441972098607
16034,3.0,47,False,0.23834691734586733
16035,3.0,59,False,0.23829941497074847
16036,3.0,52,False,0.23825191259562983
16037,3.0,51,False,0.2382044102205111
16038,3.0,54,False,0.23815690784539234
16039,3.0,49,False,0.2381094054702736
16040,3.0,40,False,0.23806190309515485
16041,3.0,54,False,0.2380144007200361
16042,2.0,39,True,0.23796689834491724
16043,2.0,34,True,0.2379193959697985
16044,0.0,19,True,0.23787189359467975
16045,3.0,76,False,0.237824391219561
16046,3.0,52,False,0.23777688884444226
16047,3.0,43,False,0.2377293864693235
16048,0.0,27,True,0.23768188409420477
16049,3.0,51,False,0.2376343817190859
16050,0.0,6,True,0.23758687934396716
16051,3.0,42,False,0.23753937696884841
16052,0.0,5,True,0.23749187459372967
16053,3.0,46,False,0.23744437221861092
16054,3.0,44,False,0.2373968698434923
16055,0.0,8,True,0.23734936746837354
16056,3.0,48,False,0.23730186509325468
16057,0.0,19,True,0.23725436271813594
16058,2.0,42,True,0.2372068603430172
16059,0.0,20,True,0.23715935796789844
16060,3.0,48,False,0.2371118555927797
16061,0.0,9,True,0.23706435321766095
16062,0.0,5,True,0.2370168508425422
16063,0.0,37,True,0.23696934846742335
16064,3.0,35,False,0.2369218460923046
16065,3.0,58,False,0.23687434371718585
16066,3.0,52,False,0.2368268413420671
16067,3.0,39,False,0.23677933896694836
16068,0.0,13,True,0.23673183659182961
16069,0.0,7,True,0.23668433421671087
16070,0.0,12,True,0.236636831841592
16071,3.0,40,False,0.23658932946647337
16072,3.0,50,False,0.23654182709135463
16073,0.0,12,True,0.23649432471623588
16074,3.0,60,False,0.23644682234111714
16075,0.0,5,True,0.2363993199659984
16076,3.0,34,False,0.23635181759087964
16077,3.0,36,False,0.2363043152157609
16078,0.0,7,True,0.23625681284064204
16079,3.0,42,False,0.2362093104655233
16080,3.0,31,False,0.23616180809040455
16081,3.0,47,False,0.2361143057152858
16082,0.0,22,True,0.23606680334016705
16083,3.0,35,False,0.2360193009650483
16084,3.0,32,False,0.23597179858992956
16085,3.0,41,False,0.2359242962148107
16086,3.0,41,False,0.23587679383969196
16087,3.0,41,False,0.2358292914645732
16088,2.0,77,True,0.23578178908945446
16089,0.0,36,True,0.23573428671433583
16090,3.0,62,False,0.23568678433921708
16091,3.0,35,False,0.23563928196409833
16092,0.0,11,True,0.23559177958897948
16093,3.0,37,False,0.23554427721386073
16094,3.0,43,False,0.23549677483874198
16095,3.0,59,False,0.23544927246362324
16096,3.0,77,False,0.2354017700885045
16097,0.0,17,True,0.23535426771338575
16098,3.0,52,False,0.235306765338267
16099,3.0,72,False,0.23525926296314814
16100,0.0,7,True,0.2352117605880294
16101,3.0,53,False,0.23516425821291065
16102,3.0,30,False,0.2351167558377919
16103,3.0,66,False,0.23506925346267316
16104,0.0,11,True,0.2350217510875544
16105,2.0,50,True,0.23497424871243566
16106,0.0,8,True,0.23492674633731692
16107,3.0,38,False,0.23487924396219817
16108,0.0,26,True,0.23483174158707942
16109,3.0,81,False,0.23478423921196068
16110,3.0,42,False,0.23473673683684193
16111,3.0,83,False,0.23468923446172318
16112,3.0,56,False,0.23464173208660444
16113,3.0,43,False,0.23459422971148558
16114,3.0,24,False,0.23454672733636683
16115,3.0,79,False,0.2344992249612481
16116,0.0,41,True,0.23445172258612934
16117,0.0,39,True,0.2344042202110106
16118,3.0,37,False,0.23435671783589185
16119,0.0,6,True,0.2343092154607731
16120,3.0,42,False,0.23426171308565424
16121,0.0,16,True,0.2342142107105355
16122,3.0,48,False,0.23416670833541675
16123,0.0,4,True,0.234119205960298
16124,1.0,42,True,0.23407170358517937
16125,3.0,81,False,0.23402420121006062
16126,3.0,25,False,0.23397669883494188
16127,0.0,10,True,0.23392919645982302
16128,3.0,90,False,0.23388169408470427
16129,3.0,54,False,0.23383419170958553
16130,2.0,63,True,0.23378668933446678
16131,0.0,4,True,0.23373918695934803
16132,0.0,59,True,0.2336916845842293
16133,0.0,3,True,0.23364418220911054
16134,3.0,33,False,0.23359667983399168
16135,0.0,5,True,0.23354917745887294
16136,0.0,2,True,0.2335016750837542
16137,3.0,37,False,0.23345417270863544
16138,0.0,12,True,0.2334066703335167
16139,3.0,50,False,0.23335916795839795
16140,3.0,33,False,0.2333116655832792
16141,0.0,5,True,0.23326416320816046
16142,2.0,95,True,0.2332166608330417
16143,3.0,43,False,0.23316915845792296
16144,1.0,58,True,0.23312165608280422
16145,0.0,57,True,0.23307415370768547
16146,2.0,118,True,0.23302665133256673
16147,0.0,29,True,0.23297914895744798
16148,3.0,80,False,0.23293164658232912
16149,3.0,56,False,0.23288414420721038
16150,0.0,20,True,0.23283664183209163
16151,0.0,16,True,0.23278913945697288
16152,0.0,7,True,0.23274163708185414
16153,3.0,61,False,0.2326941347067354
16154,3.0,35,False,0.23264663233161664
16155,3.0,35,False,0.23259912995649779
16156,3.0,49,False,0.23255162758137904
16157,3.0,75,False,0.2325041252062603
16158,0.0,30,True,0.23245662283114155
16159,3.0,45,False,0.2324091204560229
16160,0.0,80,True,0.23236161808090416
16161,0.0,15,True,0.23231411570578542
16162,3.0,48,False,0.23226661333066656
16163,3.0,44,False,0.23221911095554781
16164,0.0,7,True,0.23217160858042907
16165,3.0,40,False,0.23212410620531032
16166,3.0,25,False,0.23207660383019157
16167,2.0,35,True,0.23202910145507283
16168,0.0,23,True,0.23198159907995408
16169,0.0,7,True,0.23193409670483522
16170,3.0,38,False,0.23188659432971648
16171,3.0,54,False,0.23183909195459773
16172,1.0,60,True,0.23179158957947898
16173,0.0,11,True,0.23174408720436024
16174,0.0,47,True,0.2316965848292415
16175,3.0,59,False,0.23164908245412275
16176,2.0,73,True,0.231601580079004
16177,0.0,2,True,0.23155407770388525
16178,3.0,33,False,0.2315065753287665
16179,3.0,42,False,0.23145907295364776
16180,0.0,2,True,0.231411570578529
16181,0.0,15,True,0.23136406820341027
16182,0.0,19,True,0.23131656582829152
16183,3.0,40,False,0.23126906345317266
16184,0.0,30,True,0.23122156107805392
16185,3.0,62,False,0.23117405870293517
16186,0.0,25,True,0.23112655632781642
16187,0.0,5,True,0.23107905395269768
16188,0.0,4,True,0.23103155157757893
16189,0.0,11,True,0.23098404920246018
16190,3.0,49,False,0.23093654682734133
16191,3.0,68,False,0.23088904445222258
16192,0.0,5,True,0.23084154207710383
16193,3.0,50,False,0.2307940397019851
16194,0.0,19,True,0.23074653732686645
16195,0.0,21,True,0.2306990349517477
16196,0.0,21,True,0.23065153257662896
16197,3.0,58,False,0.2306040302015101
16198,0.0,9,True,0.23055652782639136
16199,0.0,7,True,0.2305090254512726
16200,0.0,37,True,0.23046152307615386
16201,2.0,51,True,0.23041402070103512
16202,0.0,3,True,0.23036651832591637
16203,0.0,6,True,0.23031901595079762
16204,0.0,25,True,0.23027151357567877
16205,0.0,4,True,0.23022401120056002
16206,3.0,30,False,0.23017650882544127
16207,0.0,8,True,0.23012900645032253
16208,0.0,11,True,0.23008150407520378
16209,3.0,59,False,0.23003400170008503
16210,0.0,3,True,0.2299864993249663
16211,3.0,47,False,0.22993899694984754
16212,3.0,36,False,0.2298914945747288
16213,3.0,29,False,0.22984399219961005
16214,3.0,65,False,0.2297964898244913
16215,3.0,42,False,0.22974898744937255
16216,0.0,17,True,0.2297014850742538
16217,0.0,36,True,0.22965398269913506
16218,3.0,31,False,0.2296064803240162
16219,3.0,41,False,0.22955897794889746
16220,1.0,62,True,0.2295114755737787
16221,0.0,10,True,0.22946397319865997
16222,3.0,47,False,0.22941647082354122
16223,3.0,46,False,0.22936896844842247
16224,0.0,17,True,0.22932146607330373
16225,0.0,47,True,0.22927396369818487
16226,2.0,53,True,0.22922646132306612
16227,3.0,45,False,0.22917895894794738
16228,3.0,44,False,0.22913145657282863
16229,0.0,13,True,0.22908395419771
16230,2.0,68,True,0.22903645182259125
16231,3.0,42,False,0.2289889494474725
16232,3.0,29,False,0.22894144707235364
16233,3.0,53,False,0.2288939446972349
16234,3.0,67,False,0.22884644232211615
16235,0.0,3,True,0.2287989399469974
16236,3.0,92,False,0.22875143757187866
16237,2.0,46,True,0.2287039351967599
16238,3.0,34,False,0.22865643282164116
16239,3.0,69,False,0.2286089304465223
16240,3.0,53,False,0.22856142807140356
16241,0.0,29,True,0.22851392569628481
16242,3.0,35,False,0.22846642332116607
16243,1.0,26,True,0.22841892094604732
16244,3.0,80,False,0.22837141857092857
16245,0.0,14,True,0.22832391619580983
16246,0.0,21,True,0.22827641382069108
16247,0.0,21,True,0.22822891144557234
16248,3.0,46,False,0.2281814090704536
16249,0.0,30,True,0.22813390669533484
16250,0.0,11,True,0.2280864043202161
16251,3.0,46,False,0.22803890194509735
16252,0.0,2,True,0.2279913995699786
16253,3.0,39,False,0.22794389719485975
16254,0.0,5,True,0.227896394819741
16255,3.0,89,False,0.22784889244462225
16256,0.0,2,True,0.2278013900695035
16257,0.0,12,True,0.22775388769438476
16258,3.0,48,False,0.227706385319266
16259,3.0,29,False,0.22765888294414727
16260,0.0,18,True,0.2276113805690284
16261,0.0,22,True,0.22756387819390966
16262,3.0,62,False,0.22751637581879092
16263,0.0,13,True,0.22746887344367217
16264,0.0,37,True,0.22742137106855354
16265,3.0,56,False,0.2273738686934348
16266,3.0,65,False,0.22732636631831604
16267,2.0,53,True,0.22727886394319718
16268,3.0,48,False,0.22723136156807844
16269,2.0,50,True,0.2271838591929597
16270,0.0,20,True,0.22713635681784095
16271,3.0,56,False,0.2270888544427222
16272,3.0,51,False,0.22704135206760345
16273,0.0,17,True,0.2269938496924847
16274,3.0,56,False,0.22694634731736585
16275,0.0,9,True,0.2268988449422471
16276,0.0,18,True,0.22685134256712836
16277,0.0,42,True,0.2268038401920096
16278,3.0,63,False,0.22675633781689086
16279,3.0,42,False,0.22670883544177212
16280,3.0,69,False,0.22666133306665337
16281,3.0,36,False,0.22661383069153462
16282,3.0,96,False,0.22656632831641588
16283,0.0,4,True,0.22651882594129713
16284,0.0,33,True,0.22647132356617838
16285,3.0,50,False,0.22642382119105964
16286,0.0,32,True,0.2263763188159409
16287,3.0,32,False,0.22632881644082214
16288,3.0,33,False,0.2262813140657033
16289,1.0,80,True,0.22623381169058454
16290,3.0,37,False,0.2261863093154658
16291,0.0,20,True,0.22613880694034705
16292,3.0,39,False,0.2260913045652283
16293,3.0,46,False,0.22604380219010956
16294,0.0,5,True,0.2259962998149908
16295,3.0,33,False,0.22594879743987195
16296,3.0,31,False,0.2259012950647532
16297,0.0,2,True,0.22585379268963446
16298,0.0,11,True,0.2258062903145157
16299,0.0,34,True,0.22575878793939708
16300,1.0,55,True,0.22571128556427833
16301,3.0,35,False,0.22566378318915958
16302,3.0,35,False,0.22561628081404073
16303,0.0,24,True,0.22556877843892198
16304,3.0,60,False,0.22552127606380323
16305,3.0,36,False,0.2254737736886845
16306,0.0,26,True,0.22542627131356574
16307,2.0,70,True,0.225378768938447
16308,3.0,88,False,0.22533126656332825
16309,0.0,9,True,0.2252837641882094
16310,0.0,23,True,0.22523626181309064
16311,3.0,68,False,0.2251887594379719
16312,3.0,39,False,0.22514125706285315
16313,3.0,44,False,0.2250937546877344
16314,3.0,46,False,0.22504625231261566
16315,0.0,18,True,0.2249987499374969
16316,3.0,40,False,0.22495124756237816
16317,3.0,98,False,0.22490374518725942
16318,0.0,14,True,0.22485624281214067
16319,0.0,4,True,0.22480874043702193
16320,0.0,4,True,0.22476123806190318
16321,3.0,45,False,0.22471373568678443
16322,3.0,46,False,0.2246662333116657
16323,0.0,33,True,0.22461873093654683
16324,3.0,31,False,0.22457122856142808
16325,0.0,7,True,0.22452372618630934
16326,1.0,50,True,0.2244762238111906
16327,0.0,14,True,0.22442872143607184
16328,1.0,61,True,0.2243812190609531
16329,0.0,24,True,0.22433371668583435
16330,2.0,55,True,0.2242862143107155
16331,0.0,45,True,0.22423871193559675
16332,0.0,19,True,0.224191209560478
16333,3.0,49,False,0.22414370718535925
16334,0.0,6,True,0.22409620481024062
16335,2.0,47,True,0.22404870243512187
16336,3.0,36,False,0.22400120006000313
16337,0.0,3,True,0.22395369768488427
16338,0.0,8,True,0.22390619530976552
16339,3.0,37,False,0.22385869293464677
16340,3.0,45,False,0.22381119055952803
16341,1.0,55,True,0.22376368818440928
16342,0.0,11,True,0.22371618580929054
16343,0.0,34,True,0.2236686834341718
16344,3.0,42,False,0.22362118105905293
16345,3.0,34,False,0.22357367868393418
16346,3.0,51,False,0.22352617630881544
16347,3.0,49,False,0.2234786739336967
16348,3.0,33,False,0.22343117155857795
16349,0.0,26,True,0.2233836691834592
16350,0.0,13,True,0.22333616680834045
16351,3.0,39,False,0.2232886644332217
16352,3.0,53,False,0.22324116205810296
16353,3.0,74,False,0.2231936596829842
16354,3.0,49,False,0.22314615730786547
16355,3.0,90,False,0.22309865493274672
16356,3.0,60,False,0.22305115255762797
16357,3.0,62,False,0.22300365018250923
16358,0.0,6,True,0.22295614780739037
16359,0.0,3,True,0.22290864543227162
16360,0.0,31,True,0.22286114305715288
16361,0.0,23,True,0.22281364068203413
16362,0.0,13,True,0.22276613830691538
16363,3.0,64,False,0.22271863593179664
16364,3.0,69,False,0.2226711335566779
16365,3.0,71,False,0.22262363118155903
16366,3.0,106,False,0.2225761288064403
16367,3.0,24,False,0.22252862643132154
16368,0.0,41,True,0.2224811240562028
16369,2.0,132,True,0.22243362168108416
16370,3.0,44,False,0.2223861193059654
16371,3.0,57,False,0.22233861693084667
16372,2.0,37,True,0.2222911145557278
16373,0.0,55,True,0.22224361218060906
16374,2.0,25,True,0.22219610980549032
16375,0.0,3,True,0.22214860743037157
16376,2.0,68,True,0.22210110505525282
16377,0.0,4,True,0.22205360268013408
16378,2.0,22,True,0.22200610030501533
16379,1.0,64,True,0.22195859792989647
16380,3.0,54,False,0.22191109555477773
16381,3.0,45,False,0.22186359317965898
16382,3.0,77,False,0.22181609080454023
16383,0.0,3,True,0.2217685884294215
16384,0.0,3,True,0.22172108605430274
16385,3.0,46,False,0.221673583679184
16386,0.0,18,True,0.22162608130406525
16387,2.0,63,True,0.2215785789289465
16388,3.0,39,False,0.22153107655382775
16389,0.0,9,True,0.221483574178709
16390,0.0,43,True,0.22143607180359026
16391,3.0,32,False,0.22138856942847152
16392,3.0,37,False,0.22134106705335277
16393,3.0,25,False,0.2212935646782339
16394,3.0,47,False,0.22124606230311517
16395,3.0,29,False,0.22119855992799642
16396,0.0,5,True,0.22115105755287767
16397,3.0,42,False,0.22110355517775893
16398,3.0,51,False,0.22105605280264018
16399,3.0,39,False,0.22100855042752143
16400,3.0,35,False,0.22096104805240258
16401,3.0,36,False,0.22091354567728383
16402,3.0,37,False,0.22086604330216508
16403,3.0,55,False,0.22081854092704634
16404,3.0,43,False,0.2207710385519277
16405,0.0,8,True,0.22072353617680895
16406,3.0,34,False,0.2206760338016902
16407,2.0,35,True,0.22062853142657135
16408,3.0,46,False,0.2205810290514526
16409,0.0,46,True,0.22053352667633386
16410,0.0,18,True,0.2204860243012151
16411,0.0,17,True,0.22043852192609636
16412,3.0,40,False,0.22039101955097762
16413,3.0,44,False,0.22034351717585887
16414,3.0,33,False,0.22029601480074001
16415,3.0,43,False,0.22024851242562127
16416,3.0,40,False,0.22020101005050252
16417,3.0,45,False,0.22015350767538377
16418,0.0,11,True,0.22010600530026503
16419,3.0,38,False,0.22005850292514628
16420,3.0,52,False,0.22001100055002754
16421,0.0,17,True,0.2199634981749088
16422,2.0,33,True,0.21991599579979004
16423,3.0,54,False,0.2198684934246713
16424,2.0,52,True,0.21982099104955255
16425,0.0,6,True,0.2197734886744338
16426,3.0,43,False,0.21972598629931506
16427,0.0,48,True,0.2196784839241963
16428,3.0,38,False,0.21963098154907745
16429,3.0,37,False,0.2195834791739587
16430,3.0,33,False,0.21953597679883996
16431,0.0,120,True,0.2194884744237212
16432,3.0,60,False,0.21944097204860247
16433,2.0,45,True,0.21939346967348372
16434,0.0,30,True,0.21934596729836497
16435,2.0,80,True,0.21929846492324612
16436,0.0,34,True,0.21925096254812737
16437,0.0,21,True,0.21920346017300862
16438,0.0,12,True,0.21915595779788988
16439,1.0,30,True,0.21910845542277124
16440,0.0,5,True,0.2190609530476525
16441,3.0,42,False,0.21901345067253375
16442,3.0,51,False,0.2189659482974149
16443,3.0,118,False,0.21891844592229615
16444,0.0,18,True,0.2188709435471774
16445,0.0,3,True,0.21882344117205865
16446,3.0,35,False,0.2187759387969399
16447,1.0,48,True,0.21872843642182116
16448,0.0,21,True,0.2186809340467024
16449,2.0,39,True,0.21863343167158356
16450,3.0,46,False,0.2185859292964648
16451,3.0,51,False,0.21853842692134606
16452,3.0,48,False,0.21849092454622732
16453,3.0,71,False,0.21844342217110857
16454,0.0,18,True,0.21839591979598982
16455,0.0,3,True,0.21834841742087108
16456,3.0,43,False,0.21830091504575233
16457,0.0,5,True,0.21825341267063358
16458,0.0,6,True,0.21820591029551484
16459,0.0,6,True,0.2181584079203961
16460,3.0,136,False,0.21811090554527734
16461,0.0,11,True,0.2180634031701586
16462,2.0,51,True,0.21801590079503985
16463,0.0,69,True,0.217968398419921
16464,0.0,12,True,0.21792089604480225
16465,3.0,52,False,0.2178733936696835
16466,0.0,5,True,0.21782589129456476
16467,3.0,69,False,0.217778388919446
16468,3.0,65,False,0.21773088654432726
16469,0.0,10,True,0.21768338416920852
16470,3.0,54,False,0.21763588179408966
16471,0.0,14,True,0.2175883794189709
16472,0.0,10,True,0.21754087704385217
16473,0.0,21,True,0.21749337466873342
16474,2.0,52,True,0.21744587229361478
16475,3.0,60,False,0.21739836991849604
16476,3.0,51,False,0.2173508675433773
16477,1.0,35,True,0.21730336516825843
16478,3.0,39,False,0.2172558627931397
16479,0.0,10,True,0.21720836041802094
16480,0.0,70,True,0.2171608580429022
16481,0.0,17,True,0.21711335566778345
16482,0.0,24,True,0.2170658532926647
16483,3.0,50,False,0.21701835091754595
16484,3.0,34,False,0.2169708485424271
16485,0.0,10,True,0.21692334616730835
16486,0.0,4,True,0.2168758437921896
16487,3.0,54,False,0.21682834141707086
16488,0.0,12,True,0.2167808390419521
16489,0.0,9,True,0.21673333666683336
16490,3.0,36,False,0.21668583429171462
16491,0.0,7,True,0.21663833191659587
16492,3.0,30,False,0.21659082954147713
16493,0.0,22,True,0.21654332716635838
16494,0.0,17,True,0.21649582479123963
16495,3.0,50,False,0.2164483224161209
16496,0.0,10,True,0.21640082004100214
16497,0.0,5,True,0.2163533176658834
16498,3.0,34,False,0.21630581529076454
16499,0.0,4,True,0.2162583129156458
16500,3.0,37,False,0.21621081054052704
16501,2.0,74,True,0.2161633081654083
16502,3.0,25,False,0.21611580579028955
16503,3.0,70,False,0.2160683034151708
16504,0.0,4,True,0.21602080104005206
16505,0.0,14,True,0.2159732986649332
16506,3.0,43,False,0.21592579628981445
16507,2.0,48,True,0.2158782939146957
16508,3.0,39,False,0.21583079153957696
16509,3.0,35,False,0.21578328916445833
16510,3.0,64,False,0.21573578678933958
16511,3.0,57,False,0.21568828441422083
16512,3.0,46,False,0.21564078203910197
16513,3.0,64,False,0.21559327966398323
16514,3.0,40,False,0.21554577728886448
16515,3.0,38,False,0.21549827491374574
16516,0.0,10,True,0.215450772538627
16517,3.0,61,False,0.21540327016350824
16518,3.0,63,False,0.2153557677883895
16519,3.0,71,False,0.21530826541327064
16520,3.0,47,False,0.2152607630381519
16521,3.0,52,False,0.21521326066303315
16522,3.0,31,False,0.2151657582879144
16523,0.0,3,True,0.21511825591279565
16524,0.0,13,True,0.2150707535376769
16525,3.0,42,False,0.21502325116255816
16526,3.0,53,False,0.2149757487874394
16527,2.0,56,True,0.21492824641232067
16528,1.0,49,True,0.21488074403720192
16529,0.0,9,True,0.21483324166208317
16530,0.0,11,True,0.21478573928696443
16531,0.0,22,True,0.21473823691184568
16532,3.0,87,False,0.21469073453672693
16533,0.0,35,True,0.21464323216160808
16534,3.0,28,False,0.21459572978648933
16535,3.0,82,False,0.21454822741137058
16536,2.0,29,True,0.21450072503625184
16537,3.0,39,False,0.2144532226611331
16538,0.0,11,True,0.21440572028601435
16539,3.0,53,False,0.2143582179108956
16540,0.0,21,True,0.21431071553577674
16541,2.0,37,True,0.214263213160658
16542,0.0,5,True,0.21421571078553925
16543,0.0,9,True,0.2141682084104205
16544,3.0,46,False,0.21412070603530187
16545,3.0,32,False,0.21407320366018312
16546,0.0,20,True,0.21402570128506437
16547,2.0,50,True,0.21397819890994552
16548,3.0,57,False,0.21393069653482677
16549,0.0,5,True,0.21388319415970802
16550,3.0,69,False,0.21383569178458928
16551,3.0,25,False,0.21378818940947053
16552,0.0,27,True,0.21374068703435178
16553,1.0,39,True,0.21369318465923304
16554,0.0,2,True,0.21364568228411418
16555,3.0,28,False,0.21359817990899543
16556,3.0,43,False,0.2135506775338767
16557,3.0,61,False,0.21350317515875794
16558,3.0,48,False,0.2134556727836392
16559,3.0,32,False,0.21340817040852045
16560,0.0,45,True,0.2133606680334017
16561,3.0,52,False,0.21331316565828295
16562,3.0,84,False,0.2132656632831642
16563,3.0,38,False,0.21321816090804546
16564,0.0,22,True,0.21317065853292672
16565,3.0,42,False,0.21312315615780797
16566,1.0,36,True,0.21307565378268922
16567,3.0,44,False,0.21302815140757048
16568,1.0,67,True,0.21298064903245162
16569,3.0,54,False,0.21293314665733287
16570,2.0,58,True,0.21288564428221413
16571,0.0,30,True,0.21283814190709538
16572,0.0,11,True,0.21279063953197663
16573,3.0,47,False,0.2127431371568579
16574,0.0,3,True,0.21269563478173914
16575,0.0,46,True,0.21264813240662028
16576,3.0,42,False,0.21260063003150154
16577,3.0,29,False,0.2125531276563828
16578,3.0,67,False,0.21250562528126404
16579,3.0,33,False,0.2124581229061454
16580,0.0,4,True,0.21241062053102666
16581,0.0,20,True,0.21236311815590792
16582,3.0,45,False,0.21231561578078906
16583,3.0,95,False,0.2122681134056703
16584,2.0,39,True,0.21222061103055156
16585,3.0,33,False,0.21217310865543282
16586,3.0,57,False,0.21212560628031407
16587,0.0,7,True,0.21207810390519533
16588,0.0,21,True,0.21203060153007658
16589,0.0,12,True,0.21198309915495772
16590,3.0,34,False,0.21193559677983898
16591,2.0,44,True,0.21188809440472023
16592,3.0,45,False,0.21184059202960148
16593,3.0,58,False,0.21179308965448274
16594,3.0,30,False,0.211745587279364
16595,2.0,70,True,0.21169808490424524
16596,3.0,35,False,0.2116505825291265
16597,0.0,9,True,0.21160308015400775
16598,3.0,60,False,0.211555577778889
16599,3.0,47,False,0.21150807540377026
16600,2.0,49,True,0.2114605730286515
16601,2.0,38,True,0.21141307065353276
16602,0.0,24,True,0.21136556827841402
16603,0.0,17,True,0.21131806590329516
16604,0.0,52,True,0.2112705635281764
16605,2.0,92,True,0.21122306115305767
16606,0.0,17,True,0.21117555877793892
16607,0.0,29,True,0.21112805640282017
16608,3.0,39,False,0.21108055402770143
16609,3.0,46,False,0.21103305165258268
16610,3.0,63,False,0.21098554927746382
16611,3.0,29,False,0.21093804690234508
16612,0.0,18,True,0.21089054452722633
16613,3.0,75,False,0.21084304215210758
16614,2.0,44,True,0.21079553977698895
16615,3.0,54,False,0.2107480374018702
16616,3.0,36,False,0.21070053502675146
16617,3.0,47,False,0.2106530326516326
16618,0.0,8,True,0.21060553027651385
16619,3.0,67,False,0.2105580279013951
16620,0.0,4,True,0.21051052552627636
16621,0.0,61,True,0.2104630231511576
16622,3.0,56,False,0.21041552077603887
16623,0.0,34,True,0.21036801840092012
16624,2.0,40,True,0.21032051602580126
16625,3.0,38,False,0.21027301365068252
16626,2.0,48,True,0.21022551127556377
16627,3.0,39,False,0.21017800890044502
16628,3.0,48,False,0.21013050652532628
16629,3.0,98,False,0.21008300415020753
16630,3.0,64,False,0.21003550177508878
16631,3.0,110,False,0.20998799939997004
16632,2.0,38,True,0.2099404970248513
16633,3.0,53,False,0.20989299464973254
16634,0.0,32,True,0.2098454922746138
16635,3.0,35,False,0.20979798989949505
16636,3.0,36,False,0.2097504875243763
16637,3.0,33,False,0.20970298514925756
16638,0.0,3,True,0.2096554827741387
16639,0.0,2,True,0.20960798039901996
16640,2.0,44,True,0.2095604780239012
16641,3.0,49,False,0.20951297564878246
16642,3.0,77,False,0.20946547327366372
16643,3.0,43,False,0.20941797089854497
16644,0.0,15,True,0.20937046852342622
16645,0.0,14,True,0.20932296614830737
16646,3.0,45,False,0.20927546377318862
16647,3.0,50,False,0.20922796139806987
16648,2.0,39,True,0.20918045902295113
16649,0.0,12,True,0.2091329566478325
16650,0.0,10,True,0.20908545427271374
16651,0.0,8,True,0.209037951897595
16652,0.0,14,True,0.20899044952247614
16653,0.0,3,True,0.2089429471473574
16654,3.0,68,False,0.20889544477223865
16655,3.0,58,False,0.2088479423971199
16656,3.0,48,False,0.20880044002200115
16657,0.0,3,True,0.2087529376468824
16658,0.0,32,True,0.20870543527176366
16659,3.0,88,False,0.2086579328966448
16660,3.0,46,False,0.20861043052152606
16661,3.0,43,False,0.2085629281464073
16662,3.0,30,False,0.20851542577128857
16663,0.0,7,True,0.20846792339616982
16664,3.0,55,False,0.20842042102105107
16665,3.0,33,False,0.20837291864593233
16666,3.0,66,False,0.20832541627081358
16667,0.0,6,True,0.20827791389569483
16668,3.0,30,False,0.2082304115205761
16669,3.0,48,False,0.20818290914545734
16670,3.0,46,False,0.2081354067703386
16671,3.0,49,False,0.20808790439521985
16672,0.0,3,True,0.2080404020201011
16673,3.0,57,False,0.20799289964498224
16674,3.0,47,False,0.2079453972698635
16675,3.0,56,False,0.20789789489474475
16676,0.0,9,True,0.207850392519626
16677,0.0,3,True,0.20780289014450726
16678,0.0,4,True,0.2077553877693885
16679,2.0,40,True,0.20770788539426976
16680,3.0,39,False,0.2076603830191509
16681,0.0,3,True,0.20761288064403216
16682,3.0,72,False,0.20756537826891341
16683,3.0,40,False,0.20751787589379467
16684,3.0,37,False,0.20747037351867603
16685,3.0,39,False,0.20742287114355729
16686,3.0,45,False,0.20737536876843854
16687,0.0,14,True,0.20732786639331968
16688,1.0,77,True,0.20728036401820094
16689,0.0,15,True,0.2072328616430822
16690,0.0,5,True,0.20718535926796344
16691,0.0,14,True,0.2071378568928447
16692,1.0,40,True,0.20709035451772595
16693,3.0,74,False,0.2070428521426072
16694,3.0,55,False,0.20699534976748835
16695,2.0,36,True,0.2069478473923696
16696,3.0,61,False,0.20690034501725085
16697,3.0,67,False,0.2068528426421321
16698,2.0,59,True,0.20680534026701336
16699,3.0,39,False,0.2067578378918946
16700,0.0,8,True,0.20671033551677587
16701,2.0,34,True,0.20666283314165712
16702,0.0,5,True,0.20661533076653837
16703,3.0,43,False,0.20656782839141963
16704,3.0,98,False,0.20652032601630088
16705,3.0,50,False,0.20647282364118213
16706,0.0,7,True,0.2064253212660634
16707,2.0,67,True,0.20637781889094464
16708,3.0,45,False,0.20633031651582578
16709,1.0,48,True,0.20628281414070704
16710,3.0,85,False,0.2062353117655883
16711,3.0,106,False,0.20618780939046955
16712,3.0,43,False,0.2061403070153508
16713,3.0,41,False,0.20609280464023205
16714,3.0,46,False,0.2060453022651133
16715,3.0,39,False,0.20599779988999445
16716,0.0,6,True,0.2059502975148757
16717,3.0,46,False,0.20590279513975696
16718,2.0,33,True,0.2058552927646382
16719,3.0,46,False,0.20580779038951957
16720,3.0,41,False,0.20576028801440083
16721,2.0,76,True,0.20571278563928208
16722,3.0,54,False,0.20566528326416322
16723,3.0,111,False,0.20561778088904448
16724,3.0,45,False,0.20557027851392573
16725,3.0,52,False,0.20552277613880698
16726,0.0,10,True,0.20547527376368824
16727,3.0,47,False,0.2054277713885695
16728,0.0,51,True,0.20538026901345074
16729,0.0,20,True,0.2053327666383319
16730,0.0,15,True,0.20528526426321314
16731,3.0,52,False,0.2052377618880944
16732,3.0,41,False,0.20519025951297565
16733,3.0,26,False,0.2051427571378569
16734,0.0,4,True,0.20509525476273816
16735,3.0,32,False,0.2050477523876194
16736,3.0,33,False,0.20500025001250066
16737,3.0,37,False,0.20495274763738192
16738,0.0,15,True,0.20490524526226317
16739,3.0,77,False,0.20485774288714442
16740,0.0,7,True,0.20481024051202568
16741,0.0,13,True,0.20476273813690693
16742,3.0,58,False,0.20471523576178818
16743,3.0,32,False,0.20466773338666933
16744,0.0,9,True,0.20462023101155058
16745,3.0,26,False,0.20457272863643183
16746,2.0,68,True,0.2045252262613131
16747,0.0,29,True,0.20447772388619434
16748,3.0,37,False,0.2044302215110756
16749,3.0,53,False,0.20438271913595685
16750,3.0,53,False,0.204335216760838
16751,3.0,49,False,0.20428771438571924
16752,2.0,117,True,0.2042402120106005
16753,3.0,33,False,0.20419270963548175
16754,0.0,20,True,0.20414520726036312
16755,3.0,50,False,0.20409770488524437
16756,2.0,45,True,0.20405020251012562
16757,3.0,36,False,0.20400270013500676
16758,3.0,41,False,0.20395519775988802
16759,0.0,26,True,0.20390769538476927
16760,0.0,21,True,0.20386019300965053
16761,3.0,49,False,0.20381269063453178
16762,0.0,8,True,0.20376518825941303
16763,3.0,29,False,0.2037176858842943
16764,0.0,17,True,0.20367018350917543
16765,3.0,47,False,0.20362268113405668
16766,3.0,52,False,0.20357517875893794
16767,3.0,34,False,0.2035276763838192
16768,0.0,33,True,0.20348017400870044
16769,0.0,30,True,0.2034326716335817
16770,0.0,16,True,0.20338516925846295
16771,3.0,47,False,0.2033376668833442
16772,0.0,25,True,0.20329016450822546
16773,3.0,112,False,0.2032426621331067
16774,3.0,45,False,0.20319515975798796
16775,3.0,42,False,0.20314765738286922
16776,3.0,76,False,0.20310015500775047
16777,0.0,29,True,0.20305265263263172
16778,3.0,32,False,0.20300515025751287
16779,0.0,8,True,0.20295764788239412
16780,3.0,41,False,0.20291014550727537
16781,0.0,10,True,0.20286264313215663
16782,2.0,35,True,0.20281514075703788
16783,3.0,36,False,0.20276763838191914
16784,1.0,34,True,0.2027201360068004
16785,2.0,29,True,0.20267263363168164
16786,3.0,35,False,0.20262513125656278
16787,0.0,15,True,0.20257762888144404
16788,3.0,83,False,0.2025301265063253
16789,3.0,42,False,0.20248262413120666
16790,3.0,42,False,0.2024351217560879
16791,3.0,28,False,0.20238761938096916
16792,3.0,39,False,0.20234011700585042
16793,0.0,36,True,0.20229261463073156
16794,3.0,31,False,0.2022451122556128
16795,3.0,28,False,0.20219760988049407
16796,0.0,14,True,0.20215010750537532
16797,0.0,11,True,0.20210260513025657
16798,3.0,35,False,0.20205510275513783
16799,0.0,7,True,0.20200760038001908
16800,3.0,47,False,0.20196009800490022
16801,3.0,25,False,0.20191259562978148
16802,3.0,44,False,0.20186509325466273
16803,3.0,30,False,0.20181759087954398
16804,0.0,11,True,0.20177008850442524
16805,0.0,9,True,0.2017225861293065
16806,3.0,89,False,0.20167508375418775
16807,0.0,23,True,0.201627581379069
16808,3.0,31,False,0.20158007900395025
16809,3.0,53,False,0.2015325766288315
16810,3.0,34,False,0.20148507425371276
16811,0.0,3,True,0.201437571878594
16812,3.0,45,False,0.20139006950347527
16813,0.0,9,True,0.20134256712835652
16814,0.0,4,True,0.20129506475323766
16815,3.0,43,False,0.20124756237811892
16816,2.0,57,True,0.20120006000300017
16817,0.0,7,True,0.20115255762788142
16818,3.0,51,False,0.20110505525276268
16819,3.0,57,False,0.20105755287764393
16820,3.0,40,False,0.20101005050252518
16821,3.0,36,False,0.20096254812740633
16822,3.0,55,False,0.20091504575228758
16823,3.0,44,False,0.20086754337716883
16824,0.0,24,True,0.2008200410020502
16825,3.0,37,False,0.20077253862693145
16826,0.0,30,True,0.2007250362518127
16827,0.0,7,True,0.20067753387669396
16828,3.0,81,False,0.2006300315015751
16829,0.0,18,True,0.20058252912645635
16830,3.0,45,False,0.2005350267513376
16831,3.0,53,False,0.20048752437621886
16832,3.0,46,False,0.20044002200110012
16833,3.0,43,False,0.20039251962598137
16834,0.0,9,True,0.20034501725086262
16835,3.0,33,False,0.20029751487574377
16836,0.0,22,True,0.20025001250062502
16837,3.0,53,False,0.20020251012550627
16838,3.0,67,False,0.20015500775038753
16839,0.0,15,True,0.20010750537526878
16840,3.0,34,False,0.20006000300015003
16841,1.0,60,True,0.2000125006250313
16842,0.0,2,True,0.19996499824991254
16843,0.0,7,True,0.1999174958747938
16844,2.0,42,True,0.19986999349967505
16845,3.0,69,False,0.1998224911245563
16846,0.0,12,True,0.19977498874943755
16847,3.0,37,False,0.1997274863743188
16848,3.0,34,False,0.19967998399920006
16849,0.0,17,True,0.1996324816240812
16850,0.0,4,True,0.19958497924896246
16851,3.0,43,False,0.1995374768738437
16852,3.0,37,False,0.19948997449872496
16853,0.0,10,True,0.19944247212360622
16854,3.0,43,False,0.19939496974848747
16855,0.0,3,True,0.19934746737336873
16856,0.0,4,True,0.19929996499824987
16857,2.0,78,True,0.19925246262313112
16858,2.0,52,True,0.19920496024801237
16859,3.0,36,False,0.19915745787289374
16860,0.0,6,True,0.199109955497775
16861,3.0,36,False,0.19906245312265625
16862,0.0,15,True,0.1990149507475375
16863,3.0,50,False,0.19896744837241864
16864,3.0,43,False,0.1989199459972999
16865,3.0,27,False,0.19887244362218115
16866,3.0,57,False,0.1988249412470624
16867,3.0,33,False,0.19877743887194366
16868,3.0,43,False,0.1987299364968249
16869,0.0,4,True,0.19868243412170616
16870,3.0,112,False,0.1986349317465873
16871,3.0,65,False,0.19858742937146856
16872,0.0,19,True,0.1985399269963498
16873,3.0,97,False,0.19849242462123107
16874,3.0,61,False,0.19844492224611232
16875,3.0,42,False,0.19839741987099357
16876,2.0,42,True,0.19834991749587483
16877,0.0,28,True,0.19830241512075608
16878,3.0,55,False,0.19825491274563734
16879,0.0,14,True,0.1982074103705186
16880,0.0,24,True,0.19815990799539984
16881,3.0,67,False,0.1981124056202811
16882,3.0,48,False,0.19806490324516235
16883,3.0,39,False,0.1980174008700436
16884,3.0,34,False,0.19796989849492475
16885,3.0,45,False,0.197922396119806
16886,3.0,31,False,0.19787489374468725
16887,0.0,11,True,0.1978273913695685
16888,3.0,47,False,0.19777988899444976
16889,3.0,33,False,0.197732386619331
16890,3.0,56,False,0.19768488424421227
16891,3.0,46,False,0.1976373818690934
16892,1.0,44,True,0.19758987949397466
16893,3.0,54,False,0.19754237711885592
16894,3.0,42,False,0.19749487474373728
16895,0.0,4,True,0.19744737236861853
16896,3.0,30,False,0.1973998699934998
16897,3.0,30,False,0.19735236761838104
16898,3.0,37,False,0.19730486524326218
16899,0.0,54,True,0.19725736286814344
16900,3.0,39,False,0.1972098604930247
16901,0.0,12,True,0.19716235811790594
16902,3.0,68,False,0.1971148557427872
16903,3.0,61,False,0.19706735336766845
16904,0.0,15,True,0.1970198509925497
16905,3.0,39,False,0.19697234861743085
16906,3.0,81,False,0.1969248462423121
16907,3.0,55,False,0.19687734386719336
16908,2.0,51,True,0.1968298414920746
16909,3.0,50,False,0.19678233911695586
16910,3.0,71,False,0.19673483674183712
16911,3.0,38,False,0.19668733436671837
16912,2.0,78,True,0.19663983199159962
16913,3.0,67,False,0.19659232961648088
16914,3.0,44,False,0.19654482724136213
16915,1.0,54,True,0.19649732486624338
16916,0.0,21,True,0.19644982249112464
16917,0.0,22,True,0.1964023201160059
16918,0.0,11,True,0.19635481774088714
16919,0.0,7,True,0.1963073153657683
16920,0.0,13,True,0.19625981299064954
16921,0.0,13,True,0.1962123106155308
16922,3.0,46,False,0.19616480824041205
16923,3.0,54,False,0.1961173058652933
16924,0.0,11,True,0.19606980349017455
16925,0.0,28,True,0.1960223011150558
16926,0.0,15,True,0.19597479873993695
16927,3.0,29,False,0.1959272963648182
16928,0.0,11,True,0.19587979398969946
16929,3.0,31,False,0.19583229161458082
16930,0.0,12,True,0.19578478923946208
16931,0.0,8,True,0.19573728686434333
16932,0.0,4,True,0.19568978448922458
16933,2.0,33,True,0.19564228211410573
16934,3.0,30,False,0.19559477973898698
16935,0.0,6,True,0.19554727736386823
16936,3.0,58,False,0.1954997749887495
16937,1.0,37,True,0.19545227261363074
16938,3.0,39,False,0.195404770238512
16939,3.0,27,False,0.19535726786339325
16940,0.0,9,True,0.1953097654882744
16941,0.0,7,True,0.19526226311315564
16942,3.0,30,False,0.1952147607380369
16943,2.0,56,True,0.19516725836291815
16944,0.0,6,True,0.1951197559877994
16945,3.0,51,False,0.19507225361268066
16946,2.0,43,True,0.1950247512375619
16947,0.0,5,True,0.19497724886244316
16948,3.0,36,False,0.19492974648732442
16949,0.0,5,True,0.19488224411220567
16950,0.0,3,True,0.19483474173708693
16951,0.0,14,True,0.19478723936196818
16952,3.0,34,False,0.19473973698684943
16953,3.0,51,False,0.19469223461173069
16954,3.0,51,False,0.19464473223661183
16955,0.0,6,True,0.19459722986149308
16956,3.0,29,False,0.19454972748637434
16957,3.0,58,False,0.1945022251112556
16958,0.0,15,True,0.19445472273613684
16959,2.0,51,True,0.1944072203610181
16960,3.0,37,False,0.19435971798589935
16961,2.0,32,True,0.1943122156107805
16962,3.0,95,False,0.19426471323566175
16963,3.0,73,False,0.194217210860543
16964,0.0,38,True,0.19416970848542436
16965,3.0,46,False,0.19412220611030562
16966,3.0,50,False,0.19407470373518687
16967,3.0,38,False,0.19402720136006812
16968,3.0,41,False,0.19397969898494927
16969,3.0,47,False,0.19393219660983052
16970,3.0,27,False,0.19388469423471177
16971,0.0,17,True,0.19383719185959303
16972,1.0,64,True,0.19378968948447428
16973,3.0,43,False,0.19374218710935553
16974,0.0,21,True,0.1936946847342368
16975,1.0,30,True,0.19364718235911793
16976,3.0,52,False,0.19359967998399918
16977,3.0,43,False,0.19355217760888044
16978,3.0,54,False,0.1935046752337617
16979,3.0,27,False,0.19345717285864295
16980,3.0,64,False,0.1934096704835242
16981,3.0,79,False,0.19336216810840545
16982,3.0,31,False,0.1933146657332867
16983,3.0,48,False,0.19326716335816796
16984,3.0,41,False,0.1932196609830492
16985,3.0,44,False,0.19317215860793047
16986,3.0,27,False,0.19312465623281172
16987,3.0,61,False,0.19307715385769297
16988,3.0,52,False,0.19302965148257423
16989,0.0,20,True,0.19298214910745537
16990,0.0,10,True,0.19293464673233662
16991,0.0,6,True,0.19288714435721788
16992,3.0,77,False,0.19283964198209913
16993,3.0,27,False,0.19279213960698038
16994,2.0,60,True,0.19274463723186164
16995,3.0,84,False,0.1926971348567429
16996,3.0,49,False,0.19264963248162403
16997,0.0,78,True,0.1926021301065053
16998,3.0,47,False,0.19255462773138654
16999,0.0,4,True,0.1925071253562679
17000,3.0,36,False,0.19245962298114916
17001,3.0,37,False,0.1924121206060304
17002,3.0,52,False,0.19236461823091167
17003,0.0,28,True,0.1923171158557928
17004,0.0,5,True,0.19226961348067406
17005,0.0,64,True,0.19222211110555532
17006,0.0,15,True,0.19217460873043657
17007,3.0,59,False,0.19212710635531782
17008,3.0,38,False,0.19207960398019908
17009,3.0,40,False,0.19203210160508033
17010,0.0,7,True,0.19198459922996147
17011,0.0,48,True,0.19193709685484273
17012,0.0,4,True,0.19188959447972398
17013,3.0,51,False,0.19184209210460523
17014,3.0,59,False,0.1917945897294865
17015,3.0,37,False,0.19174708735436774
17016,3.0,72,False,0.191699584979249
17017,0.0,7,True,0.19165208260413025
17018,3.0,44,False,0.1916045802290115
17019,3.0,47,False,0.19155707785389275
17020,1.0,44,True,0.191509575478774
17021,3.0,44,False,0.19146207310365526
17022,0.0,9,True,0.19141457072853651
17023,0.0,29,True,0.19136706835341777
17024,0.0,14,True,0.1913195659782989
17025,3.0,35,False,0.19127206360318016
17026,0.0,20,True,0.19122456122806142
17027,3.0,110,False,0.19117705885294267
17028,3.0,70,False,0.19112955647782393
17029,0.0,10,True,0.19108205410270518
17030,3.0,29,False,0.19103455172758643
17031,0.0,19,True,0.19098704935246757
17032,0.0,12,True,0.19093954697734883
17033,0.0,4,True,0.19089204460223008
17034,3.0,35,False,0.19084454222711145
17035,3.0,35,False,0.1907970398519927
17036,0.0,50,True,0.19074953747687395
17037,2.0,75,True,0.1907020351017552
17038,3.0,38,False,0.19065453272663635
17039,0.0,50,True,0.1906070303515176
17040,3.0,34,False,0.19055952797639886
17041,0.0,36,True,0.1905120256012801
17042,0.0,12,True,0.19046452322616136
17043,3.0,32,False,0.19041702085104262
17044,3.0,25,False,0.19036951847592387
17045,0.0,13,True,0.190322016100805
17046,1.0,69,True,0.19027451372568627
17047,0.0,16,True,0.19022701135056752
17048,2.0,42,True,0.19017950897544877
17049,3.0,58,False,0.19013200660033003
17050,3.0,48,False,0.19008450422521128
17051,3.0,138,False,0.19003700185009254
17052,0.0,13,True,0.1899894994749738
17053,3.0,50,False,0.18994199709985504
17054,3.0,142,False,0.1898944947247363
17055,3.0,60,False,0.18984699234961755
17056,1.0,119,True,0.1897994899744988
17057,3.0,34,False,0.18975198759938006
17058,3.0,57,False,0.1897044852242613
17059,3.0,31,False,0.18965698284914245
17060,3.0,53,False,0.1896094804740237
17061,3.0,95,False,0.18956197809890496
17062,3.0,42,False,0.1895144757237862
17063,3.0,47,False,0.18946697334866747
17064,2.0,87,True,0.18941947097354872
17065,1.0,47,True,0.18937196859842997
17066,0.0,5,True,0.18932446622331112
17067,3.0,54,False,0.18927696384819237
17068,3.0,51,False,0.18922946147307362
17069,0.0,5,True,0.189181959097955
17070,3.0,28,False,0.18913445672283624
17071,0.0,28,True,0.1890869543477175
17072,3.0,58,False,0.18903945197259875
17073,3.0,41,False,0.1889919495974799
17074,3.0,52,False,0.18894444722236114
17075,3.0,38,False,0.1888969448472424
17076,0.0,19,True,0.18884944247212365
17077,1.0,44,True,0.1888019400970049
17078,3.0,51,False,0.18875443772188616
17079,3.0,47,False,0.1887069353467674
17080,3.0,60,False,0.18865943297164856
17081,0.0,3,True,0.1886119305965298
17082,3.0,61,False,0.18856442822141106
17083,3.0,51,False,0.18851692584629232
17084,0.0,10,True,0.18846942347117357
17085,3.0,55,False,0.18842192109605482
17086,3.0,29,False,0.18837441872093608
17087,3.0,54,False,0.18832691634581733
17088,3.0,38,False,0.18827941397069858
17089,3.0,44,False,0.18823191159557984
17090,3.0,73,False,0.1881844092204611
17091,3.0,41,False,0.18813690684534234
17092,1.0,65,True,0.1880894044702236
17093,0.0,10,True,0.18804190209510485
17094,3.0,79,False,0.187994399719986
17095,2.0,33,True,0.18794689734486725
17096,0.0,13,True,0.1878993949697485
17097,3.0,37,False,0.18785189259462975
17098,3.0,33,False,0.187804390219511
17099,2.0,56,True,0.18775688784439226
17100,3.0,44,False,0.18770938546927352
17101,0.0,17,True,0.18766188309415466
17102,3.0,56,False,0.1876143807190359
17103,3.0,32,False,0.18756687834391716
17104,3.0,41,False,0.18751937596879853
17105,3.0,53,False,0.18747187359367978
17106,3.0,37,False,0.18742437121856104
17107,3.0,29,False,0.1873768688434423
17108,1.0,66,True,0.18732936646832343
17109,3.0,45,False,0.1872818640932047
17110,3.0,50,False,0.18723436171808594
17111,0.0,19,True,0.1871868593429672
17112,3.0,73,False,0.18713935696784845
17113,0.0,3,True,0.1870918545927297
17114,0.0,9,True,0.18704435221761095
17115,3.0,39,False,0.1869968498424921
17116,0.0,5,True,0.18694934746737335
17117,2.0,27,True,0.1869018450922546
17118,3.0,25,False,0.18685434271713586
17119,3.0,38,False,0.1868068403420171
17120,3.0,48,False,0.18675933796689836
17121,3.0,34,False,0.18671183559177962
17122,3.0,32,False,0.18666433321666087
17123,3.0,30,False,0.18661683084154213
17124,1.0,65,True,0.18656932846642338
17125,3.0,39,False,0.18652182609130463
17126,0.0,4,True,0.18647432371618589
17127,3.0,73,False,0.18642682134106714
17128,3.0,35,False,0.1863793189659484
17129,3.0,32,False,0.18633181659082954
17130,3.0,113,False,0.1862843142157108
17131,3.0,88,False,0.18623681184059204
17132,0.0,10,True,0.1861893094654733
17133,0.0,31,True,0.18614180709035455
17134,2.0,43,True,0.1860943047152358
17135,3.0,41,False,0.18604680234011706
17136,3.0,39,False,0.1859992999649982
17137,0.0,20,True,0.18595179758987945
17138,0.0,9,True,0.1859042952147607
17139,0.0,25,True,0.18585679283964207
17140,3.0,71,False,0.18580929046452332
17141,0.0,6,True,0.18576178808940458
17142,3.0,44,False,0.18571428571428583
17143,3.0,96,False,0.18566678333916697
17144,2.0,83,True,0.18561928096404823
17145,3.0,38,False,0.18557177858892948
17146,0.0,9,True,0.18552427621381073
17147,0.0,31,True,0.185476773838692
17148,2.0,52,True,0.18542927146357324
17149,0.0,13,True,0.1853817690884545
17150,3.0,47,False,0.18533426671333564
17151,0.0,19,True,0.1852867643382169
17152,0.0,11,True,0.18523926196309815
17153,0.0,39,True,0.1851917595879794
17154,3.0,57,False,0.18514425721286065
17155,3.0,43,False,0.1850967548377419
17156,2.0,37,True,0.18504925246262316
17157,3.0,110,False,0.1850017500875044
17158,0.0,6,True,0.18495424771238567
17159,3.0,40,False,0.18490674533726692
17160,0.0,31,True,0.18485924296214817
17161,3.0,35,False,0.18481174058702943
17162,3.0,103,False,0.18476423821191068
17163,3.0,71,False,0.18471673583679193
17164,3.0,65,False,0.18466923346167308
17165,3.0,121,False,0.18462173108655433
17166,3.0,29,False,0.18457422871143558
17167,2.0,35,True,0.18452672633631684
17168,0.0,24,True,0.1844792239611981
17169,3.0,92,False,0.18443172158607934
17170,0.0,18,True,0.1843842192109606
17171,0.0,6,True,0.18433671683584174
17172,3.0,35,False,0.184289214460723
17173,0.0,9,True,0.18424171208560425
17174,0.0,10,True,0.1841942097104856
17175,0.0,11,True,0.18414670733536687
17176,3.0,42,False,0.18409920496024812
17177,0.0,33,True,0.18405170258512937
17178,0.0,15,True,0.18400420021001052
17179,3.0,36,False,0.18395669783489177
17180,3.0,66,False,0.18390919545977302
17181,3.0,51,False,0.18386169308465428
17182,0.0,11,True,0.18381419070953553
17183,3.0,30,False,0.18376668833441678
17184,3.0,35,False,0.18371918595929804
17185,3.0,60,False,0.18367168358417918
17186,3.0,58,False,0.18362418120906043
17187,3.0,36,False,0.1835766788339417
17188,3.0,33,False,0.18352917645882294
17189,0.0,4,True,0.1834816740837042
17190,3.0,30,False,0.18343417170858545
17191,3.0,48,False,0.1833866693334667
17192,3.0,56,False,0.18333916695834795
17193,0.0,73,True,0.1832916645832292
17194,3.0,89,False,0.18324416220811046
17195,0.0,16,True,0.18319665983299172
17196,3.0,62,False,0.18314915745787297
17197,3.0,53,False,0.18310165508275422
17198,0.0,3,True,0.18305415270763548
17199,3.0,35,False,0.18300665033251662
17200,0.0,2,True,0.18295914795739787
17201,0.0,17,True,0.18291164558227913
17202,3.0,57,False,0.18286414320716038
17203,0.0,8,True,0.18281664083204163
17204,3.0,52,False,0.18276913845692289
17205,3.0,43,False,0.18272163608180414
17206,2.0,60,True,0.18267413370668528
17207,0.0,14,True,0.18262663133156654
17208,1.0,36,True,0.1825791289564478
17209,3.0,35,False,0.18253162658132915
17210,0.0,19,True,0.1824841242062104
17211,3.0,45,False,0.18243662183109166
17212,0.0,5,True,0.18238911945597291
17213,0.0,7,True,0.18234161708085406
17214,3.0,35,False,0.1822941147057353
17215,3.0,33,False,0.18224661233061656
17216,1.0,52,True,0.18219910995549782
17217,0.0,18,True,0.18215160758037907
17218,3.0,46,False,0.18210410520526032
17219,0.0,8,True,0.18205660283014158
17220,0.0,18,True,0.18200910045502272
17221,0.0,12,True,0.18196159807990397
17222,0.0,12,True,0.18191409570478523
17223,3.0,74,False,0.18186659332966648
17224,0.0,13,True,0.18181909095454774
17225,3.0,48,False,0.181771588579429
17226,0.0,9,True,0.18172408620431024
17227,3.0,37,False,0.1816765838291915
17228,3.0,41,False,0.18162908145407275
17229,0.0,31,True,0.181581579078954
17230,3.0,26,False,0.18153407670383526
17231,3.0,61,False,0.1814865743287165
17232,3.0,28,False,0.18143907195359776
17233,3.0,43,False,0.18139156957847902
17234,3.0,72,False,0.18134406720336016
17235,3.0,48,False,0.1812965648282414
17236,0.0,21,True,0.18124906245312267
17237,3.0,56,False,0.18120156007800392
17238,3.0,50,False,0.18115405770288517
17239,0.0,18,True,0.18110655532776643
17240,3.0,38,False,0.18105905295264768
17241,0.0,4,True,0.18101155057752882
17242,3.0,49,False,0.18096404820241008
17243,0.0,8,True,0.18091654582729133
17244,0.0,15,True,0.1808690434521727
17245,3.0,29,False,0.18082154107705395
17246,3.0,49,False,0.1807740387019352
17247,3.0,29,False,0.18072653632681646
17248,3.0,25,False,0.1806790339516976
17249,3.0,36,False,0.18063153157657885
17250,2.0,119,True,0.1805840292014601
17251,3.0,118,False,0.18053652682634136
17252,3.0,39,False,0.1804890244512226
17253,3.0,41,False,0.18044152207610387
17254,3.0,29,False,0.18039401970098512
17255,3.0,32,False,0.18034651732586626
17256,3.0,85,False,0.18029901495074752
17257,0.0,32,True,0.18025151257562877
17258,3.0,51,False,0.18020401020051002
17259,0.0,7,True,0.18015650782539128
17260,0.0,47,True,0.18010900545027253
17261,0.0,18,True,0.18006150307515378
17262,3.0,32,False,0.18001400070003504
17263,3.0,75,False,0.1799664983249163
17264,0.0,18,True,0.17991899594979754
17265,3.0,67,False,0.1798714935746788
17266,0.0,13,True,0.17982399119956005
17267,3.0,51,False,0.1797764888244413
17268,0.0,13,True,0.17972898644932256
17269,3.0,84,False,0.1796814840742037
17270,2.0,41,True,0.17963398169908495
17271,3.0,50,False,0.1795864793239662
17272,2.0,42,True,0.17953897694884746
17273,3.0,61,False,0.17949147457372872
17274,3.0,50,False,0.17944397219860997
17275,3.0,33,False,0.17939646982349122
17276,3.0,57,False,0.17934896744837237
17277,0.0,30,True,0.17930146507325362
17278,2.0,59,True,0.17925396269813487
17279,0.0,35,True,0.17920646032301624
17280,0.0,18,True,0.1791589579478975
17281,3.0,62,False,0.17911145557277874
17282,0.0,16,True,0.17906395319766
17283,3.0,48,False,0.17901645082254114
17284,3.0,33,False,0.1789689484474224
17285,0.0,5,True,0.17892144607230365
17286,0.0,19,True,0.1788739436971849
17287,3.0,37,False,0.17882644132206615
17288,3.0,26,False,0.1787789389469474
17289,3.0,40,False,0.17873143657182866
17290,3.0,116,False,0.1786839341967098
17291,3.0,36,False,0.17863643182159106
17292,3.0,45,False,0.1785889294464723
17293,3.0,47,False,0.17854142707135356
17294,3.0,36,False,0.17849392469623482
17295,3.0,34,False,0.17844642232111607
17296,3.0,47,False,0.17839891994599733
17297,0.0,29,True,0.17835141757087858
17298,3.0,42,False,0.17830391519575983
17299,3.0,58,False,0.17825641282064109
17300,3.0,41,False,0.17820891044552234
17301,3.0,52,False,0.1781614080704036
17302,3.0,65,False,0.17811390569528485
17303,3.0,56,False,0.1780664033201661
17304,3.0,31,False,0.17801890094504724
17305,3.0,50,False,0.1779713985699285
17306,3.0,31,False,0.17792389619480975
17307,0.0,11,True,0.177876393819691
17308,0.0,24,True,0.17782889144457226
17309,0.0,60,True,0.1777813890694535
17310,2.0,31,True,0.17773388669433476
17311,0.0,71,True,0.1776863843192159
17312,3.0,33,False,0.17763888194409716
17313,3.0,38,False,0.1775913795689784
17314,3.0,36,False,0.17754387719385978
17315,0.0,62,True,0.17749637481874103
17316,1.0,28,True,0.17744887244362229
17317,3.0,55,False,0.17740137006850354
17318,3.0,45,False,0.17735386769338468
17319,0.0,7,True,0.17730636531826593
17320,1.0,45,True,0.1772588629431472
17321,3.0,42,False,0.17721136056802844
17322,3.0,75,False,0.1771638581929097
17323,3.0,26,False,0.17711635581779095
17324,2.0,52,True,0.1770688534426722
17325,3.0,82,False,0.17702135106755335
17326,0.0,17,True,0.1769738486924346
17327,3.0,35,False,0.17692634631731585
17328,3.0,92,False,0.1768788439421971
17329,3.0,23,False,0.17683134156707836
17330,0.0,6,True,0.1767838391919596
17331,0.0,19,True,0.17673633681684087
17332,2.0,30,True,0.17668883444172212
17333,0.0,14,True,0.17664133206660337
17334,3.0,39,False,0.17659382969148463
17335,0.0,4,True,0.17654632731636588
17336,3.0,47,False,0.17649882494124713
17337,3.0,36,False,0.1764513225661284
17338,2.0,33,True,0.17640382019100964
17339,0.0,5,True,0.17635631781589078
17340,0.0,22,True,0.17630881544077204
17341,2.0,78,True,0.1762613130656533
17342,1.0,48,True,0.17621381069053454
17343,3.0,45,False,0.1761663083154158
17344,0.0,4,True,0.17611880594029705
17345,3.0,54,False,0.1760713035651783
17346,0.0,8,True,0.17602380119005945
17347,3.0,35,False,0.1759762988149407
17348,0.0,17,True,0.17592879643982196
17349,3.0,60,False,0.17588129406470332
17350,3.0,30,False,0.17583379168958457
17351,3.0,58,False,0.17578628931446583
17352,0.0,4,True,0.17573878693934708
17353,3.0,110,False,0.17569128456422822
17354,0.0,8,True,0.17564378218910948
17355,3.0,40,False,0.17559627981399073
17356,3.0,76,False,0.17554877743887198
17357,3.0,68,False,0.17550127506375324
17358,0.0,15,True,0.1754537726886345
17359,3.0,34,False,0.17540627031351574
17360,2.0,42,True,0.1753587679383969
17361,3.0,43,False,0.17531126556327814
17362,0.0,13,True,0.1752637631881594
17363,0.0,5,True,0.17521626081304065
17364,0.0,48,True,0.1751687584379219
17365,3.0,30,False,0.17512125606280315
17366,3.0,31,False,0.1750737536876844
17367,3.0,69,False,0.17502625131256566
17368,0.0,10,True,0.17497874893744692
17369,3.0,48,False,0.17493124656232817
17370,0.0,11,True,0.17488374418720942
17371,3.0,45,False,0.17483624181209068
17372,0.0,46,True,0.17478873943697193
17373,3.0,45,False,0.17474123706185318
17374,0.0,17,True,0.17469373468673433
17375,3.0,32,False,0.17464623231161558
17376,0.0,21,True,0.17459872993649683
17377,3.0,56,False,0.1745512275613781
17378,0.0,6,True,0.17450372518625934
17379,3.0,71,False,0.1744562228111406
17380,0.0,6,True,0.17440872043602185
17381,3.0,32,False,0.174361218060903
17382,1.0,32,True,0.17431371568578424
17383,0.0,29,True,0.1742662133106655
17384,3.0,44,False,0.17421871093554686
17385,3.0,44,False,0.17417120856042811
17386,3.0,38,False,0.17412370618530937
17387,3.0,33,False,0.17407620381019062
17388,3.0,43,False,0.17402870143507176
17389,0.0,9,True,0.17398119905995302
17390,3.0,41,False,0.17393369668483427
17391,0.0,16,True,0.17388619430971552
17392,3.0,61,False,0.17383869193459678
17393,0.0,9,True,0.17379118955947803
17394,3.0,51,False,0.17374368718435929
17395,0.0,36,True,0.17369618480924043
17396,3.0,53,False,0.17364868243412168
17397,1.0,62,True,0.17360118005900294
17398,3.0,50,False,0.1735536776838842
17399,0.0,7,True,0.17350617530876544
17400,3.0,38,False,0.1734586729336467
17401,3.0,60,False,0.17341117055852795
17402,3.0,72,False,0.1733636681834092
17403,3.0,29,False,0.17331616580829046
17404,3.0,30,False,0.1732686634331717
17405,0.0,3,True,0.17322116105805296
17406,3.0,56,False,0.17317365868293422
17407,2.0,32,True,0.17312615630781547
17408,0.0,8,True,0.17307865393269672
17409,0.0,5,True,0.17303115155757787
17410,3.0,30,False,0.17298364918245912
17411,0.0,30,True,0.17293614680734037
17412,3.0,85,False,0.17288864443222163
17413,1.0,203,True,0.17284114205710288
17414,3.0,59,False,0.17279363968198413
17415,3.0,34,False,0.1727461373068654
17416,0.0,11,True,0.17269863493174653
17417,3.0,41,False,0.17265113255662778
17418,0.0,4,True,0.17260363018150904
17419,3.0,41,False,0.1725561278063904
17420,3.0,31,False,0.17250862543127166
17421,0.0,30,True,0.1724611230561529
17422,3.0,37,False,0.17241362068103416
17423,3.0,35,False,0.1723661183059153
17424,3.0,42,False,0.17231861593079656
17425,3.0,23,False,0.1722711135556778
17426,3.0,31,False,0.17222361118055907
17427,3.0,73,False,0.17217610880544032
17428,3.0,46,False,0.17212860643032157
17429,3.0,78,False,0.17208110405520283
17430,3.0,38,False,0.17203360168008397
17431,3.0,73,False,0.17198609930496522
17432,2.0,43,True,0.17193859692984648
17433,3.0,34,False,0.17189109455472773
17434,3.0,42,False,0.17184359217960898
17435,0.0,5,True,0.17179608980449024
17436,3.0,30,False,0.1717485874293715
17437,2.0,42,True,0.17170108505425274
17438,3.0,46,False,0.171653582679134
17439,0.0,10,True,0.17160608030401525
17440,3.0,46,False,0.1715585779288965
17441,3.0,84,False,0.17151107555377776
17442,0.0,18,True,0.171463573178659
17443,0.0,28,True,0.17141607080354027
17444,0.0,24,True,0.1713685684284214
17445,0.0,26,True,0.17132106605330266
17446,0.0,9,True,0.17127356367818392
17447,0.0,6,True,0.17122606130306517
17448,0.0,21,True,0.17117855892794642
17449,0.0,26,True,0.17113105655282768
17450,3.0,39,False,0.17108355417770893
17451,3.0,34,False,0.17103605180259007
17452,3.0,51,False,0.17098854942747133
17453,3.0,69,False,0.17094104705235258
17454,3.0,38,False,0.17089354467723394
17455,3.0,45,False,0.1708460423021152
17456,3.0,49,False,0.17079853992699645
17457,0.0,5,True,0.1707510375518777
17458,3.0,39,False,0.17070353517675885
17459,3.0,49,False,0.1706560328016401
17460,3.0,35,False,0.17060853042652135
17461,0.0,11,True,0.1705610280514026
17462,3.0,39,False,0.17051352567628386
17463,0.0,7,True,0.17046602330116511
17464,0.0,16,True,0.17041852092604637
17465,0.0,5,True,0.1703710185509275
17466,0.0,13,True,0.17032351617580876
17467,0.0,5,True,0.17027601380069002
17468,3.0,50,False,0.17022851142557127
17469,3.0,24,False,0.17018100905045253
17470,0.0,6,True,0.17013350667533378
17471,3.0,38,False,0.17008600430021503
17472,0.0,22,True,0.17003850192509629
17473,0.0,29,True,0.16999099954997754
17474,3.0,113,False,0.1699434971748588
17475,3.0,64,False,0.16989599479974005
17476,3.0,25,False,0.1698484924246213
17477,3.0,72,False,0.16980099004950255
17478,3.0,30,False,0.1697534876743838
17479,3.0,56,False,0.16970598529926495
17480,0.0,13,True,0.1696584829241462
17481,0.0,27,True,0.16961098054902746
17482,3.0,43,False,0.1695634781739087
17483,0.0,4,True,0.16951597579878996
17484,0.0,24,True,0.16946847342367122
17485,3.0,69,False,0.16942097104855247
17486,0.0,3,True,0.1693734686734336
17487,3.0,51,False,0.16932596629831487
17488,3.0,41,False,0.16927846392319612
17489,0.0,11,True,0.16923096154807749
17490,3.0,40,False,0.16918345917295874
17491,3.0,30,False,0.16913595679784
17492,3.0,31,False,0.16908845442272125
17493,3.0,53,False,0.1690409520476024
17494,0.0,3,True,0.16899344967248364
17495,0.0,5,True,0.1689459472973649
17496,3.0,53,False,0.16889844492224615
17497,0.0,24,True,0.1688509425471274
17498,3.0,75,False,0.16880344017200866
17499,3.0,27,False,0.1687559377968899
17500,3.0,41,False,0.16870843542177116
17501,0.0,8,True,0.1686609330466523
17502,3.0,58,False,0.16861343067153356
17503,3.0,37,False,0.1685659282964148
17504,0.0,17,True,0.16851842592129607
17505,0.0,14,True,0.16847092354617732
17506,3.0,51,False,0.16842342117105868
17507,0.0,11,True,0.16837591879593994
17508,0.0,25,True,0.16832841642082108
17509,3.0,51,False,0.16828091404570233
17510,3.0,37,False,0.1682334116705836
17511,3.0,37,False,0.16818590929546484
17512,3.0,39,False,0.1681384069203461
17513,3.0,59,False,0.16809090454522735
17514,3.0,105,False,0.1680434021701086
17515,1.0,49,True,0.16799589979498974
17516,0.0,24,True,0.167948397419871
17517,1.0,51,True,0.16790089504475225
17518,3.0,51,False,0.1678533926696335
17519,3.0,43,False,0.16780589029451476
17520,1.0,33,True,0.167758387919396
17521,3.0,24,False,0.16771088554427727
17522,3.0,48,False,0.1676633831691584
17523,3.0,41,False,0.16761588079403977
17524,1.0,45,True,0.16756837841892103
17525,3.0,75,False,0.16752087604380228
17526,3.0,52,False,0.16747337366868353
17527,3.0,33,False,0.1674258712935648
17528,3.0,54,False,0.16737836891844604
17529,3.0,36,False,0.16733086654332718
17530,1.0,88,True,0.16728336416820844
17531,3.0,50,False,0.1672358617930897
17532,0.0,5,True,0.16718835941797094
17533,3.0,32,False,0.1671408570428522
17534,0.0,23,True,0.16709335466773345
17535,0.0,27,True,0.1670458522926147
17536,0.0,3,True,0.16699834991749585
17537,0.0,27,True,0.1669508475423771
17538,3.0,88,False,0.16690334516725835
17539,0.0,17,True,0.1668558427921396
17540,3.0,56,False,0.16680834041702086
17541,0.0,24,True,0.16676083804190223
17542,2.0,49,True,0.16671333566678348
17543,0.0,3,True,0.16666583329166462
17544,3.0,76,False,0.16661833091654588
17545,3.0,34,False,0.16657082854142713
17546,0.0,2,True,0.16652332616630838
17547,2.0,54,True,0.16647582379118964
17548,0.0,31,True,0.1664283214160709
17549,3.0,41,False,0.16638081904095214
17550,3.0,38,False,0.1663333166658333
17551,3.0,58,False,0.16628581429071454
17552,0.0,41,True,0.1662383119155958
17553,0.0,17,True,0.16619080954047705
17554,0.0,18,True,0.1661433071653583
17555,2.0,48,True,0.16609580479023955
17556,1.0,65,True,0.1660483024151208
17557,3.0,67,False,0.16600080004000195
17558,0.0,19,True,0.16595329766488331
17559,3.0,50,False,0.16590579528976457
17560,3.0,40,False,0.16585829291464582
17561,3.0,42,False,0.16581079053952708
17562,0.0,61,True,0.16576328816440833
17563,3.0,85,False,0.16571578578928958
17564,3.0,36,False,0.16566828341417073
17565,3.0,42,False,0.16562078103905198
17566,0.0,10,True,0.16557327866393323
17567,3.0,45,False,0.16552577628881449
17568,3.0,35,False,0.16547827391369574
17569,3.0,42,False,0.165430771538577
17570,0.0,63,True,0.16538326916345825
17571,3.0,60,False,0.1653357667883394
17572,0.0,18,True,0.16528826441322064
17573,0.0,40,True,0.1652407620381019
17574,1.0,55,True,0.16519325966298315
17575,3.0,35,False,0.1651457572878644
17576,3.0,36,False,0.16509825491274577
17577,3.0,55,False,0.16505075253762702
17578,2.0,30,True,0.16500325016250816
17579,3.0,33,False,0.16495574778738942
17580,3.0,41,False,0.16490824541227067
17581,3.0,40,False,0.16486074303715192
17582,2.0,41,True,0.16481324066203318
17583,3.0,50,False,0.16476573828691443
17584,3.0,56,False,0.16471823591179569
17585,0.0,101,True,0.16467073353667683
17586,3.0,67,False,0.16462323116155808
17587,2.0,54,True,0.16457572878643933
17588,0.0,18,True,0.1645282264113206
17589,3.0,53,False,0.16448072403620184
17590,0.0,4,True,0.1644332216610831
17591,0.0,17,True,0.16438571928596435
17592,0.0,15,True,0.1643382169108455
17593,0.0,37,True,0.16429071453572686
17594,3.0,26,False,0.1642432121606081
17595,3.0,47,False,0.16419570978548936
17596,0.0,3,True,0.16414820741037062
17597,0.0,10,True,0.16410070503525187
17598,0.0,17,True,0.16405320266013312
17599,3.0,37,False,0.16400570028501427
17600,0.0,19,True,0.16395819790989552
17601,3.0,38,False,0.16391069553477677
17602,3.0,31,False,0.16386319315965803
17603,0.0,6,True,0.16381569078453928
17604,0.0,10,True,0.16376818840942053
17605,3.0,31,False,0.1637206860343018
17606,3.0,42,False,0.16367318365918293
17607,3.0,47,False,0.16362568128406418
17608,0.0,17,True,0.16357817890894544
17609,3.0,39,False,0.1635306765338267
17610,0.0,18,True,0.16348317415870794
17611,3.0,61,False,0.1634356717835893
17612,3.0,37,False,0.16338816940847056
17613,3.0,33,False,0.1633406670333517
17614,0.0,4,True,0.16329316465823296
17615,3.0,40,False,0.1632456622831142
17616,0.0,26,True,0.16319815990799547
17617,0.0,8,True,0.16315065753287672
17618,3.0,52,False,0.16310315515775797
17619,3.0,34,False,0.16305565278263923
17620,3.0,71,False,0.16300815040752037
17621,0.0,9,True,0.16296064803240162
17622,3.0,42,False,0.16291314565728288
17623,3.0,34,False,0.16286564328216413
17624,0.0,14,True,0.16281814090704538
17625,3.0,66,False,0.16277063853192664
17626,3.0,33,False,0.1627231361568079
17627,3.0,25,False,0.16267563378168903
17628,3.0,59,False,0.1626281314065704
17629,0.0,18,True,0.16258062903145165
17630,3.0,30,False,0.1625331266563329
17631,0.0,11,True,0.16248562428121416
17632,0.0,12,True,0.1624381219060954
17633,3.0,29,False,0.16239061953097667
17634,3.0,46,False,0.1623431171558578
17635,2.0,40,True,0.16229561478073906
17636,2.0,36,True,0.16224811240562032
17637,3.0,27,False,0.16220061003050157
17638,3.0,36,False,0.16215310765538282
17639,0.0,5,True,0.16210560528026408
17640,3.0,51,False,0.16205810290514533
17641,0.0,8,True,0.16201060053002647
17642,1.0,36,True,0.16196309815490773
17643,0.0,9,True,0.16191559577978898
17644,0.0,45,True,0.16186809340467023
17645,2.0,81,True,0.16182059102955149
17646,0.0,6,True,0.16177308865443285
17647,0.0,12,True,0.1617255862793141
17648,0.0,13,True,0.16167808390419525
17649,3.0,36,False,0.1616305815290765
17650,0.0,12,True,0.16158307915395775
17651,3.0,58,False,0.161535576778839
17652,3.0,35,False,0.16148807440372026
17653,3.0,29,False,0.16144057202860151
17654,1.0,31,True,0.16139306965348277
17655,3.0,55,False,0.1613455672783639
17656,3.0,91,False,0.16129806490324516
17657,0.0,3,True,0.16125056252812642
17658,3.0,44,False,0.16120306015300767
17659,3.0,96,False,0.16115555777788892
17660,0.0,8,True,0.16110805540277018
17661,3.0,55,False,0.16106055302765143
17662,3.0,38,False,0.16101305065253257
17663,0.0,15,True,0.16096554827741394
17664,3.0,45,False,0.1609180459022952
17665,0.0,5,True,0.16087054352717645
17666,3.0,64,False,0.1608230411520577
17667,3.0,123,False,0.16077553877693895
17668,3.0,33,False,0.1607280364018202
17669,3.0,43,False,0.16068053402670135
17670,0.0,12,True,0.1606330316515826
17671,0.0,4,True,0.16058552927646386
17672,3.0,32,False,0.1605380269013451
17673,0.0,6,True,0.16049052452622636
17674,3.0,28,False,0.16044302215110762
17675,0.0,9,True,0.16039551977598887
17676,3.0,31,False,0.16034801740087
17677,3.0,43,False,0.16030051502575127
17678,2.0,45,True,0.16025301265063252
17679,3.0,37,False,0.16020551027551377
17680,0.0,7,True,0.16015800790039503
17681,3.0,52,False,0.1601105055252764
17682,0.0,14,True,0.16006300315015765
17683,3.0,38,False,0.1600155007750388
17684,3.0,61,False,0.15996799839992004
17685,0.0,12,True,0.1599204960248013
17686,0.0,18,True,0.15987299364968255
17687,0.0,8,True,0.1598254912745638
17688,3.0,32,False,0.15977798889944506
17689,3.0,31,False,0.1597304865243263
17690,3.0,38,False,0.15968298414920745
17691,0.0,6,True,0.1596354817740887
17692,0.0,10,True,0.15958797939896996
17693,0.0,32,True,0.1595404770238512
17694,3.0,43,False,0.15949297464873247
17695,3.0,35,False,0.15944547227361372
17696,3.0,59,False,0.15939796989849497
17697,3.0,51,False,0.15935046752337612
17698,3.0,88,False,0.15930296514825748
17699,3.0,61,False,0.15925546277313873
17700,2.0,55,True,0.15920796039802
17701,3.0,52,False,0.15916045802290124
17702,3.0,37,False,0.1591129556477825
17703,3.0,55,False,0.15906545327266375
17704,3.0,39,False,0.1590179508975449
17705,3.0,33,False,0.15897044852242614
17706,0.0,9,True,0.1589229461473074
17707,3.0,36,False,0.15887544377218865
17708,0.0,22,True,0.1588279413970699
17709,3.0,51,False,0.15878043902195116
17710,0.0,21,True,0.1587329366468324
17711,3.0,41,False,0.15868543427171355
17712,3.0,35,False,0.1586379318965948
17713,0.0,4,True,0.15859042952147606
17714,3.0,34,False,0.15854292714635732
17715,3.0,35,False,0.15849542477123857
17716,3.0,37,False,0.15844792239611993
17717,0.0,16,True,0.1584004200210012
17718,3.0,94,False,0.15835291764588233
17719,3.0,44,False,0.15830541527076358
17720,3.0,52,False,0.15825791289564484
17721,3.0,40,False,0.1582104105205261
17722,3.0,30,False,0.15816290814540734
17723,0.0,12,True,0.1581154057702886
17724,3.0,50,False,0.15806790339516985
17725,3.0,37,False,0.158020401020051
17726,3.0,38,False,0.15797289864493225
17727,3.0,61,False,0.1579253962698135
17728,3.0,42,False,0.15787789389469475
17729,0.0,9,True,0.157830391519576
17730,0.0,16,True,0.15778288914445726
17731,3.0,35,False,0.15773538676933851
17732,3.0,55,False,0.15768788439421966
17733,3.0,30,False,0.15764038201910102
17734,0.0,6,True,0.15759287964398228
17735,0.0,24,True,0.15754537726886353
17736,0.0,8,True,0.15749787489374478
17737,0.0,4,True,0.15745037251862604
17738,0.0,17,True,0.1574028701435073
17739,3.0,30,False,0.15735536776838843
17740,2.0,52,True,0.15730786539326969
17741,0.0,19,True,0.15726036301815094
17742,0.0,3,True,0.1572128606430322
17743,0.0,91,True,0.15716535826791345
17744,3.0,36,False,0.1571178558927947
17745,3.0,53,False,0.15707035351767595
17746,3.0,48,False,0.1570228511425571
17747,3.0,43,False,0.15697534876743835
17748,0.0,16,True,0.1569278463923196
17749,2.0,32,True,0.15688034401720086
17750,3.0,41,False,0.1568328416420821
17751,0.0,11,True,0.15678533926696347
17752,0.0,7,True,0.15673783689184473
17753,0.0,15,True,0.15669033451672587
17754,3.0,73,False,0.15664283214160712
17755,0.0,6,True,0.15659532976648838
17756,3.0,25,False,0.15654782739136963
17757,3.0,35,False,0.15650032501625089
17758,3.0,58,False,0.15645282264113214
17759,1.0,67,True,0.1564053202660134
17760,3.0,49,False,0.15635781789089453
17761,3.0,47,False,0.1563103155157758
17762,3.0,35,False,0.15626281314065704
17763,0.0,5,True,0.1562153107655383
17764,0.0,21,True,0.15616780839041955
17765,3.0,52,False,0.1561203060153008
17766,0.0,22,True,0.15607280364018206
17767,3.0,64,False,0.1560253012650632
17768,3.0,54,False,0.15597779888994456
17769,3.0,37,False,0.15593029651482582
17770,3.0,54,False,0.15588279413970707
17771,3.0,35,False,0.15583529176458832
17772,3.0,67,False,0.15578778938946958
17773,0.0,6,True,0.15574028701435083
17774,3.0,75,False,0.15569278463923197
17775,2.0,44,True,0.15564528226411323
17776,3.0,44,False,0.15559777988899448
17777,3.0,56,False,0.15555027751387573
17778,0.0,9,True,0.155502775138757
17779,0.0,25,True,0.15545527276363824
17780,3.0,47,False,0.1554077703885195
17781,0.0,16,True,0.15536026801340064
17782,0.0,5,True,0.1553127656382819
17783,3.0,56,False,0.15526526326316314
17784,2.0,65,True,0.1552177608880444
17785,3.0,32,False,0.15517025851292565
17786,3.0,37,False,0.15512275613780702
17787,3.0,27,False,0.15507525376268827
17788,3.0,49,False,0.1550277513875694
17789,3.0,25,False,0.15498024901245067
17790,3.0,58,False,0.15493274663733192
17791,0.0,10,True,0.15488524426221317
17792,0.0,10,True,0.15483774188709443
17793,0.0,6,True,0.15479023951197568
17794,0.0,6,True,0.15474273713685693
17795,3.0,37,False,0.15469523476173808
17796,3.0,46,False,0.15464773238661933
17797,0.0,7,True,0.15460023001150058
17798,0.0,27,True,0.15455272763638184
17799,3.0,62,False,0.1545052252612631
17800,3.0,30,False,0.15445772288614434
17801,3.0,46,False,0.1544102205110256
17802,0.0,29,True,0.15436271813590674
17803,3.0,50,False,0.1543152157607881
17804,3.0,38,False,0.15426771338566936
17805,0.0,7,True,0.1542202110105506
17806,0.0,4,True,0.15417270863543187
17807,3.0,70,False,0.15412520626031312
17808,3.0,46,False,0.15407770388519437
17809,0.0,14,True,0.15403020151007552
17810,0.0,6,True,0.15398269913495677
17811,3.0,54,False,0.15393519675983802
17812,3.0,40,False,0.15388769438471928
17813,3.0,51,False,0.15384019200960053
17814,3.0,37,False,0.15379268963448178
17815,3.0,35,False,0.15374518725936304
17816,3.0,51,False,0.15369768488424418
17817,3.0,46,False,0.15365018250912543
17818,3.0,55,False,0.15360268013400669
17819,3.0,62,False,0.15355517775888794
17820,3.0,41,False,0.1535076753837692
17821,3.0,26,False,0.15346017300865056
17822,3.0,40,False,0.1534126706335318
17823,0.0,7,True,0.15336516825841295
17824,2.0,35,True,0.1533176658832942
17825,3.0,53,False,0.15327016350817546
17826,3.0,50,False,0.15322266113305671
17827,3.0,60,False,0.15317515875793797
17828,3.0,44,False,0.15312765638281922
17829,1.0,36,True,0.15308015400770048
17830,3.0,35,False,0.15303265163258162
17831,0.0,5,True,0.15298514925746287
17832,3.0,57,False,0.15293764688234412
17833,3.0,37,False,0.15289014450722538
17834,0.0,14,True,0.15284264213210663
17835,3.0,32,False,0.15279513975698789
17836,3.0,31,False,0.15274763738186914
17837,0.0,5,True,0.15270013500675028
17838,0.0,3,True,0.15265263263163165
17839,3.0,27,False,0.1526051302565129
17840,2.0,43,True,0.15255762788139415
17841,0.0,4,True,0.1525101255062754
17842,3.0,26,False,0.15246262313115666
17843,3.0,39,False,0.15241512075603791
17844,0.0,26,True,0.15236761838091906
17845,0.0,6,True,0.1523201160058003
17846,0.0,4,True,0.15227261363068156
17847,0.0,5,True,0.15222511125556282
17848,0.0,45,True,0.15217760888044407
17849,3.0,63,False,0.15213010650532532
17850,0.0,10,True,0.15208260413020658
17851,3.0,33,False,0.15203510175508772
17852,3.0,62,False,0.15198759937996897
17853,3.0,23,False,0.15194009700485023
17854,3.0,45,False,0.15189259462973148
17855,2.0,52,True,0.15184509225461273
17856,0.0,13,True,0.1517975898794941
17857,0.0,9,True,0.15175008750437535
17858,3.0,26,False,0.1517025851292565
17859,0.0,12,True,0.15165508275413775
17860,3.0,47,False,0.151607580379019
17861,3.0,31,False,0.15156007800390026
17862,3.0,40,False,0.1515125756287815
17863,3.0,49,False,0.15146507325366276
17864,3.0,58,False,0.15141757087854402
17865,3.0,36,False,0.15137006850342516
17866,0.0,15,True,0.1513225661283064
17867,1.0,41,True,0.15127506375318767
17868,3.0,35,False,0.15122756137806892
17869,3.0,50,False,0.15118005900295017
17870,3.0,42,False,0.15113255662783143
17871,3.0,55,False,0.15108505425271268
17872,0.0,11,True,0.15103755187759382
17873,3.0,36,False,0.1509900495024752
17874,2.0,43,True,0.15094254712735644
17875,0.0,41,True,0.1508950447522377
17876,1.0,56,True,0.15084754237711895
17877,0.0,28,True,0.1508000400020002
17878,0.0,28,True,0.15075253762688146
17879,3.0,33,False,0.1507050352517626
17880,3.0,51,False,0.15065753287664385
17881,0.0,10,True,0.1506100305015251
17882,0.0,9,True,0.15056252812640636
17883,0.0,20,True,0.1505150257512876
17884,3.0,75,False,0.15046752337616887
17885,3.0,33,False,0.15042002100105012
17886,0.0,23,True,0.15037251862593126
17887,3.0,49,False,0.15032501625081252
17888,0.0,38,True,0.15027751387569377
17889,3.0,49,False,0.15023001150057502
17890,2.0,31,True,0.15018250912545628
17891,3.0,38,False,0.15013500675033764
17892,3.0,38,False,0.1500875043752189
17893,0.0,25,True,0.15004000200010004
17894,0.0,9,True,0.1499924996249813
17895,3.0,51,False,0.14994499724986254
17896,0.0,3,True,0.1498974948747438
17897,3.0,38,False,0.14984999249962505
17898,3.0,33,False,0.1498024901245063
17899,3.0,31,False,0.14975498774938756
17900,0.0,8,True,0.1497074853742687
17901,3.0,60,False,0.14965998299914995
17902,3.0,33,False,0.1496124806240312
17903,3.0,42,False,0.14956497824891246
17904,3.0,41,False,0.14951747587379371
17905,0.0,10,True,0.14946997349867497
17906,3.0,75,False,0.14942247112355622
17907,0.0,25,True,0.14937496874843736
17908,3.0,41,False,0.14932746637331873
17909,3.0,33,False,0.14927996399819998
17910,3.0,40,False,0.14923246162308124
17911,0.0,46,True,0.1491849592479625
17912,3.0,46,False,0.14913745687284374
17913,3.0,38,False,0.149089954497725
17914,0.0,3,True,0.14904245212260614
17915,0.0,14,True,0.1489949497474874
17916,3.0,40,False,0.14894744737236865
17917,3.0,65,False,0.1488999449972499
17918,3.0,73,False,0.14885244262213115
17919,0.0,4,True,0.1488049402470124
17920,3.0,89,False,0.14875743787189366
17921,3.0,53,False,0.1487099354967748
17922,3.0,39,False,0.14866243312165606
17923,3.0,47,False,0.1486149307465373
17924,3.0,44,False,0.14856742837141856
17925,0.0,7,True,0.14851992599629982
17926,0.0,25,True,0.14847242362118118
17927,3.0,27,False,0.14842492124606244
17928,0.0,12,True,0.14837741887094358
17929,0.0,28,True,0.14832991649582483
17930,1.0,43,True,0.14828241412070609
17931,3.0,52,False,0.14823491174558734
17932,0.0,39,True,0.1481874093704686
17933,3.0,67,False,0.14813990699534985
17934,3.0,33,False,0.1480924046202311
17935,3.0,64,False,0.14804490224511224
17936,0.0,13,True,0.1479973998699935
17937,0.0,16,True,0.14794989749487475
17938,3.0,52,False,0.147902395119756
17939,3.0,31,False,0.14785489274463726
17940,3.0,55,False,0.1478073903695185
17941,0.0,5,True,0.14775988799439976
17942,3.0,86,False,0.1477123856192809
17943,3.0,44,False,0.14766488324416227
17944,0.0,4,True,0.14761738086904352
17945,0.0,13,True,0.14756987849392478
17946,3.0,59,False,0.14752237611880603
17947,3.0,79,False,0.14747487374368728
17948,3.0,42,False,0.14742737136856854
17949,1.0,25,True,0.14737986899344968
17950,3.0,49,False,0.14733236661833093
17951,3.0,38,False,0.1472848642432122
17952,1.0,28,True,0.14723736186809344
17953,3.0,33,False,0.1471898594929747
17954,3.0,40,False,0.14714235711785595
17955,3.0,29,False,0.1470948547427372
17956,0.0,24,True,0.14704735236761834
17957,3.0,72,False,0.1469998499924996
17958,3.0,46,False,0.14695234761738085
17959,0.0,14,True,0.1469048452422621
17960,2.0,40,True,0.14685734286714336
17961,2.0,37,True,0.14680984049202472
17962,0.0,42,True,0.14676233811690598
17963,3.0,31,False,0.14671483574178712
17964,0.0,24,True,0.14666733336666837
17965,0.0,8,True,0.14661983099154963
17966,0.0,35,True,0.14657232861643088
17967,3.0,29,False,0.14652482624131213
17968,2.0,48,True,0.1464773238661934
17969,2.0,34,True,0.14642982149107464
17970,3.0,29,False,0.14638231911595578
17971,0.0,12,True,0.14633481674083704
17972,3.0,44,False,0.1462873143657183
17973,3.0,37,False,0.14623981199059954
17974,3.0,34,False,0.1461923096154808
17975,3.0,55,False,0.14614480724036205
17976,3.0,49,False,0.1460973048652433
17977,3.0,36,False,0.14604980249012445
17978,3.0,29,False,0.1460023001150058
17979,3.0,34,False,0.14595479773988707
17980,0.0,8,True,0.14590729536476832
17981,0.0,26,True,0.14585979298964957
17982,0.0,71,True,0.14581229061453083
17983,0.0,14,True,0.14576478823941208
17984,3.0,68,False,0.14571728586429322
17985,3.0,28,False,0.14566978348917448
17986,3.0,36,False,0.14562228111405573
17987,0.0,7,True,0.14557477873893698
17988,0.0,38,True,0.14552727636381824
17989,3.0,50,False,0.1454797739886995
17990,1.0,53,True,0.14543227161358074
17991,0.0,19,True,0.1453847692384619
17992,3.0,65,False,0.14533726686334314
17993,0.0,14,True,0.1452897644882244
17994,3.0,39,False,0.14524226211310565
17995,3.0,33,False,0.1451947597379869
17996,0.0,67,True,0.14514725736286826
17997,3.0,44,False,0.14509975498774952
17998,3.0,46,False,0.14505225261263066
17999,3.0,98,False,0.14500475023751191
18000,3.0,25,False,0.14495724786239317
18001,3.0,42,False,0.14490974548727442
18002,3.0,39,False,0.14486224311215568
18003,0.0,25,True,0.14481474073703693
18004,3.0,69,False,0.14476723836191818
18005,3.0,43,False,0.14471973598679932
18006,3.0,60,False,0.14467223361168058
18007,2.0,39,True,0.14462473123656183
18008,0.0,4,True,0.14457722886144309
18009,2.0,36,True,0.14452972648632434
18010,0.0,23,True,0.1444822241112056
18011,3.0,52,False,0.14443472173608685
18012,0.0,7,True,0.144387219360968
18013,0.0,17,True,0.14433971698584935
18014,0.0,3,True,0.1442922146107306
18015,2.0,40,True,0.14424471223561186
18016,3.0,28,False,0.14419720986049311
18017,1.0,54,True,0.14414970748537437
18018,3.0,68,False,0.14410220511025562
18019,0.0,14,True,0.14405470273513676
18020,3.0,45,False,0.14400720036001802
18021,3.0,32,False,0.14395969798489927
18022,3.0,32,False,0.14391219560978052
18023,0.0,10,True,0.14386469323466178
18024,0.0,26,True,0.14381719085954303
18025,0.0,7,True,0.14376968848442429
18026,0.0,22,True,0.14372218610930543
18027,0.0,11,True,0.14367468373418668
18028,0.0,9,True,0.14362718135906793
18029,3.0,37,False,0.1435796789839492
18030,3.0,70,False,0.14353217660883044
18031,1.0,34,True,0.1434846742337118
18032,2.0,57,True,0.14343717185859306
18033,0.0,3,True,0.1433896694834742
18034,0.0,11,True,0.14334216710835546
18035,3.0,33,False,0.1432946647332367
18036,0.0,7,True,0.14324716235811796
18037,0.0,29,True,0.14319965998299922
18038,3.0,44,False,0.14315215760788047
18039,3.0,59,False,0.14310465523276172
18040,3.0,45,False,0.14305715285764287
18041,0.0,12,True,0.14300965048252412
18042,3.0,29,False,0.14296214810740537
18043,0.0,33,True,0.14291464573228663
18044,3.0,63,False,0.14286714335716788
18045,0.0,9,True,0.14281964098204913
18046,3.0,39,False,0.1427721386069304
18047,0.0,5,True,0.14272463623181153
18048,3.0,33,False,0.1426771338566929
18049,3.0,67,False,0.14262963148157415
18050,3.0,55,False,0.1425821291064554
18051,3.0,40,False,0.14253462673133666
18052,3.0,41,False,0.1424871243562179
18053,0.0,36,True,0.14243962198109916
18054,0.0,6,True,0.1423921196059803
18055,1.0,53,True,0.14234461723086156
18056,0.0,9,True,0.1422971148557428
18057,0.0,8,True,0.14224961248062407
18058,2.0,63,True,0.14220211010550532
18059,0.0,11,True,0.14215460773038657
18060,0.0,23,True,0.14210710535526783
18061,3.0,46,False,0.14205960298014897
18062,3.0,37,False,0.14201210060503022
18063,3.0,32,False,0.14196459822991148
18064,3.0,31,False,0.14191709585479273
18065,3.0,31,False,0.14186959347967398
18066,0.0,29,True,0.14182209110455535
18067,3.0,62,False,0.1417745887294366
18068,0.0,13,True,0.14172708635431774
18069,0.0,6,True,0.141679583979199
18070,3.0,40,False,0.14163208160408025
18071,3.0,42,False,0.1415845792289615
18072,3.0,41,False,0.14153707685384276
18073,0.0,10,True,0.141489574478724
18074,0.0,30,True,0.14144207210360527
18075,3.0,59,False,0.1413945697284864
18076,3.0,46,False,0.14134706735336766
18077,3.0,33,False,0.14129956497824891
18078,3.0,74,False,0.14125206260313017
18079,0.0,16,True,0.14120456022801142
18080,2.0,85,True,0.14115705785289268
18081,3.0,32,False,0.14110955547777393
18082,0.0,6,True,0.14106205310265507
18083,0.0,10,True,0.14101455072753644
18084,2.0,43,True,0.1409670483524177
18085,3.0,33,False,0.14091954597729894
18086,2.0,36,True,0.1408720436021802
18087,3.0,41,False,0.14082454122706145
18088,3.0,53,False,0.1407770388519427
18089,3.0,36,False,0.14072953647682385
18090,3.0,34,False,0.1406820341017051
18091,3.0,48,False,0.14063453172658635
18092,3.0,37,False,0.1405870293514676
18093,3.0,47,False,0.14053952697634886
18094,3.0,57,False,0.14049202460123011
18095,3.0,38,False,0.14044452222611137
18096,3.0,38,False,0.1403970198509925
18097,3.0,30,False,0.14034951747587376
18098,0.0,13,True,0.14030201510075502
18099,3.0,36,False,0.14025451272563627
18100,3.0,77,False,0.14020701035051752
18101,3.0,66,False,0.1401595079753989
18102,0.0,75,True,0.14011200560028014
18103,0.0,6,True,0.14006450322516129
18104,2.0,57,True,0.14001700085004254
18105,3.0,52,False,0.1399694984749238
18106,0.0,9,True,0.13992199609980505
18107,0.0,9,True,0.1398744937246863
18108,0.0,21,True,0.13982699134956755
18109,2.0,53,True,0.1397794889744488
18110,0.0,6,True,0.13973198659932995
18111,0.0,7,True,0.1396844842242112
18112,3.0,38,False,0.13963698184909246
18113,0.0,12,True,0.1395894794739737
18114,3.0,69,False,0.13954197709885496
18115,3.0,36,False,0.13949447472373622
18116,3.0,33,False,0.13944697234861747
18117,3.0,49,False,0.1393994699734986
18118,2.0,35,True,0.13935196759837998
18119,3.0,32,False,0.13930446522326123
18120,3.0,72,False,0.13925696284814248
18121,0.0,8,True,0.13920946047302374
18122,0.0,36,True,0.139161958097905
18123,3.0,65,False,0.13911445572278625
18124,0.0,8,True,0.1390669533476674
18125,0.0,5,True,0.13901945097254864
18126,0.0,3,True,0.1389719485974299
18127,3.0,61,False,0.13892444622231115
18128,3.0,50,False,0.1388769438471924
18129,3.0,33,False,0.13882944147207366
18130,3.0,44,False,0.1387819390969549
18131,3.0,31,False,0.13873443672183605
18132,3.0,29,False,0.1386869343467173
18133,3.0,44,False,0.13863943197159856
18134,3.0,57,False,0.1385919295964798
18135,0.0,7,True,0.13854442722136107
18136,3.0,40,False,0.13849692484624243
18137,3.0,57,False,0.13844942247112368
18138,0.0,10,True,0.13840192009600483
18139,1.0,95,True,0.13835441772088608
18140,0.0,11,True,0.13830691534576733
18141,0.0,48,True,0.1382594129706486
18142,3.0,36,False,0.13821191059552984
18143,3.0,46,False,0.1381644082204111
18144,3.0,34,False,0.13811690584529235
18145,3.0,36,False,0.1380694034701735
18146,2.0,30,True,0.13802190109505474
18147,0.0,32,True,0.137974398719936
18148,3.0,42,False,0.13792689634481725
18149,0.0,24,True,0.1378793939696985
18150,3.0,68,False,0.13783189159457976
18151,3.0,39,False,0.137784389219461
18152,0.0,16,True,0.13773688684434215
18153,0.0,19,True,0.13768938446922352
18154,0.0,18,True,0.13764188209410477
18155,0.0,12,True,0.13759437971898603
18156,3.0,34,False,0.13754687734386728
18157,3.0,41,False,0.13749937496874853
18158,3.0,66,False,0.1374518725936298
18159,0.0,6,True,0.13740437021851093
18160,0.0,21,True,0.13735686784339218
18161,0.0,6,True,0.13730936546827344
18162,0.0,6,True,0.1372618630931547
18163,3.0,55,False,0.13721436071803594
18164,3.0,27,False,0.1371668583429172
18165,3.0,47,False,0.13711935596779845
18166,3.0,50,False,0.1370718535926796
18167,3.0,28,False,0.13702435121756085
18168,0.0,42,True,0.1369768488424421
18169,3.0,32,False,0.13692934646732335
18170,3.0,30,False,0.1368818440922046
18171,3.0,35,False,0.13683434171708597
18172,0.0,25,True,0.13678683934196723
18173,3.0,30,False,0.13673933696684837
18174,0.0,10,True,0.13669183459172962
18175,0.0,41,True,0.13664433221661088
18176,3.0,35,False,0.13659682984149213
18177,3.0,73,False,0.13654932746637338
18178,3.0,53,False,0.13650182509125464
18179,1.0,30,True,0.1364543227161359
18180,3.0,40,False,0.13640682034101703
18181,3.0,38,False,0.13635931796589829
18182,3.0,31,False,0.13631181559077954
18183,0.0,26,True,0.1362643132156608
18184,1.0,26,True,0.13621681084054205
18185,3.0,38,False,0.1361693084654233
18186,3.0,42,False,0.13612180609030455
18187,0.0,29,True,0.1360743037151857
18188,3.0,35,False,0.13602680134006706
18189,0.0,14,True,0.13597929896494831
18190,0.0,9,True,0.13593179658982957
18191,3.0,34,False,0.13588429421471082
18192,3.0,37,False,0.13583679183959207
18193,3.0,50,False,0.13578928946447333
18194,0.0,8,True,0.13574178708935447
18195,0.0,11,True,0.13569428471423572
18196,3.0,44,False,0.13564678233911698
18197,0.0,69,True,0.13559927996399823
18198,0.0,22,True,0.13555177758887949
18199,0.0,10,True,0.13550427521376074
18200,0.0,18,True,0.135456772838642
18201,3.0,35,False,0.13540927046352313
18202,0.0,17,True,0.1353617680884044
18203,3.0,73,False,0.13531426571328564
18204,3.0,60,False,0.1352667633381669
18205,0.0,8,True,0.13521926096304815
18206,2.0,80,True,0.1351717585879295
18207,0.0,5,True,0.13512425621281077
18208,3.0,33,False,0.1350767538376919
18209,3.0,43,False,0.13502925146257316
18210,0.0,49,True,0.13498174908745442
18211,0.0,64,True,0.13493424671233567
18212,3.0,36,False,0.13488674433721692
18213,0.0,2,True,0.13483924196209818
18214,3.0,37,False,0.13479173958697943
18215,3.0,34,False,0.13474423721186068
18216,3.0,45,False,0.13469673483674183
18217,0.0,9,True,0.13464923246162308
18218,3.0,44,False,0.13460173008650433
18219,0.0,66,True,0.1345542277113856
18220,3.0,40,False,0.13450672533626684
18221,0.0,12,True,0.1344592229611481
18222,0.0,19,True,0.13441172058602935
18223,3.0,59,False,0.1343642182109106
18224,0.0,36,True,0.13431671583579186
18225,3.0,38,False,0.1342692134606731
18226,3.0,34,False,0.13422171108555436
18227,3.0,93,False,0.13417420871043562
18228,0.0,2,True,0.13412670633531687
18229,3.0,46,False,0.13407920396019812
18230,3.0,79,False,0.13403170158507927
18231,2.0,87,True,0.13398419920996052
18232,0.0,10,True,0.13393669683484177
18233,3.0,63,False,0.13388919445972303
18234,0.0,41,True,0.13384169208460428
18235,0.0,22,True,0.13379418970948553
18236,0.0,3,True,0.1337466873343668
18237,3.0,48,False,0.13369918495924793
18238,3.0,66,False,0.13365168258412918
18239,3.0,56,False,0.13360418020901044
18240,0.0,37,True,0.1335566778338917
18241,0.0,51,True,0.13350917545877306
18242,3.0,42,False,0.1334616730836543
18243,3.0,42,False,0.13341417070853556
18244,3.0,33,False,0.1333666683334167
18245,3.0,50,False,0.13331916595829796
18246,3.0,31,False,0.1332716635831792
18247,3.0,64,False,0.13322416120806047
18248,2.0,33,True,0.13317665883294172
18249,3.0,35,False,0.13312915645782297
18250,3.0,37,False,0.13308165408270423
18251,3.0,47,False,0.13303415170758537
18252,3.0,38,False,0.13298664933246662
18253,0.0,3,True,0.13293914695734788
18254,3.0,55,False,0.13289164458222913
18255,0.0,7,True,0.13284414220711038
18256,0.0,4,True,0.13279663983199164
18257,3.0,62,False,0.1327491374568729
18258,3.0,76,False,0.13270163508175414
18259,3.0,40,False,0.1326541327066354
18260,3.0,38,False,0.13260663033151665
18261,0.0,26,True,0.1325591279563979
18262,0.0,17,True,0.13251162558127916
18263,3.0,52,False,0.1324641232061604
18264,0.0,19,True,0.13241662083104166
18265,0.0,16,True,0.1323691184559228
18266,3.0,25,False,0.13232161608080406
18267,3.0,61,False,0.13227411370568531
18268,3.0,40,False,0.13222661133056657
18269,3.0,53,False,0.13217910895544782
18270,3.0,32,False,0.13213160658032908
18271,3.0,35,False,0.13208410420521033
18272,3.0,54,False,0.13203660183009147
18273,3.0,74,False,0.13198909945497272
18274,0.0,13,True,0.13194159707985398
18275,0.0,6,True,0.13189409470473523
18276,3.0,29,False,0.1318465923296166
18277,0.0,14,True,0.13179908995449785
18278,3.0,78,False,0.1317515875793791
18279,3.0,39,False,0.13170408520426025
18280,3.0,31,False,0.1316565828291415
18281,0.0,20,True,0.13160908045402275
18282,3.0,36,False,0.131561578078904
18283,3.0,29,False,0.13151407570378526
18284,3.0,53,False,0.13146657332866651
18285,3.0,30,False,0.13141907095354777
18286,3.0,45,False,0.1313715685784289
18287,3.0,51,False,0.13132406620331016
18288,3.0,56,False,0.13127656382819142
18289,3.0,50,False,0.13122906145307267
18290,0.0,8,True,0.13118155907795392
18291,3.0,61,False,0.13113405670283518
18292,3.0,47,False,0.13108655432771643
18293,3.0,72,False,0.13103905195259768
18294,3.0,33,False,0.13099154957747894
18295,3.0,55,False,0.1309440472023602
18296,0.0,36,True,0.13089654482724145
18297,3.0,39,False,0.1308490424521227
18298,3.0,33,False,0.13080154007700395
18299,0.0,13,True,0.1307540377018852
18300,3.0,56,False,0.13070653532676635
18301,3.0,73,False,0.1306590329516476
18302,0.0,22,True,0.13061153057652886
18303,3.0,32,False,0.1305640282014101
18304,3.0,36,False,0.13051652582629136
18305,0.0,24,True,0.13046902345117262
18306,0.0,17,True,0.13042152107605387
18307,3.0,57,False,0.130374018700935
18308,3.0,37,False,0.13032651632581627
18309,3.0,48,False,0.13027901395069752
18310,0.0,29,True,0.13023151157557877
18311,3.0,76,False,0.13018400920046014
18312,3.0,75,False,0.1301365068253414
18313,3.0,44,False,0.13008900445022265
18314,3.0,35,False,0.1300415020751038
18315,3.0,42,False,0.12999399969998504
18316,0.0,8,True,0.1299464973248663
18317,1.0,39,True,0.12989899494974755
18318,2.0,40,True,0.1298514925746288
18319,3.0,29,False,0.12980399019951006
18320,3.0,49,False,0.1297564878243913
18321,0.0,18,True,0.12970898544927245
18322,3.0,35,False,0.1296614830741537
18323,0.0,7,True,0.12961398069903496
18324,3.0,39,False,0.1295664783239162
18325,3.0,93,False,0.12951897594879747
18326,3.0,29,False,0.12947147357367872
18327,3.0,70,False,0.12942397119855997
18328,0.0,25,True,0.12937646882344123
18329,0.0,38,True,0.12932896644832248
18330,3.0,79,False,0.12928146407320373
18331,3.0,47,False,0.129233961698085
18332,0.0,13,True,0.12918645932296624
18333,3.0,29,False,0.1291389569478475
18334,0.0,42,True,0.12909145457272875
18335,2.0,40,True,0.1290439521976099
18336,3.0,55,False,0.12899644982249114
18337,3.0,25,False,0.1289489474473724
18338,3.0,42,False,0.12890144507225365
18339,3.0,37,False,0.1288539426971349
18340,3.0,83,False,0.12880644032201616
18341,0.0,11,True,0.1287589379468974
18342,3.0,44,False,0.12871143557177855
18343,2.0,32,True,0.1286639331966598
18344,3.0,42,False,0.12861643082154106
18345,3.0,27,False,0.12856892844642231
18346,0.0,14,True,0.12852142607130368
18347,3.0,84,False,0.12847392369618493
18348,3.0,56,False,0.1284264213210662
18349,3.0,27,False,0.12837891894594733
18350,3.0,45,False,0.12833141657082858
18351,3.0,36,False,0.12828391419570984
18352,3.0,57,False,0.1282364118205911
18353,0.0,11,True,0.12818890944547234
18354,0.0,12,True,0.1281414070703536
18355,3.0,28,False,0.12809390469523485
18356,3.0,31,False,0.128046402320116
18357,3.0,79,False,0.12799889994499725
18358,3.0,69,False,0.1279513975698785
18359,0.0,30,True,0.12790389519475975
18360,2.0,39,True,0.127856392819641
18361,3.0,53,False,0.12780889044452226
18362,3.0,39,False,0.12776138806940351
18363,3.0,27,False,0.12771388569428477
18364,3.0,34,False,0.12766638331916602
18365,3.0,34,False,0.12761888094404727
18366,0.0,6,True,0.12757137856892853
18367,1.0,37,True,0.12752387619380978
18368,0.0,16,True,0.12747637381869104
18369,3.0,39,False,0.1274288714435723
18370,0.0,18,True,0.12738136906845343
18371,3.0,37,False,0.12733386669333469
18372,2.0,77,True,0.12728636431821594
18373,3.0,52,False,0.1272388619430972
18374,3.0,39,False,0.12719135956797845
18375,3.0,35,False,0.1271438571928597
18376,3.0,51,False,0.12709635481774095
18377,3.0,58,False,0.1270488524426221
18378,3.0,57,False,0.12700135006750335
18379,3.0,41,False,0.1269538476923846
18380,3.0,39,False,0.12690634531726586
18381,0.0,23,True,0.12685884294214722
18382,3.0,35,False,0.12681134056702847
18383,0.0,48,True,0.12676383819190973
18384,0.0,9,True,0.12671633581679087
18385,3.0,33,False,0.12666883344167212
18386,3.0,54,False,0.12662133106655338
18387,3.0,27,False,0.12657382869143463
18388,3.0,87,False,0.12652632631631588
18389,0.0,6,True,0.12647882394119714
18390,3.0,37,False,0.1264313215660784
18391,3.0,62,False,0.12638381919095953
18392,0.0,9,True,0.1263363168158408
18393,3.0,36,False,0.12628881444072204
18394,3.0,47,False,0.1262413120656033
18395,0.0,9,True,0.12619380969048455
18396,0.0,9,True,0.1261463073153658
18397,3.0,35,False,0.12609880494024706
18398,3.0,37,False,0.1260513025651283
18399,3.0,63,False,0.12600380019000956
18400,1.0,49,True,0.12595629781489082
18401,3.0,27,False,0.12590879543977207
18402,3.0,41,False,0.12586129306465332
18403,3.0,39,False,0.12581379068953458
18404,3.0,24,False,0.12576628831441583
18405,3.0,39,False,0.12571878593929697
18406,3.0,68,False,0.12567128356417823
18407,0.0,9,True,0.12562378118905948
18408,3.0,25,False,0.12557627881394073
18409,3.0,48,False,0.125528776438822
18410,0.0,3,True,0.12548127406370324
18411,0.0,9,True,0.1254337716885845
18412,3.0,70,False,0.12538626931346564
18413,0.0,9,True,0.1253387669383469
18414,3.0,29,False,0.12529126456322814
18415,3.0,36,False,0.1252437621881094
18416,3.0,83,False,0.12519625981299076
18417,3.0,84,False,0.12514875743787202
18418,3.0,48,False,0.12510125506275327
18419,2.0,93,True,0.1250537526876344
18420,2.0,45,True,0.12500625031251567
18421,0.0,14,True,0.12495874793739692
18422,0.0,23,True,0.12491124556227817
18423,0.0,21,True,0.12486374318715943
18424,3.0,30,False,0.12481624081204068
18425,3.0,42,False,0.12476873843692193
18426,3.0,73,False,0.12472123606180308
18427,0.0,20,True,0.12467373368668433
18428,3.0,38,False,0.12462623131156558
18429,3.0,28,False,0.12457872893644684
18430,0.0,28,True,0.12453122656132809
18431,3.0,34,False,0.12448372418620934
18432,3.0,60,False,0.1244362218110906
18433,0.0,3,True,0.12438871943597185
18434,0.0,21,True,0.1243412170608531
18435,3.0,33,False,0.12429371468573436
18436,0.0,13,True,0.12424621231061561
18437,3.0,41,False,0.12419870993549686
18438,0.0,8,True,0.12415120756037812
18439,1.0,38,True,0.12410370518525937
18440,3.0,38,False,0.12405620281014051
18441,3.0,30,False,0.12400870043502177
18442,3.0,52,False,0.12396119805990302
18443,0.0,18,True,0.12391369568478428
18444,2.0,52,True,0.12386619330966553
18445,0.0,5,True,0.12381869093454678
18446,0.0,25,True,0.12377118855942804
18447,3.0,35,False,0.12372368618430918
18448,3.0,33,False,0.12367618380919043
18449,2.0,24,True,0.12362868143407169
18450,2.0,48,True,0.12358117905895294
18451,0.0,3,True,0.1235336766838343
18452,0.0,11,True,0.12348617430871556
18453,3.0,64,False,0.12343867193359681
18454,3.0,63,False,0.12339116955847795
18455,3.0,30,False,0.1233436671833592
18456,3.0,54,False,0.12329616480824046
18457,0.0,7,True,0.12324866243312171
18458,3.0,45,False,0.12320116005800297
18459,3.0,48,False,0.12315365768288422
18460,3.0,62,False,0.12310615530776547
18461,3.0,33,False,0.12305865293264662
18462,1.0,62,True,0.12301115055752787
18463,3.0,57,False,0.12296364818240912
18464,0.0,4,True,0.12291614580729038
18465,3.0,28,False,0.12286864343217163
18466,3.0,78,False,0.12282114105705288
18467,1.0,47,True,0.12277363868193414
18468,3.0,54,False,0.12272613630681539
18469,3.0,25,False,0.12267863393169665
18470,3.0,31,False,0.1226311315565779
18471,3.0,45,False,0.12258362918145915
18472,0.0,8,True,0.1225361268063404
18473,0.0,3,True,0.12248862443122166
18474,3.0,33,False,0.12244112205610291
18475,3.0,25,False,0.12239361968098406
18476,0.0,14,True,0.12234611730586531
18477,0.0,15,True,0.12229861493074656
18478,3.0,75,False,0.12225111255562782
18479,3.0,85,False,0.12220361018050907
18480,1.0,49,True,0.12215610780539032
18481,3.0,64,False,0.12210860543027158
18482,3.0,103,False,0.12206110305515272
18483,3.0,56,False,0.12201360068003397
18484,0.0,16,True,0.12196609830491523
18485,3.0,147,False,0.12191859592979648
18486,3.0,47,False,0.12187109355467785
18487,3.0,43,False,0.1218235911795591
18488,0.0,10,True,0.12177608880444035
18489,0.0,41,True,0.1217285864293215
18490,0.0,11,True,0.12168108405420275
18491,3.0,69,False,0.121633581679084
18492,3.0,55,False,0.12158607930396526
18493,0.0,22,True,0.12153857692884651
18494,3.0,65,False,0.12149107455372776
18495,3.0,93,False,0.12144357217860902
18496,3.0,28,False,0.12139606980349016
18497,3.0,63,False,0.12134856742837141
18498,0.0,5,True,0.12130106505325267
18499,0.0,4,True,0.12125356267813392
18500,0.0,10,True,0.12120606030301517
18501,2.0,56,True,0.12115855792789643
18502,1.0,35,True,0.12111105555277768
18503,3.0,62,False,0.12106355317765893
18504,0.0,3,True,0.12101605080254019
18505,0.0,3,True,0.12096854842742144
18506,3.0,30,False,0.1209210460523027
18507,3.0,33,False,0.12087354367718395
18508,0.0,8,True,0.1208260413020652
18509,2.0,76,True,0.12077853892694645
18510,3.0,38,False,0.1207310365518276
18511,0.0,19,True,0.12068353417670885
18512,0.0,16,True,0.1206360318015901
18513,0.0,19,True,0.12058852942647136
18514,3.0,33,False,0.12054102705135261
18515,3.0,32,False,0.12049352467623387
18516,3.0,45,False,0.12044602230111512
18517,0.0,4,True,0.12039851992599626
18518,0.0,28,True,0.12035101755087751
18519,3.0,58,False,0.12030351517575877
18520,3.0,47,False,0.12025601280064002
18521,3.0,31,False,0.12020851042552139
18522,2.0,53,True,0.12016100805040264
18523,3.0,40,False,0.1201135056752839
18524,0.0,6,True,0.12006600330016504
18525,0.0,10,True,0.12001850092504629
18526,2.0,47,True,0.11997099854992754
18527,3.0,39,False,0.1199234961748088
18528,3.0,28,False,0.11987599379969005
18529,0.0,10,True,0.1198284914245713
18530,0.0,20,True,0.11978098904945256
18531,3.0,39,False,0.1197334866743337
18532,3.0,59,False,0.11968598429921495
18533,0.0,15,True,0.11963848192409621
18534,3.0,42,False,0.11959097954897746
18535,3.0,74,False,0.11954347717385871
18536,3.0,25,False,0.11949597479873997
18537,0.0,4,True,0.11944847242362122
18538,3.0,68,False,0.11940097004850247
18539,3.0,43,False,0.11935346767338373
18540,2.0,41,True,0.11930596529826498
18541,3.0,71,False,0.11925846292314624
18542,3.0,57,False,0.11921096054802749
18543,3.0,35,False,0.11916345817290874
18544,3.0,34,False,0.11911595579779
18545,3.0,49,False,0.11906845342267114
18546,2.0,52,True,0.11902095104755239
18547,1.0,51,True,0.11897344867243365
18548,0.0,12,True,0.1189259462973149
18549,0.0,8,True,0.11887844392219615
18550,0.0,3,True,0.1188309415470774
18551,3.0,33,False,0.11878343917195866
18552,3.0,26,False,0.1187359367968398
18553,3.0,47,False,0.11868843442172106
18554,3.0,53,False,0.11864093204660231
18555,3.0,83,False,0.11859342967148356
18556,0.0,15,True,0.11854592729636493
18557,3.0,31,False,0.11849842492124618
18558,3.0,29,False,0.11845092254612744
18559,0.0,12,True,0.11840342017100858
18560,3.0,77,False,0.11835591779588983
18561,3.0,32,False,0.11830841542077108
18562,3.0,31,False,0.11826091304565234
18563,2.0,41,True,0.11821341067053359
18564,3.0,32,False,0.11816590829541485
18565,3.0,30,False,0.1181184059202961
18566,2.0,48,True,0.11807090354517724
18567,0.0,7,True,0.1180234011700585
18568,0.0,16,True,0.11797589879493975
18569,3.0,62,False,0.117928396419821
18570,3.0,28,False,0.11788089404470226
18571,3.0,36,False,0.11783339166958351
18572,3.0,43,False,0.11778588929446476
18573,3.0,29,False,0.11773838691934602
18574,0.0,6,True,0.11769088454422727
18575,3.0,49,False,0.11764338216910852
18576,3.0,37,False,0.11759587979398978
18577,0.0,25,True,0.11754837741887103
18578,3.0,99,False,0.11750087504375228
18579,3.0,47,False,0.11745337266863354
18580,3.0,39,False,0.11740587029351468
18581,3.0,37,False,0.11735836791839593
18582,3.0,65,False,0.11731086554327719
18583,3.0,32,False,0.11726336316815844
18584,3.0,33,False,0.1172158607930397
18585,0.0,9,True,0.11716835841792095
18586,3.0,58,False,0.1171208560428022
18587,0.0,3,True,0.11707335366768334
18588,3.0,29,False,0.1170258512925646
18589,0.0,39,True,0.11697834891744585
18590,3.0,68,False,0.1169308465423271
18591,3.0,39,False,0.11688334416720847
18592,3.0,37,False,0.11683584179208972
18593,3.0,46,False,0.11678833941697098
18594,3.0,53,False,0.11674083704185212
18595,3.0,42,False,0.11669333466673337
18596,0.0,10,True,0.11664583229161463
18597,0.0,3,True,0.11659832991649588
18598,3.0,34,False,0.11655082754137713
18599,3.0,64,False,0.11650332516625839
18600,3.0,33,False,0.11645582279113964
18601,0.0,5,True,0.11640832041602078
18602,0.0,8,True,0.11636081804090204
18603,3.0,58,False,0.11631331566578329
18604,3.0,23,False,0.11626581329066454
18605,3.0,41,False,0.1162183109155458
18606,3.0,32,False,0.11617080854042705
18607,0.0,53,True,0.1161233061653083
18608,3.0,43,False,0.11607580379018956
18609,3.0,48,False,0.11602830141507081
18610,0.0,20,True,0.11598079903995206
18611,3.0,69,False,0.11593329666483332
18612,2.0,53,True,0.11588579428971457
18613,1.0,74,True,0.11583829191459583
18614,1.0,50,True,0.11579078953947708
18615,3.0,36,False,0.11574328716435822
18616,0.0,29,True,0.11569578478923948
18617,3.0,44,False,0.11564828241412073
18618,3.0,49,False,0.11560078003900198
18619,2.0,37,True,0.11555327766388324
18620,3.0,40,False,0.11550577528876449
18621,3.0,62,False,0.11545827291364574
18622,0.0,30,True,0.11541077053852689
18623,3.0,33,False,0.11536326816340814
18624,2.0,49,True,0.11531576578828939
18625,3.0,61,False,0.11526826341317065
18626,2.0,41,True,0.11522076103805201
18627,3.0,33,False,0.11517325866293326
18628,3.0,77,False,0.11512575628781452
18629,3.0,60,False,0.11507825391269566
18630,0.0,16,True,0.11503075153757691
18631,3.0,41,False,0.11498324916245817
18632,3.0,37,False,0.11493574678733942
18633,3.0,38,False,0.11488824441222067
18634,3.0,79,False,0.11484074203710193
18635,3.0,54,False,0.11479323966198318
18636,2.0,87,True,0.11474573728686432
18637,3.0,32,False,0.11469823491174558
18638,3.0,34,False,0.11465073253662683
18639,2.0,33,True,0.11460323016150809
18640,3.0,35,False,0.11455572778638934
18641,2.0,30,True,0.11450822541127059
18642,3.0,43,False,0.11446072303615185
18643,3.0,56,False,0.1144132206610331
18644,3.0,24,False,0.11436571828591435
18645,3.0,43,False,0.1143182159107956
18646,3.0,41,False,0.11427071353567686
18647,3.0,32,False,0.11422321116055811
18648,3.0,41,False,0.11417570878543937
18649,0.0,3,True,0.11412820641032062
18650,3.0,38,False,0.11408070403520176
18651,0.0,27,True,0.11403320166008302
18652,0.0,18,True,0.11398569928496427
18653,2.0,31,True,0.11393819690984552
18654,0.0,29,True,0.11389069453472678
18655,0.0,9,True,0.11384319215960803
18656,3.0,44,False,0.11379568978448928
18657,3.0,51,False,0.11374818740937043
18658,0.0,16,True,0.11370068503425168
18659,3.0,92,False,0.11365318265913293
18660,3.0,53,False,0.11360568028401419
18661,2.0,39,True,0.11355817790889555
18662,0.0,7,True,0.1135106755337768
18663,3.0,44,False,0.11346317315865806
18664,3.0,50,False,0.1134156707835392
18665,3.0,42,False,0.11336816840842046
18666,2.0,62,True,0.11332066603330171
18667,3.0,41,False,0.11327316365818296
18668,3.0,72,False,0.11322566128306422
18669,3.0,31,False,0.11317815890794547
18670,3.0,29,False,0.11313065653282672
18671,3.0,53,False,0.11308315415770787
18672,3.0,34,False,0.11303565178258912
18673,3.0,55,False,0.11298814940747037
18674,1.0,30,True,0.11294064703235163
18675,0.0,9,True,0.11289314465723288
18676,2.0,88,True,0.11284564228211413
18677,3.0,41,False,0.11279813990699539
18678,3.0,35,False,0.11275063753187664
18679,3.0,40,False,0.1127031351567579
18680,3.0,36,False,0.11265563278163915
18681,0.0,21,True,0.1126081304065204
18682,3.0,37,False,0.11256062803140165
18683,2.0,75,True,0.11251312565628291
18684,3.0,41,False,0.11246562328116416
18685,3.0,50,False,0.1124181209060453
18686,0.0,38,True,0.11237061853092656
18687,3.0,129,False,0.11232311615580781
18688,0.0,20,True,0.11227561378068907
18689,3.0,30,False,0.11222811140557032
18690,3.0,44,False,0.11218060903045157
18691,3.0,66,False,0.11213310665533283
18692,3.0,50,False,0.11208560428021397
18693,0.0,10,True,0.11203810190509522
18694,0.0,4,True,0.11199059952997648
18695,3.0,33,False,0.11194309715485773
18696,3.0,31,False,0.1118955947797391
18697,3.0,31,False,0.11184809240462035
18698,3.0,37,False,0.1118005900295016
18699,3.0,30,False,0.11175308765438274
18700,3.0,45,False,0.111705585279264
18701,3.0,62,False,0.11165808290414525
18702,3.0,56,False,0.1116105805290265
18703,3.0,28,False,0.11156307815390776
18704,0.0,15,True,0.11151557577878901
18705,3.0,23,False,0.11146807340367026
18706,3.0,58,False,0.11142057102855141
18707,3.0,43,False,0.11137306865343266
18708,3.0,36,False,0.11132556627831391
18709,3.0,44,False,0.11127806390319517
18710,3.0,34,False,0.11123056152807642
18711,3.0,46,False,0.11118305915295768
18712,1.0,51,True,0.11113555677783893
18713,3.0,39,False,0.11108805440272018
18714,0.0,21,True,0.11104055202760144
18715,3.0,39,False,0.11099304965248269
18716,0.0,2,True,0.11094554727736394
18717,3.0,61,False,0.1108980449022452
18718,3.0,37,False,0.11085054252712645
18719,3.0,54,False,0.1108030401520077
18720,3.0,33,False,0.11075553777688885
18721,3.0,37,False,0.1107080354017701
18722,3.0,41,False,0.11066053302665135
18723,3.0,59,False,0.1106130306515326
18724,3.0,41,False,0.11056552827641386
18725,0.0,3,True,0.11051802590129511
18726,3.0,26,False,0.11047052352617637
18727,3.0,53,False,0.11042302115105751
18728,3.0,36,False,0.11037551877593876
18729,0.0,8,True,0.11032801640082002
18730,2.0,38,True,0.11028051402570127
18731,0.0,10,True,0.11023301165058264
18732,0.0,25,True,0.11018550927546389
18733,3.0,65,False,0.11013800690034514
18734,2.0,45,True,0.11009050452522628
18735,3.0,31,False,0.11004300215010754
18736,3.0,34,False,0.10999549977498879
18737,3.0,50,False,0.10994799739987005
18738,3.0,62,False,0.1099004950247513
18739,0.0,19,True,0.10985299264963255
18740,1.0,32,True,0.1098054902745138
18741,0.0,3,True,0.10975798789939495
18742,3.0,53,False,0.1097104855242762
18743,3.0,48,False,0.10966298314915746
18744,3.0,24,False,0.10961548077403871
18745,3.0,45,False,0.10956797839891996
18746,3.0,56,False,0.10952047602380122
18747,3.0,53,False,0.10947297364868247
18748,3.0,54,False,0.10942547127356372
18749,3.0,38,False,0.10937796889844498
18750,3.0,35,False,0.10933046652332623
18751,3.0,33,False,0.10928296414820748
18752,3.0,34,False,0.10923546177308874
18753,0.0,22,True,0.10918795939796999
18754,3.0,32,False,0.10914045702285124
18755,3.0,38,False,0.10909295464773239
18756,0.0,16,True,0.10904545227261364
18757,3.0,57,False,0.1089979498974949
18758,0.0,30,True,0.10895044752237615
18759,3.0,34,False,0.1089029451472574
18760,3.0,52,False,0.10885544277213866
18761,0.0,17,True,0.10880794039701991
18762,0.0,8,True,0.10876043802190105
18763,2.0,34,True,0.1087129356467823
18764,0.0,49,True,0.10866543327166356
18765,3.0,63,False,0.10861793089654481
18766,3.0,38,False,0.10857042852142618
18767,3.0,25,False,0.10852292614630743
18768,3.0,45,False,0.10847542377118868
18769,3.0,40,False,0.10842792139606983
18770,0.0,10,True,0.10838041902095108
18771,0.0,5,True,0.10833291664583233
18772,0.0,12,True,0.10828541427071359
18773,3.0,66,False,0.10823791189559484
18774,3.0,47,False,0.1081904095204761
18775,0.0,15,True,0.10814290714535735
18776,3.0,66,False,0.10809540477023849
18777,3.0,53,False,0.10804790239511974
18778,1.0,80,True,0.108000400020001
18779,2.0,43,True,0.10795289764488225
18780,1.0,56,True,0.1079053952697635
18781,0.0,31,True,0.10785789289464476
18782,3.0,64,False,0.10781039051952601
18783,3.0,29,False,0.10776288814440727
18784,0.0,16,True,0.10771538576928852
18785,3.0,37,False,0.10766788339416977
18786,3.0,37,False,0.10762038101905103
18787,2.0,29,True,0.10757287864393228
18788,3.0,45,False,0.10752537626881353
18789,3.0,25,False,0.10747787389369479
18790,3.0,37,False,0.10743037151857593
18791,3.0,51,False,0.10738286914345718
18792,3.0,33,False,0.10733536676833844
18793,0.0,7,True,0.10728786439321969
18794,3.0,27,False,0.10724036201810094
18795,3.0,84,False,0.1071928596429822
18796,3.0,39,False,0.10714535726786345
18797,3.0,39,False,0.10709785489274459
18798,3.0,31,False,0.10705035251762585
18799,0.0,19,True,0.1070028501425071
18800,3.0,33,False,0.10695534776738835
18801,0.0,30,True,0.10690784539226972
18802,0.0,27,True,0.10686034301715097
18803,3.0,45,False,0.10681284064203223
18804,3.0,29,False,0.10676533826691337
18805,3.0,61,False,0.10671783589179462
18806,3.0,29,False,0.10667033351667587
18807,3.0,39,False,0.10662283114155713
18808,2.0,45,True,0.10657532876643838
18809,3.0,78,False,0.10652782639131964
18810,3.0,28,False,0.10648032401620089
18811,3.0,47,False,0.10643282164108203
18812,3.0,83,False,0.10638531926596329
18813,3.0,34,False,0.10633781689084454
18814,0.0,9,True,0.10629031451572579
18815,0.0,6,True,0.10624281214060705
18816,0.0,14,True,0.1061953097654883
18817,0.0,4,True,0.10614780739036955
18818,0.0,3,True,0.1061003050152508
18819,2.0,53,True,0.10605280264013206
18820,3.0,70,False,0.10600530026501331
18821,3.0,54,False,0.10595779788989457
18822,0.0,6,True,0.10591029551477582
18823,3.0,61,False,0.10586279313965707
18824,2.0,65,True,0.10581529076453833
18825,3.0,52,False,0.10576778838941947
18826,1.0,36,True,0.10572028601430072
18827,0.0,15,True,0.10567278363918198
18828,3.0,31,False,0.10562528126406323
18829,2.0,22,True,0.10557777888894448
18830,3.0,25,False,0.10553027651382574
18831,3.0,40,False,0.10548277413870699
18832,3.0,29,False,0.10543527176358813
18833,3.0,39,False,0.10538776938846939
18834,3.0,39,False,0.10534026701335064
18835,3.0,30,False,0.1052927646382319
18836,3.0,54,False,0.10524526226311326
18837,3.0,25,False,0.10519775988799451
18838,3.0,48,False,0.10515025751287577
18839,3.0,47,False,0.10510275513775691
18840,0.0,8,True,0.10505525276263816
18841,3.0,52,False,0.10500775038751942
18842,3.0,34,False,0.10496024801240067
18843,3.0,59,False,0.10491274563728192
18844,3.0,34,False,0.10486524326216318
18845,3.0,38,False,0.10481774088704443
18846,0.0,16,True,0.10477023851192557
18847,3.0,67,False,0.10472273613680683
18848,3.0,83,False,0.10467523376168808
18849,0.0,10,True,0.10462773138656933
18850,3.0,45,False,0.10458022901145059
18851,3.0,34,False,0.10453272663633184
18852,3.0,38,False,0.1044852242612131
18853,3.0,37,False,0.10443772188609435
18854,3.0,29,False,0.1043902195109756
18855,0.0,7,True,0.10434271713585686
18856,3.0,29,False,0.10429521476073811
18857,0.0,5,True,0.10424771238561936
18858,3.0,36,False,0.10420021001050062
18859,0.0,5,True,0.10415270763538187
18860,0.0,11,True,0.10410520526026301
18861,3.0,44,False,0.10405770288514427
18862,1.0,72,True,0.10401020051002552
18863,3.0,59,False,0.10396269813490677
18864,3.0,40,False,0.10391519575978803
18865,3.0,31,False,0.10386769338466928
18866,3.0,44,False,0.10382019100955053
18867,3.0,43,False,0.10377268863443168
18868,3.0,77,False,0.10372518625931293
18869,2.0,29,True,0.10367768388419418
18870,2.0,46,True,0.10363018150907544
18871,0.0,26,True,0.1035826791339568
18872,0.0,6,True,0.10353517675883805
18873,3.0,54,False,0.10348767438371931
18874,3.0,32,False,0.10344017200860045
18875,3.0,47,False,0.1033926696334817
18876,3.0,61,False,0.10334516725836296
18877,0.0,4,True,0.10329766488324421
18878,2.0,46,True,0.10325016250812546
18879,3.0,43,False,0.10320266013300672
18880,3.0,30,False,0.10315515775788797
18881,3.0,61,False,0.10310765538276911
18882,3.0,55,False,0.10306015300765037
18883,3.0,34,False,0.10301265063253162
18884,0.0,11,True,0.10296514825741288
18885,3.0,41,False,0.10291764588229413
18886,3.0,24,False,0.10287014350717538
18887,3.0,28,False,0.10282264113205664
18888,0.0,11,True,0.10277513875693789
18889,3.0,50,False,0.10272763638181914
18890,3.0,43,False,0.1026801340067004
18891,0.0,16,True,0.10263263163158165
18892,3.0,32,False,0.1025851292564629
18893,0.0,25,True,0.10253762688134416
18894,2.0,30,True,0.10249012450622541
18895,3.0,31,False,0.10244262213110655
18896,0.0,18,True,0.1023951197559878
18897,3.0,31,False,0.10234761738086906
18898,3.0,40,False,0.10230011500575031
18899,3.0,40,False,0.10225261263063157
18900,3.0,43,False,0.10220511025551282
18901,3.0,27,False,0.10215760788039407
18902,3.0,29,False,0.10211010550527522
18903,0.0,15,True,0.10206260313015647
18904,3.0,26,False,0.10201510075503772
18905,0.0,13,True,0.10196759837991898
18906,3.0,30,False,0.10192009600480034
18907,2.0,31,True,0.1018725936296816
18908,3.0,53,False,0.10182509125456285
18909,0.0,7,True,0.10177758887944399
18910,3.0,74,False,0.10173008650432525
18911,3.0,53,False,0.1016825841292065
18912,0.0,10,True,0.10163508175408775
18913,3.0,40,False,0.101587579378969
18914,0.0,12,True,0.10154007700385026
18915,0.0,28,True,0.10149257462873151
18916,3.0,42,False,0.10144507225361266
18917,3.0,66,False,0.10139756987849391
18918,3.0,23,False,0.10135006750337516
18919,3.0,58,False,0.10130256512825642
18920,2.0,60,True,0.10125506275313767
18921,3.0,33,False,0.10120756037801892
18922,3.0,49,False,0.10116005800290018
18923,3.0,59,False,0.10111255562778143
18924,0.0,14,True,0.10106505325266268
18925,0.0,18,True,0.10101755087754394
18926,2.0,48,True,0.10097004850242519
18927,2.0,35,True,0.10092254612730645
18928,0.0,32,True,0.1008750437521877
18929,0.0,5,True,0.10082754137706895
18930,0.0,34,True,0.1007800390019502
18931,3.0,29,False,0.10073253662683135
18932,0.0,16,True,0.1006850342517126
18933,0.0,6,True,0.10063753187659386
18934,0.0,4,True,0.10059002950147511
18935,3.0,29,False,0.10054252712635636
18936,3.0,34,False,0.10049502475123762
18937,3.0,60,False,0.10044752237611887
18938,0.0,40,True,0.10040002000100001
18939,2.0,34,True,0.10035251762588127
18940,3.0,42,False,0.10030501525076252
18941,3.0,31,False,0.10025751287564388
18942,3.0,40,False,0.10021001050052514
18943,2.0,35,True,0.10016250812540639
18944,3.0,44,False,0.10011500575028764
18945,3.0,36,False,0.10006750337516879
18946,0.0,12,True,0.10002000100005004
18947,3.0,39,False,0.0999724986249313
18948,0.0,31,True,0.09992499624981255
18949,0.0,10,True,0.0998774938746938
18950,3.0,42,False,0.09982999149957505
18951,0.0,61,True,0.09978248912445631
18952,3.0,41,False,0.09973498674933745
18953,3.0,33,False,0.0996874843742187
18954,3.0,28,False,0.09963998199909996
18955,3.0,27,False,0.09959247962398121
18956,3.0,34,False,0.09954497724886247
18957,3.0,42,False,0.09949747487374372
18958,0.0,40,True,0.09944997249862497
18959,0.0,6,True,0.09940247012350623
18960,3.0,54,False,0.09935496774838748
18961,3.0,40,False,0.09930746537326873
18962,3.0,33,False,0.09925996299814999
18963,3.0,43,False,0.09921246062303124
18964,3.0,34,False,0.0991649582479125
18965,0.0,7,True,0.09911745587279375
18966,3.0,46,False,0.09906995349767489
18967,3.0,45,False,0.09902245112255614
18968,3.0,31,False,0.0989749487474374
18969,3.0,51,False,0.09892744637231865
18970,3.0,89,False,0.0988799439971999
18971,0.0,3,True,0.09883244162208116
18972,2.0,23,True,0.09878493924696241
18973,0.0,12,True,0.09873743687184355
18974,0.0,37,True,0.09868993449672481
18975,0.0,20,True,0.09864243212160606
18976,3.0,42,False,0.09859492974648743
18977,3.0,67,False,0.09854742737136868
18978,2.0,75,True,0.09849992499624993
18979,2.0,57,True,0.09845242262113119
18980,2.0,43,True,0.09840492024601233
18981,1.0,27,True,0.09835741787089358
18982,3.0,38,False,0.09830991549577484
18983,3.0,31,False,0.09826241312065609
18984,3.0,58,False,0.09821491074553734
18985,1.0,31,True,0.0981674083704186
18986,3.0,58,False,0.09811990599529985
18987,3.0,38,False,0.09807240362018099
18988,3.0,37,False,0.09802490124506225
18989,3.0,33,False,0.0979773988699435
18990,3.0,61,False,0.09792989649482475
18991,2.0,51,True,0.097882394119706
18992,3.0,43,False,0.09783489174458726
18993,3.0,34,False,0.09778738936946851
18994,3.0,57,False,0.09773988699434977
18995,3.0,43,False,0.09769238461923102
18996,2.0,33,True,0.09764488224411227
18997,3.0,61,False,0.09759737986899353
18998,3.0,33,False,0.09754987749387478
18999,3.0,35,False,0.09750237511875604
19000,3.0,53,False,0.09745487274363729
19001,3.0,31,False,0.09740737036851843
19002,0.0,3,True,0.09735986799339968
19003,3.0,54,False,0.09731236561828094
19004,3.0,26,False,0.09726486324316219
19005,3.0,33,False,0.09721736086804345
19006,3.0,45,False,0.0971698584929247
19007,3.0,35,False,0.09712235611780595
19008,3.0,38,False,0.0970748537426871
19009,3.0,34,False,0.09702735136756835
19010,3.0,51,False,0.0969798489924496
19011,0.0,18,True,0.09693234661733097
19012,3.0,38,False,0.09688484424221222
19013,3.0,53,False,0.09683734186709347
19014,0.0,37,True,0.09678983949197473
19015,3.0,81,False,0.09674233711685587
19016,3.0,39,False,0.09669483474173712
19017,1.0,71,True,0.09664733236661838
19018,3.0,69,False,0.09659982999149963
19019,0.0,15,True,0.09655232761638088
19020,3.0,29,False,0.09650482524126214
19021,3.0,55,False,0.09645732286614339
19022,3.0,29,False,0.09640982049102453
19023,3.0,47,False,0.09636231811590579
19024,0.0,15,True,0.09631481574078704
19025,3.0,27,False,0.0962673133656683
19026,0.0,24,True,0.09621981099054955
19027,3.0,39,False,0.0961723086154308
19028,3.0,37,False,0.09612480624031206
19029,3.0,33,False,0.09607730386519331
19030,3.0,42,False,0.09602980149007456
19031,3.0,40,False,0.09598229911495582
19032,0.0,11,True,0.09593479673983707
19033,3.0,63,False,0.09588729436471832
19034,3.0,44,False,0.09583979198959958
19035,0.0,35,True,0.09579228961448083
19036,3.0,61,False,0.09574478723936197
19037,3.0,25,False,0.09569728486424323
19038,3.0,41,False,0.09564978248912448
19039,0.0,15,True,0.09560228011400573
19040,0.0,4,True,0.09555477773888699
19041,3.0,75,False,0.09550727536376824
19042,3.0,39,False,0.0954597729886495
19043,3.0,26,False,0.09541227061353064
19044,3.0,35,False,0.09536476823841189
19045,3.0,80,False,0.09531726586329314
19046,3.0,37,False,0.09526976348817451
19047,3.0,42,False,0.09522226111305576
19048,3.0,64,False,0.09517475873793702
19049,3.0,82,False,0.09512725636281827
19050,3.0,84,False,0.09507975398769941
19051,3.0,71,False,0.09503225161258066
19052,3.0,44,False,0.09498474923746192
19053,3.0,38,False,0.09493724686234317
19054,2.0,51,True,0.09488974448722443
19055,3.0,28,False,0.09484224211210568
19056,3.0,35,False,0.09479473973698693
19057,3.0,38,False,0.09474723736186808
19058,0.0,79,True,0.09469973498674933
19059,3.0,42,False,0.09465223261163058
19060,3.0,34,False,0.09460473023651184
19061,3.0,33,False,0.09455722786139309
19062,3.0,31,False,0.09450972548627434
19063,3.0,47,False,0.0944622231111556
19064,3.0,54,False,0.09441472073603685
19065,0.0,56,True,0.0943672183609181
19066,3.0,44,False,0.09431971598579936
19067,3.0,38,False,0.09427221361068061
19068,3.0,25,False,0.09422471123556186
19069,3.0,43,False,0.09417720886044312
19070,3.0,84,False,0.09412970648532437
19071,3.0,98,False,0.09408220411020551
19072,3.0,36,False,0.09403470173508677
19073,3.0,27,False,0.09398719935996802
19074,2.0,47,True,0.09393969698484927
19075,3.0,44,False,0.09389219460973053
19076,3.0,62,False,0.09384469223461178
19077,3.0,45,False,0.09379718985949304
19078,0.0,24,True,0.09374968748437418
19079,3.0,33,False,0.09370218510925543
19080,3.0,35,False,0.09365468273413668
19081,3.0,38,False,0.09360718035901805
19082,3.0,40,False,0.0935596779838993
19083,3.0,46,False,0.09351217560878056
19084,3.0,33,False,0.09346467323366181
19085,3.0,27,False,0.09341717085854295
19086,3.0,33,False,0.0933696684834242
19087,3.0,25,False,0.09332216610830546
19088,3.0,31,False,0.09327466373318671
19089,3.0,28,False,0.09322716135806797
19090,0.0,14,True,0.09317965898294922
19091,0.0,6,True,0.09313215660783047
19092,0.0,22,True,0.09308465423271162
19093,3.0,31,False,0.09303715185759287
19094,3.0,48,False,0.09298964948247412
19095,3.0,28,False,0.09294214710735538
19096,3.0,38,False,0.09289464473223663
19097,0.0,7,True,0.09284714235711788
19098,0.0,18,True,0.09279963998199914
19099,3.0,91,False,0.09275213760688039
19100,3.0,35,False,0.09270463523176165
19101,3.0,40,False,0.0926571328566429
19102,3.0,23,False,0.09260963048152415
19103,3.0,44,False,0.0925621281064054
19104,3.0,51,False,0.09251462573128666
19105,0.0,9,True,0.09246712335616791
19106,3.0,29,False,0.09241962098104906
19107,0.0,7,True,0.09237211860593031
19108,0.0,11,True,0.09232461623081156
19109,0.0,24,True,0.09227711385569282
19110,3.0,40,False,0.09222961148057407
19111,0.0,14,True,0.09218210910545532
19112,3.0,35,False,0.09213460673033658
19113,3.0,31,False,0.09208710435521772
19114,2.0,74,True,0.09203960198009897
19115,3.0,41,False,0.09199209960498023
19116,3.0,47,False,0.09194459722986159
19117,3.0,29,False,0.09189709485474284
19118,3.0,58,False,0.0918495924796241
19119,0.0,9,True,0.09180209010450535
19120,0.0,9,True,0.0917545877293865
19121,0.0,27,True,0.09170708535426775
19122,3.0,27,False,0.091659582979149
19123,3.0,42,False,0.09161208060403025
19124,3.0,29,False,0.09156457822891151
19125,3.0,82,False,0.09151707585379276
19126,3.0,56,False,0.09146957347867402
19127,3.0,36,False,0.09142207110355516
19128,0.0,16,True,0.09137456872843641
19129,0.0,8,True,0.09132706635331767
19130,3.0,35,False,0.09127956397819892
19131,2.0,73,True,0.09123206160308017
19132,0.0,4,True,0.09118455922796143
19133,0.0,3,True,0.09113705685284268
19134,0.0,8,True,0.09108955447772393
19135,3.0,50,False,0.09104205210260519
19136,0.0,3,True,0.09099454972748644
19137,1.0,73,True,0.0909470473523677
19138,3.0,29,False,0.09089954497724895
19139,1.0,34,True,0.0908520426021302
19140,0.0,5,True,0.09080454022701145
19141,3.0,43,False,0.0907570378518926
19142,3.0,35,False,0.09070953547677385
19143,3.0,27,False,0.0906620331016551
19144,3.0,73,False,0.09061453072653636
19145,0.0,6,True,0.09056702835141761
19146,3.0,37,False,0.09051952597629886
19147,3.0,47,False,0.09047202360118012
19148,0.0,2,True,0.09042452122606126
19149,0.0,40,True,0.09037701885094251
19150,3.0,38,False,0.09032951647582377
19151,3.0,42,False,0.09028201410070513
19152,3.0,23,False,0.09023451172558639
19153,3.0,27,False,0.09018700935046764
19154,3.0,62,False,0.0901395069753489
19155,0.0,3,True,0.09009200460023004
19156,3.0,55,False,0.09004450222511129
19157,2.0,70,True,0.08999699984999254
19158,0.0,11,True,0.0899494974748738
19159,3.0,37,False,0.08990199509975505
19160,3.0,51,False,0.0898544927246363
19161,3.0,36,False,0.08980699034951756
19162,0.0,17,True,0.0897594879743987
19163,3.0,35,False,0.08971198559927995
19164,3.0,45,False,0.0896644832241612
19165,3.0,29,False,0.08961698084904246
19166,3.0,50,False,0.08956947847392371
19167,3.0,62,False,0.08952197609880497
19168,3.0,35,False,0.08947447372368622
19169,3.0,35,False,0.08942697134856747
19170,0.0,2,True,0.08937946897344873
19171,3.0,45,False,0.08933196659832998
19172,2.0,37,True,0.08928446422321124
19173,2.0,101,True,0.08923696184809249
19174,3.0,35,False,0.08918945947297374
19175,0.0,31,True,0.089141957097855
19176,3.0,66,False,0.08909445472273614
19177,1.0,25,True,0.08904695234761739
19178,0.0,17,True,0.08899944997249865
19179,3.0,31,False,0.0889519475973799
19180,3.0,38,False,0.08890444522226115
19181,0.0,13,True,0.0888569428471424
19182,0.0,32,True,0.08880944047202366
19183,3.0,60,False,0.0887619380969048
19184,2.0,44,True,0.08871443572178606
19185,3.0,32,False,0.08866693334666731
19186,3.0,79,False,0.08861943097154867
19187,3.0,37,False,0.08857192859642993
19188,0.0,15,True,0.08852442622131118
19189,3.0,91,False,0.08847692384619243
19190,3.0,26,False,0.08842942147107358
19191,3.0,40,False,0.08838191909595483
19192,0.0,43,True,0.08833441672083608
19193,3.0,41,False,0.08828691434571734
19194,3.0,25,False,0.08823941197059859
19195,3.0,31,False,0.08819190959547984
19196,3.0,45,False,0.0881444072203611
19197,3.0,57,False,0.08809690484524224
19198,3.0,37,False,0.0880494024701235
19199,3.0,67,False,0.08800190009500475
19200,3.0,34,False,0.087954397719886
19201,3.0,27,False,0.08790689534476726
19202,3.0,61,False,0.08785939296964851
19203,2.0,31,True,0.08781189059452976
19204,3.0,32,False,0.08776438821941102
19205,3.0,37,False,0.08771688584429227
19206,2.0,48,True,0.08766938346917352
19207,3.0,34,False,0.08762188109405478
19208,0.0,6,True,0.08757437871893603
19209,3.0,38,False,0.08752687634381728
19210,3.0,65,False,0.08747937396869854
19211,3.0,52,False,0.08743187159357968
19212,3.0,23,False,0.08738436921846093
19213,0.0,15,True,0.08733686684334219
19214,3.0,36,False,0.08728936446822344
19215,0.0,14,True,0.0872418620931047
19216,3.0,35,False,0.08719435971798595
19217,3.0,31,False,0.0871468573428672
19218,3.0,44,False,0.08709935496774834
19219,0.0,9,True,0.0870518525926296
19220,2.0,38,True,0.08700435021751085
19221,3.0,40,False,0.08695684784239222
19222,3.0,55,False,0.08690934546727347
19223,3.0,41,False,0.08686184309215472
19224,0.0,7,True,0.08681434071703598
19225,3.0,33,False,0.08676683834191712
19226,0.0,13,True,0.08671933596679837
19227,3.0,91,False,0.08667183359167963
19228,3.0,37,False,0.08662433121656088
19229,3.0,27,False,0.08657682884144213
19230,3.0,59,False,0.08652932646632339
19231,0.0,7,True,0.08648182409120464
19232,3.0,46,False,0.08643432171608578
19233,0.0,3,True,0.08638681934096704
19234,0.0,16,True,0.08633931696584829
19235,3.0,40,False,0.08629181459072954
19236,3.0,54,False,0.0862443122156108
19237,0.0,37,True,0.08619680984049205
19238,3.0,76,False,0.0861493074653733
19239,0.0,17,True,0.08610180509025456
19240,3.0,32,False,0.08605430271513581
19241,3.0,25,False,0.08600680034001706
19242,3.0,52,False,0.08595929796489832
19243,3.0,30,False,0.08591179558977957
19244,0.0,5,True,0.08586429321466083
19245,0.0,8,True,0.08581679083954208
19246,3.0,40,False,0.08576928846442322
19247,3.0,64,False,0.08572178608930447
19248,3.0,37,False,0.08567428371418573
19249,0.0,5,True,0.08562678133906698
19250,3.0,59,False,0.08557927896394824
19251,0.0,14,True,0.08553177658882949
19252,0.0,4,True,0.08548427421371074
19253,3.0,38,False,0.08543677183859189
19254,0.0,18,True,0.08538926946347314
19255,2.0,49,True,0.08534176708835439
19256,3.0,76,False,0.08529426471323576
19257,3.0,35,False,0.08524676233811701
19258,2.0,24,True,0.08519925996299826
19259,0.0,15,True,0.08515175758787952
19260,3.0,40,False,0.08510425521276066
19261,3.0,69,False,0.08505675283764191
19262,3.0,29,False,0.08500925046252317
19263,3.0,34,False,0.08496174808740442
19264,3.0,38,False,0.08491424571228567
19265,3.0,36,False,0.08486674333716693
19266,2.0,119,True,0.08481924096204818
19267,3.0,26,False,0.08477173858692932
19268,3.0,23,False,0.08472423621181058
19269,0.0,3,True,0.08467673383669183
19270,3.0,38,False,0.08462923146157308
19271,3.0,42,False,0.08458172908645434
19272,3.0,34,False,0.08453422671133559
19273,3.0,39,False,0.08448672433621685
19274,3.0,90,False,0.0844392219610981
19275,3.0,27,False,0.08439171958597935
19276,3.0,60,False,0.0843442172108606
19277,3.0,52,False,0.08429671483574186
19278,3.0,32,False,0.08424921246062311
19279,3.0,97,False,0.08420171008550437
19280,3.0,70,False,0.08415420771038562
19281,3.0,82,False,0.08410670533526676
19282,0.0,3,True,0.08405920296014802
19283,3.0,47,False,0.08401170058502927
19284,3.0,39,False,0.08396419820991052
19285,3.0,51,False,0.08391669583479178
19286,3.0,51,False,0.08386919345967303
19287,3.0,106,False,0.08382169108455428
19288,0.0,6,True,0.08377418870943543
19289,3.0,47,False,0.08372668633431668
19290,3.0,34,False,0.08367918395919793
19291,3.0,52,False,0.0836316815840793
19292,3.0,49,False,0.08358417920896055
19293,3.0,35,False,0.0835366768338418
19294,3.0,47,False,0.08348917445872306
19295,0.0,9,True,0.0834416720836042
19296,2.0,96,True,0.08339416970848545
19297,2.0,79,True,0.08334666733336671
19298,3.0,73,False,0.08329916495824796
19299,0.0,13,True,0.08325166258312922
19300,0.0,28,True,0.08320416020801047
19301,3.0,30,False,0.08315665783289172
19302,3.0,37,False,0.08310915545777287
19303,3.0,67,False,0.08306165308265412
19304,3.0,33,False,0.08301415070753537
19305,3.0,27,False,0.08296664833241663
19306,3.0,26,False,0.08291914595729788
19307,3.0,41,False,0.08287164358217913
19308,0.0,20,True,0.08282414120706039
19309,0.0,4,True,0.08277663883194164
19310,3.0,29,False,0.0827291364568229
19311,0.0,31,True,0.08268163408170415
19312,2.0,63,True,0.0826341317065854
19313,3.0,42,False,0.08258662933146665
19314,0.0,23,True,0.08253912695634791
19315,3.0,33,False,0.08249162458122916
19316,0.0,3,True,0.0824441222061103
19317,3.0,37,False,0.08239661983099156
19318,3.0,23,False,0.08234911745587281
19319,0.0,5,True,0.08230161508075406
19320,2.0,51,True,0.08225411270563532
19321,3.0,62,False,0.08220661033051657
19322,0.0,10,True,0.08215910795539783
19323,3.0,67,False,0.08211160558027897
19324,0.0,4,True,0.08206410320516022
19325,3.0,36,False,0.08201660083004148
19326,3.0,45,False,0.08196909845492284
19327,3.0,36,False,0.0819215960798041
19328,3.0,44,False,0.08187409370468535
19329,0.0,15,True,0.0818265913295666
19330,0.0,3,True,0.08177908895444774
19331,3.0,93,False,0.081731586579329
19332,0.0,8,True,0.08168408420421025
19333,3.0,41,False,0.0816365818290915
19334,0.0,3,True,0.08158907945397276
19335,3.0,32,False,0.08154157707885401
19336,3.0,50,False,0.08149407470373526
19337,0.0,27,True,0.0814465723286164
19338,0.0,70,True,0.08139906995349766
19339,0.0,9,True,0.08135156757837891
19340,3.0,36,False,0.08130406520326017
19341,1.0,34,True,0.08125656282814142
19342,0.0,12,True,0.08120906045302267
19343,0.0,12,True,0.08116155807790393
19344,3.0,43,False,0.08111405570278518
19345,0.0,10,True,0.08106655332766644
19346,3.0,36,False,0.08101905095254769
19347,0.0,47,True,0.08097154857742894
19348,0.0,22,True,0.0809240462023102
19349,0.0,13,True,0.08087654382719145
19350,1.0,64,True,0.0808290414520727
19351,3.0,41,False,0.08078153907695385
19352,3.0,47,False,0.0807340367018351
19353,3.0,29,False,0.08068653432671635
19354,3.0,75,False,0.0806390319515976
19355,3.0,23,False,0.08059152957647886
19356,0.0,7,True,0.08054402720136011
19357,0.0,42,True,0.08049652482624137
19358,3.0,28,False,0.08044902245112251
19359,0.0,32,True,0.08040152007600376
19360,0.0,17,True,0.08035401770088502
19361,0.0,3,True,0.08030651532576638
19362,3.0,38,False,0.08025901295064763
19363,3.0,59,False,0.08021151057552889
19364,0.0,30,True,0.08016400820041014
19365,1.0,97,True,0.08011650582529128
19366,3.0,50,False,0.08006900345017254
19367,3.0,42,False,0.08002150107505379
19368,3.0,61,False,0.07997399869993504
19369,3.0,46,False,0.0799264963248163
19370,3.0,43,False,0.07987899394969755
19371,3.0,49,False,0.0798314915745788
19372,0.0,7,True,0.07978398919945995
19373,3.0,59,False,0.0797364868243412
19374,3.0,47,False,0.07968898444922246
19375,3.0,66,False,0.07964148207410371
19376,0.0,17,True,0.07959397969898496
19377,2.0,56,True,0.07954647732386622
19378,3.0,32,False,0.07949897494874747
19379,0.0,46,True,0.07945147257362872
19380,0.0,13,True,0.07940397019850998
19381,3.0,83,False,0.07935646782339123
19382,3.0,69,False,0.07930896544827248
19383,3.0,31,False,0.07926146307315374
19384,3.0,45,False,0.07921396069803499
19385,3.0,41,False,0.07916645832291624
19386,0.0,19,True,0.07911895594779739
19387,3.0,70,False,0.07907145357267864
19388,2.0,71,True,0.0790239511975599
19389,0.0,26,True,0.07897644882244115
19390,3.0,55,False,0.0789289464473224
19391,2.0,59,True,0.07888144407220365
19392,3.0,34,False,0.07883394169708491
19393,3.0,33,False,0.07878643932196605
19394,3.0,57,False,0.0787389369468473
19395,3.0,40,False,0.07869143457172856
19396,3.0,50,False,0.07864393219660992
19397,3.0,50,False,0.07859642982149118
19398,3.0,37,False,0.07854892744637243
19399,3.0,29,False,0.07850142507125368
19400,0.0,59,True,0.07845392269613483
19401,3.0,65,False,0.07840642032101608
19402,3.0,27,False,0.07835891794589733
19403,3.0,44,False,0.07831141557077859
19404,3.0,58,False,0.07826391319565984
19405,3.0,39,False,0.0782164108205411
19406,3.0,29,False,0.07816890844542235
19407,3.0,58,False,0.07812140607030349
19408,3.0,49,False,0.07807390369518474
19409,3.0,48,False,0.078026401320066
19410,3.0,29,False,0.07797889894494725
19411,0.0,10,True,0.0779313965698285
19412,3.0,47,False,0.07788389419470976
19413,3.0,56,False,0.07783639181959101
19414,3.0,47,False,0.07778888944447226
19415,3.0,37,False,0.07774138706935352
19416,3.0,36,False,0.07769388469423477
19417,3.0,41,False,0.07764638231911603
19418,3.0,46,False,0.07759887994399728
19419,2.0,66,True,0.07755137756887853
19420,3.0,34,False,0.07750387519375979
19421,3.0,55,False,0.07745637281864093
19422,3.0,62,False,0.07740887044352218
19423,0.0,10,True,0.07736136806840344
19424,2.0,64,True,0.07731386569328469
19425,3.0,89,False,0.07726636331816594
19426,3.0,50,False,0.0772188609430472
19427,3.0,29,False,0.07717135856792845
19428,3.0,55,False,0.07712385619280959
19429,3.0,29,False,0.07707635381769085
19430,3.0,50,False,0.0770288514425721
19431,3.0,28,False,0.07698134906745346
19432,2.0,33,True,0.07693384669233472
19433,0.0,17,True,0.07688634431721597
19434,3.0,40,False,0.07683884194209722
19435,3.0,34,False,0.07679133956697837
19436,3.0,48,False,0.07674383719185962
19437,2.0,80,True,0.07669633481674087
19438,3.0,26,False,0.07664883244162213
19439,3.0,42,False,0.07660133006650338
19440,3.0,59,False,0.07655382769138463
19441,3.0,39,False,0.07650632531626589
19442,3.0,40,False,0.07645882294114703
19443,3.0,28,False,0.07641132056602828
19444,3.0,33,False,0.07636381819090954
19445,0.0,12,True,0.07631631581579079
19446,0.0,42,True,0.07626881344067205
19447,3.0,50,False,0.0762213110655533
19448,3.0,66,False,0.07617380869043455
19449,3.0,48,False,0.0761263063153158
19450,3.0,63,False,0.07607880394019706
19451,3.0,35,False,0.07603130156507831
19452,3.0,35,False,0.07598379918995957
19453,3.0,31,False,0.07593629681484082
19454,3.0,52,False,0.07588879443972207
19455,3.0,35,False,0.07584129206460333
19456,0.0,21,True,0.07579378968948447
19457,3.0,45,False,0.07574628731436572
19458,3.0,40,False,0.07569878493924698
19459,3.0,55,False,0.07565128256412823
19460,3.0,25,False,0.07560378018900948
19461,0.0,9,True,0.07555627781389074
19462,0.0,17,True,0.07550877543877199
19463,3.0,52,False,0.07546127306365313
19464,3.0,52,False,0.07541377068853439
19465,3.0,29,False,0.07536626831341564
19466,3.0,45,False,0.075318765938297
19467,0.0,30,True,0.07527126356317826
19468,3.0,34,False,0.07522376118805951
19469,3.0,46,False,0.07517625881294077
19470,0.0,15,True,0.07512875643782191
19471,3.0,28,False,0.07508125406270316
19472,0.0,4,True,0.07503375168758442
19473,3.0,27,False,0.07498624931246567
19474,3.0,57,False,0.07493874693734692
19475,3.0,29,False,0.07489124456222818
19476,0.0,44,True,0.07484374218710943
19477,3.0,59,False,0.07479623981199057
19478,3.0,32,False,0.07474873743687183
19479,0.0,11,True,0.07470123506175308
19480,2.0,37,True,0.07465373268663433
19481,0.0,29,True,0.07460623031151559
19482,3.0,38,False,0.07455872793639684
19483,3.0,104,False,0.0745112255612781
19484,0.0,13,True,0.07446372318615935
19485,3.0,32,False,0.0744162208110406
19486,3.0,41,False,0.07436871843592185
19487,3.0,40,False,0.07432121606080311
19488,3.0,69,False,0.07427371368568436
19489,3.0,48,False,0.07422621131056562
19490,0.0,11,True,0.07417870893544687
19491,3.0,49,False,0.07413120656032801
19492,3.0,43,False,0.07408370418520926
19493,0.0,22,True,0.07403620181009052
19494,2.0,44,True,0.07398869943497177
19495,3.0,56,False,0.07394119705985303
19496,0.0,4,True,0.07389369468473428
19497,3.0,69,False,0.07384619230961553
19498,2.0,66,True,0.07379868993449668
19499,3.0,41,False,0.07375118755937793
19500,0.0,20,True,0.07370368518425918
19501,3.0,35,False,0.07365618280914055
19502,3.0,71,False,0.0736086804340218
19503,3.0,33,False,0.07356117805890305
19504,0.0,4,True,0.07351367568378431
19505,0.0,4,True,0.07346617330866545
19506,3.0,33,False,0.0734186709335467
19507,3.0,42,False,0.07337116855842796
19508,3.0,48,False,0.07332366618330921
19509,0.0,4,True,0.07327616380819046
19510,3.0,43,False,0.07322866143307172
19511,3.0,71,False,0.07318115905795297
19512,3.0,27,False,0.07313365668283411
19513,3.0,131,False,0.07308615430771537
19514,3.0,32,False,0.07303865193259662
19515,3.0,60,False,0.07299114955747787
19516,0.0,31,True,0.07294364718235913
19517,3.0,73,False,0.07289614480724038
19518,0.0,48,True,0.07284864243212164
19519,3.0,34,False,0.07280114005700289
19520,3.0,40,False,0.07275363768188414
19521,0.0,31,True,0.0727061353067654
19522,3.0,25,False,0.07265863293164665
19523,2.0,43,True,0.0726111305565279
19524,2.0,23,True,0.07256362818140916
19525,3.0,33,False,0.07251612580629041
19526,3.0,41,False,0.07246862343117155
19527,3.0,39,False,0.0724211210560528
19528,3.0,27,False,0.07237361868093406
19529,3.0,29,False,0.07232611630581531
19530,3.0,37,False,0.07227861393069657
19531,0.0,27,True,0.07223111155557782
19532,3.0,29,False,0.07218360918045907
19533,0.0,11,True,0.07213610680534022
19534,3.0,62,False,0.07208860443022147
19535,3.0,37,False,0.07204110205510272
19536,0.0,17,True,0.07199359967998409
19537,0.0,45,True,0.07194609730486534
19538,3.0,118,False,0.0718985949297466
19539,0.0,19,True,0.07185109255462785
19540,3.0,32,False,0.07180359017950899
19541,0.0,7,True,0.07175608780439025
19542,2.0,40,True,0.0717085854292715
19543,3.0,43,False,0.07166108305415275
19544,3.0,53,False,0.071613580679034
19545,0.0,6,True,0.07156607830391526
19546,3.0,40,False,0.07151857592879651
19547,3.0,37,False,0.07147107355367766
19548,3.0,56,False,0.07142357117855891
19549,3.0,26,False,0.07137606880344016
19550,3.0,31,False,0.07132856642832142
19551,3.0,47,False,0.07128106405320267
19552,3.0,49,False,0.07123356167808392
19553,3.0,45,False,0.07118605930296518
19554,3.0,56,False,0.07113855692784643
19555,3.0,46,False,0.07109105455272768
19556,3.0,57,False,0.07104355217760894
19557,0.0,31,True,0.07099604980249019
19558,3.0,33,False,0.07094854742737144
19559,3.0,55,False,0.0709010450522527
19560,3.0,31,False,0.07085354267713395
19561,3.0,38,False,0.0708060403020151
19562,3.0,59,False,0.07075853792689635
19563,3.0,42,False,0.0707110355517776
19564,3.0,29,False,0.07066353317665885
19565,2.0,61,True,0.07061603080154011
19566,2.0,52,True,0.07056852842642136
19567,0.0,20,True,0.07052102605130262
19568,2.0,45,True,0.07047352367618376
19569,3.0,47,False,0.07042602130106501
19570,2.0,132,True,0.07037851892594627
19571,3.0,46,False,0.07033101655082763
19572,0.0,13,True,0.07028351417570888
19573,3.0,37,False,0.07023601180059014
19574,0.0,15,True,0.07018850942547139
19575,0.0,5,True,0.07014100705035253
19576,3.0,43,False,0.07009350467523379
19577,2.0,46,True,0.07004600230011504
19578,3.0,25,False,0.0699984999249963
19579,3.0,47,False,0.06995099754987755
19580,2.0,36,True,0.0699034951747588
19581,3.0,31,False,0.06985599279964005
19582,3.0,26,False,0.0698084904245212
19583,2.0,79,True,0.06976098804940245
19584,0.0,8,True,0.0697134856742837
19585,3.0,36,False,0.06966598329916496
19586,3.0,55,False,0.06961848092404621
19587,0.0,28,True,0.06957097854892746
19588,3.0,41,False,0.06952347617380872
19589,3.0,26,False,0.06947597379868997
19590,3.0,33,False,0.06942847142357123
19591,0.0,11,True,0.06938096904845248
19592,3.0,26,False,0.06933346667333373
19593,3.0,46,False,0.06928596429821499
19594,3.0,35,False,0.06923846192309624
19595,0.0,6,True,0.06919095954797749
19596,0.0,3,True,0.06914345717285864
19597,3.0,53,False,0.06909595479773989
19598,3.0,48,False,0.06904845242262114
19599,3.0,53,False,0.0690009500475024
19600,0.0,7,True,0.06895344767238365
19601,3.0,57,False,0.0689059452972649
19602,3.0,51,False,0.06885844292214616
19603,3.0,43,False,0.0688109405470273
19604,3.0,41,False,0.06876343817190855
19605,3.0,47,False,0.0687159357967898
19606,2.0,52,True,0.06866843342167117
19607,0.0,10,True,0.06862093104655242
19608,0.0,16,True,0.06857342867143368
19609,0.0,3,True,0.06852592629631493
19610,1.0,39,True,0.06847842392119607
19611,2.0,58,True,0.06843092154607733
19612,3.0,43,False,0.06838341917095858
19613,0.0,16,True,0.06833591679583984
19614,3.0,35,False,0.06828841442072109
19615,3.0,81,False,0.06824091204560234
19616,0.0,13,True,0.0681934096704836
19617,3.0,27,False,0.06814590729536474
19618,2.0,53,True,0.06809840492024599
19619,2.0,90,True,0.06805090254512725
19620,3.0,56,False,0.0680034001700085
19621,3.0,45,False,0.06795589779488975
19622,3.0,60,False,0.067908395419771
19623,0.0,11,True,0.06786089304465226
19624,0.0,20,True,0.06781339066953351
19625,0.0,15,True,0.06776588829441477
19626,3.0,27,False,0.06771838591929602
19627,3.0,51,False,0.06767088354417727
19628,3.0,99,False,0.06762338116905853
19629,3.0,33,False,0.06757587879393978
19630,0.0,5,True,0.06752837641882103
19631,3.0,82,False,0.06748087404370218
19632,0.0,11,True,0.06743337166858343
19633,3.0,47,False,0.06738586929346468
19634,3.0,23,False,0.06733836691834594
19635,3.0,38,False,0.06729086454322719
19636,3.0,45,False,0.06724336216810844
19637,3.0,40,False,0.0671958597929897
19638,0.0,5,True,0.06714835741787084
19639,0.0,64,True,0.0671008550427521
19640,3.0,57,False,0.06705335266763335
19641,3.0,37,False,0.06700585029251471
19642,3.0,75,False,0.06695834791739597
19643,3.0,37,False,0.06691084554227722
19644,0.0,6,True,0.06686334316715847
19645,3.0,46,False,0.06681584079203973
19646,3.0,33,False,0.06676833841692087
19647,0.0,11,True,0.06672083604180212
19648,0.0,9,True,0.06667333366668338
19649,3.0,26,False,0.06662583129156463
19650,3.0,45,False,0.06657832891644588
19651,3.0,31,False,0.06653082654132714
19652,3.0,40,False,0.06648332416620839
19653,3.0,52,False,0.06643582179108953
19654,3.0,61,False,0.06638831941597079
19655,3.0,57,False,0.06634081704085204
19656,3.0,37,False,0.0662933146657333
19657,3.0,90,False,0.06624581229061455
19658,3.0,27,False,0.0661983099154958
19659,3.0,49,False,0.06615080754037717
19660,0.0,58,True,0.06610330516525831
19661,3.0,40,False,0.06605580279013956
19662,3.0,39,False,0.06600830041502082
19663,3.0,25,False,0.06596079803990207
19664,3.0,73,False,0.06591329566478332
19665,3.0,25,False,0.06586579328966458
19666,3.0,33,False,0.06581829091454583
19667,3.0,48,False,0.06577078853942697
19668,0.0,29,True,0.06572328616430823
19669,3.0,27,False,0.06567578378918948
19670,0.0,3,True,0.06562828141407073
19671,0.0,9,True,0.06558077903895199
19672,3.0,29,False,0.06553327666383324
19673,3.0,27,False,0.0654857742887145
19674,0.0,30,True,0.06543827191359564
19675,3.0,69,False,0.06539076953847689
19676,0.0,11,True,0.06534326716335825
19677,3.0,45,False,0.06529576478823951
19678,3.0,49,False,0.06524826241312076
19679,3.0,47,False,0.06520076003800201
19680,3.0,38,False,0.06515325766288327
19681,3.0,42,False,0.06510575528776441
19682,3.0,25,False,0.06505825291264566
19683,3.0,49,False,0.06501075053752692
19684,3.0,68,False,0.06496324816240817
19685,3.0,66,False,0.06491574578728943
19686,3.0,37,False,0.06486824341217068
19687,3.0,49,False,0.06482074103705193
19688,3.0,77,False,0.06477323866193307
19689,3.0,36,False,0.06472573628681433
19690,3.0,57,False,0.06467823391169558
19691,3.0,29,False,0.06463073153657684
19692,3.0,33,False,0.06458322916145809
19693,3.0,56,False,0.06453572678633934
19694,3.0,60,False,0.06448822441122071
19695,3.0,32,False,0.06444072203610185
19696,3.0,44,False,0.0643932196609831
19697,0.0,15,True,0.06434571728586436
19698,3.0,41,False,0.06429821491074561
19699,3.0,34,False,0.06425071253562686
19700,0.0,20,True,0.06420321016050812
19701,3.0,27,False,0.06415570778538937
19702,3.0,52,False,0.06410820541027051
19703,3.0,61,False,0.06406070303515177
19704,3.0,27,False,0.06401320066003302
19705,0.0,12,True,0.06396569828491427
19706,2.0,53,True,0.06391819590979553
19707,3.0,49,False,0.06387069353467678
19708,3.0,31,False,0.06382319115955803
19709,3.0,61,False,0.06377568878443918
19710,3.0,23,False,0.06372818640932043
19711,3.0,40,False,0.0636806840342018
19712,3.0,45,False,0.06363318165908305
19713,3.0,40,False,0.0635856792839643
19714,0.0,42,True,0.06353817690884556
19715,3.0,31,False,0.06349067453372681
19716,0.0,3,True,0.06344317215860795
19717,0.0,15,True,0.0633956697834892
19718,3.0,42,False,0.06334816740837046
19719,0.0,22,True,0.06330066503325171
19720,3.0,44,False,0.06325316265813297
19721,3.0,28,False,0.06320566028301422
19722,0.0,12,True,0.06315815790789547
19723,3.0,37,False,0.06311065553277662
19724,3.0,29,False,0.06306315315765787
19725,3.0,79,False,0.06301565078253912
19726,0.0,13,True,0.06296814840742038
19727,3.0,37,False,0.06292064603230163
19728,3.0,53,False,0.06287314365718288
19729,3.0,40,False,0.06282564128206425
19730,3.0,56,False,0.06277813890694539
19731,3.0,39,False,0.06273063653182664
19732,3.0,58,False,0.0626831341567079
19733,0.0,7,True,0.06263563178158915
19734,3.0,39,False,0.0625881294064704
19735,0.0,5,True,0.06254062703135166
19736,0.0,19,True,0.06249312465623291
19737,3.0,34,False,0.062445622281114055
19738,3.0,28,False,0.06239811990599531
19739,0.0,7,True,0.06235061753087656
19740,3.0,38,False,0.062303115155757816
19741,3.0,57,False,0.06225561278063907
19742,3.0,53,False,0.06220811040552032
19743,0.0,5,True,0.062160608030401576
19744,3.0,28,False,0.06211310565528272
19745,0.0,26,True,0.06206560328016397
19746,3.0,38,False,0.06201810090504534
19747,0.0,15,True,0.06197059852992659
19748,3.0,48,False,0.061923096154807844
19749,3.0,32,False,0.0618755937796891
19750,3.0,41,False,0.06182809140457035
19751,3.0,29,False,0.061780589029451494
19752,0.0,21,True,0.06173308665433275
19753,3.0,24,False,0.061685584279214
19754,3.0,23,False,0.061638081904095254
19755,3.0,29,False,0.06159057952897651
19756,0.0,7,True,0.06154307715385776
19757,3.0,35,False,0.061495574778739015
19758,2.0,69,True,0.06144807240362016
19759,0.0,19,True,0.06140057002850141
19760,3.0,75,False,0.061353067653382665
19761,3.0,85,False,0.06130556527826392
19762,0.0,5,True,0.06125806290314517
19763,3.0,65,False,0.061210560528026425
19764,0.0,2,True,0.06116305815290779
19765,2.0,50,True,0.06111555577778893
19766,3.0,40,False,0.061068053402670186
19767,3.0,58,False,0.06102055102755144
19768,0.0,58,True,0.06097304865243269
19769,3.0,37,False,0.06092554627731395
19770,3.0,29,False,0.0608780439021952
19771,3.0,31,False,0.060830541527076454
19772,3.0,59,False,0.060783039151957596
19773,3.0,45,False,0.06073553677683885
19774,0.0,5,True,0.0606880344017201
19775,0.0,36,True,0.06064053202660136
19776,3.0,105,False,0.06059302965148261
19777,3.0,67,False,0.060545527276363864
19778,3.0,69,False,0.06049802490124512
19779,0.0,53,True,0.06045052252612626
19780,3.0,41,False,0.060403020151007514
19781,0.0,4,True,0.06035551777588888
19782,2.0,31,True,0.06030801540077013
19783,3.0,37,False,0.060260513025651385
19784,3.0,31,False,0.06021301065053264
19785,3.0,43,False,0.06016550827541389
19786,3.0,42,False,0.060118005900295035
19787,3.0,76,False,0.06007050352517629
19788,3.0,43,False,0.06002300115005754
19789,3.0,38,False,0.059975498774938796
19790,0.0,32,True,0.05992799639982005
19791,3.0,31,False,0.0598804940247013
19792,3.0,32,False,0.059832991649582556
19793,2.0,60,True,0.0597854892744637
19794,3.0,105,False,0.05973798689934495
19795,3.0,43,False,0.059690484524226206
19796,3.0,40,False,0.05964298214910746
19797,3.0,40,False,0.05959547977398871
19798,3.0,138,False,0.05954797739886997
19799,3.0,29,False,0.05950047502375133
19800,3.0,33,False,0.059452972648632474
19801,3.0,71,False,0.05940547027351373
19802,3.0,27,False,0.05935796789839498
19803,3.0,37,False,0.059310465523276235
19804,3.0,27,False,0.05926296314815749
19805,3.0,32,False,0.05921546077303874
19806,3.0,57,False,0.059167958397919995
19807,3.0,33,False,0.05912045602280114
19808,3.0,24,False,0.05907295364768239
19809,0.0,50,True,0.059025451272563645
19810,3.0,41,False,0.0589779488974449
19811,0.0,13,True,0.05893044652232615
19812,3.0,44,False,0.058882944147207406
19813,3.0,37,False,0.05883544177208866
19814,0.0,87,True,0.0587879393969698
19815,0.0,3,True,0.058740437021851055
19816,3.0,43,False,0.05869293464673242
19817,3.0,44,False,0.05864543227161367
19818,0.0,3,True,0.05859792989649493
19819,3.0,33,False,0.05855042752137618
19820,3.0,44,False,0.058502925146257434
19821,3.0,62,False,0.05845542277113858
19822,3.0,56,False,0.05840792039601983
19823,3.0,57,False,0.058360418020901084
19824,3.0,33,False,0.05831291564578234
19825,2.0,55,True,0.05826541327066359
19826,3.0,33,False,0.058217910895544844
19827,0.0,11,True,0.0581704085204261
19828,3.0,48,False,0.05812290614530724
19829,2.0,52,True,0.058075403770188494
19830,3.0,41,False,0.05802790139506975
19831,3.0,89,False,0.057980399019951
19832,3.0,33,False,0.057932896644832255
19833,0.0,12,True,0.05788539426971351
19834,2.0,31,True,0.05783789189459487
19835,3.0,51,False,0.057790389519476015
19836,3.0,50,False,0.05774288714435727
19837,3.0,43,False,0.05769538476923852
19838,3.0,39,False,0.057647882394119776
19839,3.0,47,False,0.05760038001900103
19840,3.0,27,False,0.05755287764388228
19841,3.0,33,False,0.05750537526876354
19842,3.0,33,False,0.05745787289364468
19843,3.0,29,False,0.05741037051852593
19844,3.0,25,False,0.057362868143407186
19845,3.0,37,False,0.05731536576828844
19846,0.0,6,True,0.05726786339316969
19847,3.0,35,False,0.05722036101805095
19848,3.0,33,False,0.0571728586429322
19849,3.0,48,False,0.05712535626781334
19850,0.0,3,True,0.0570778538926946
19851,0.0,7,True,0.05703035151757596
19852,3.0,40,False,0.056982849142457215
19853,3.0,86,False,0.05693534676733847
19854,0.0,22,True,0.05688784439221972
19855,3.0,39,False,0.056840342017100975
19856,3.0,70,False,0.05679283964198212
19857,0.0,10,True,0.05674533726686337
19858,0.0,9,True,0.056697834891744625
19859,3.0,102,False,0.05665033251662588
19860,3.0,33,False,0.05660283014150713
19861,3.0,72,False,0.056555327766388386
19862,3.0,44,False,0.05650782539126964
19863,0.0,23,True,0.05646032301615078
19864,3.0,125,False,0.056412820641032035
19865,3.0,71,False,0.05636531826591329
19866,0.0,26,True,0.05631781589079454
19867,3.0,83,False,0.056270313515675796
19868,3.0,31,False,0.05622281114055705
19869,3.0,42,False,0.056175308765438414
19870,3.0,28,False,0.05612780639031956
19871,3.0,49,False,0.05608030401520081
19872,0.0,52,True,0.056032801640082064
19873,3.0,51,False,0.05598529926496332
19874,3.0,33,False,0.05593779688984457
19875,3.0,49,False,0.055890294514725825
19876,3.0,41,False,0.05584279213960708
19877,3.0,46,False,0.05579528976448822
19878,3.0,50,False,0.055747787389369474
19879,3.0,41,False,0.05570028501425073
19880,3.0,31,False,0.05565278263913198
19881,0.0,17,True,0.055605280264013235
19882,3.0,28,False,0.05555777788889449
19883,0.0,13,True,0.05551027551377574
19884,2.0,51,True,0.055462773138656885
19885,3.0,27,False,0.05541527076353814
19886,3.0,115,False,0.0553677683884195
19887,3.0,33,False,0.055320266013300756
19888,3.0,55,False,0.05527276363818201
19889,3.0,31,False,0.05522526126306326
19890,3.0,35,False,0.05517775888794452
19891,3.0,59,False,0.05513025651282566
19892,3.0,48,False,0.05508275413770691
19893,0.0,15,True,0.05503525176258817
19894,3.0,35,False,0.05498774938746942
19895,3.0,54,False,0.054940247012350674
19896,3.0,55,False,0.05489274463723193
19897,3.0,100,False,0.05484524226211318
19898,3.0,66,False,0.05479773988699432
19899,0.0,23,True,0.05475023751187558
19900,3.0,55,False,0.05470273513675683
19901,3.0,29,False,0.054655232761638084
19902,3.0,39,False,0.05460773038651934
19903,0.0,5,True,0.05456022801140059
19904,3.0,37,False,0.054512725636281956
19905,3.0,61,False,0.0544652232611631
19906,0.0,23,True,0.05441772088604435
19907,3.0,33,False,0.054370218510925605
19908,0.0,12,True,0.05432271613580686
19909,3.0,35,False,0.05427521376068811
19910,3.0,43,False,0.054227711385569366
19911,3.0,38,False,0.05418020901045062
19912,0.0,34,True,0.05413270663533176
19913,3.0,35,False,0.054085204260213016
19914,3.0,40,False,0.05403770188509427
19915,3.0,33,False,0.05399019950997552
19916,3.0,53,False,0.053942697134856776
19917,1.0,89,True,0.05389519475973803
19918,3.0,30,False,0.05384769238461928
19919,3.0,48,False,0.053800190009500426
19920,3.0,31,False,0.05375268763438168
19921,3.0,57,False,0.053705185259263044
19922,3.0,70,False,0.0536576828841443
19923,3.0,29,False,0.05361018050902555
19924,3.0,24,False,0.053562678133906805
19925,3.0,56,False,0.05351517575878806
19926,3.0,23,False,0.0534676733836692
19927,3.0,26,False,0.053420171008550454
19928,3.0,51,False,0.05337266863343171
19929,3.0,33,False,0.05332516625831296
19930,0.0,7,True,0.053277663883194215
19931,3.0,39,False,0.05323016150807547
19932,3.0,38,False,0.05318265913295672
19933,3.0,45,False,0.053135156757837865
19934,3.0,31,False,0.05308765438271912
19935,3.0,46,False,0.05304015200760037
19936,3.0,47,False,0.052992649632481625
19937,3.0,43,False,0.05294514725736288
19938,1.0,43,True,0.05289764488224413
19939,0.0,11,True,0.0528501425071255
19940,1.0,30,True,0.05280264013200664
19941,3.0,70,False,0.05275513775688789
19942,0.0,9,True,0.05270763538176915
19943,3.0,36,False,0.0526601330066504
19944,2.0,36,True,0.052612630631531654
19945,0.0,13,True,0.05256512825641291
19946,3.0,51,False,0.05251762588129416
19947,3.0,40,False,0.052470123506175304
19948,3.0,29,False,0.05242262113105656
19949,3.0,33,False,0.05237511875593781
19950,3.0,39,False,0.052327616380819064
19951,3.0,27,False,0.05228011400570032
19952,3.0,49,False,0.05223261163058157
19953,3.0,48,False,0.052185109255462825
19954,3.0,35,False,0.05213760688034397
19955,3.0,44,False,0.05209010450522522
19956,3.0,60,False,0.052042602130106586
19957,3.0,35,False,0.05199509975498784
19958,3.0,52,False,0.05194759737986909
19959,3.0,48,False,0.051900095004750346
19960,0.0,17,True,0.0518525926296316
19961,3.0,46,False,0.05180509025451274
19962,3.0,55,False,0.051757587879393996
19963,3.0,38,False,0.05171008550427525
19964,3.0,40,False,0.0516625831291565
19965,3.0,27,False,0.051615080754037757
19966,3.0,40,False,0.05156757837891901
19967,3.0,28,False,0.051520076003800264
19968,1.0,39,True,0.051472573628681406
19969,3.0,44,False,0.05142507125356266
19970,3.0,62,False,0.05137756887844391
19971,3.0,27,False,0.05133006650332517
19972,3.0,33,False,0.05128256412820642
19973,3.0,80,False,0.051235061753087674
19974,3.0,91,False,0.05118755937796904
19975,3.0,39,False,0.05114005700285018
19976,3.0,44,False,0.051092554627731435
19977,0.0,14,True,0.05104505225261269
19978,3.0,48,False,0.05099754987749394
19979,3.0,26,False,0.050950047502375195
19980,3.0,44,False,0.05090254512725645
19981,0.0,10,True,0.0508550427521377
19982,3.0,36,False,0.050807540377018845
19983,3.0,36,False,0.0507600380019001
19984,3.0,39,False,0.05071253562678135
19985,3.0,67,False,0.050665033251662606
19986,3.0,56,False,0.05061753087654386
19987,0.0,55,True,0.05057002850142511
19988,2.0,53,True,0.050522526126306366
19989,3.0,70,False,0.05047502375118751
19990,3.0,57,False,0.05042752137606876
19991,3.0,35,False,0.05038001900095013
19992,3.0,31,False,0.05033251662583138
19993,3.0,37,False,0.050285014250712634
19994,3.0,76,False,0.05023751187559389
19995,3.0,42,False,0.05019000950047514
19996,3.0,115,False,0.050142507125356284
19997,3.0,36,False,0.05009500475023754
19998,0.0,5,True,0.05004750237511879
19999,3.0,29,False,0.050000000000000044
