episode,return,steps,died,epsilon
0,0.0,75,True,1.0
1,1.0,87,True,0.9996832277425809
2,0.0,17,True,0.9993664554851617
3,0.0,15,True,0.9990496832277426
4,0.0,19,True,0.9987329109703235
5,0.0,27,True,0.9984161387129044
6,0.0,62,True,0.9980993664554851
7,0.0,30,True,0.997782594198066
8,0.0,27,True,0.9974658219406469
9,0.0,25,True,0.9971490496832277
10,0.0,12,True,0.9968322774258086
11,0.0,250,False,0.9965155051683895
12,0.0,56,True,0.9961987329109703
13,0.0,111,True,0.9958819606535512
14,0.0,94,True,0.9955651883961321
15,2.0,178,True,0.995248416138713
16,1.0,53,True,0.9949316438812937
17,0.0,34,True,0.9946148716238746
18,0.0,37,True,0.9942980993664555
19,2.0,250,False,0.9939813271090363
20,0.0,11,True,0.9936645548516172
21,0.0,5,True,0.9933477825941981
22,0.0,55,True,0.9930310103367789
23,1.0,170,True,0.9927142380793598
24,0.0,37,True,0.9923974658219407
25,0.0,14,True,0.9920806935645216
26,0.0,239,True,0.9917639213071023
27,1.0,122,True,0.9914471490496832
28,0.0,7,True,0.9911303767922641
29,0.0,23,True,0.9908136045348449
30,0.0,28,True,0.9904968322774258
31,0.0,17,True,0.9901800600200067
32,0.0,68,True,0.9898632877625876
33,0.0,25,True,0.9895465155051684
34,1.0,171,True,0.9892297432477493
35,0.0,103,True,0.9889129709903302
36,0.0,42,True,0.9885961987329109
37,0.0,31,True,0.9882794264754918
38,0.0,62,True,0.9879626542180727
39,1.0,75,True,0.9876458819606535
40,1.0,70,True,0.9873291097032344
41,0.0,239,True,0.9870123374458153
42,0.0,22,True,0.9866955651883962
43,1.0,186,True,0.986378792930977
44,1.0,131,True,0.9860620206735579
45,0.0,63,True,0.9857452484161388
46,1.0,201,True,0.9854284761587195
47,0.0,168,True,0.9851117039013004
48,1.0,71,True,0.9847949316438813
49,0.0,64,True,0.9844781593864621
50,0.0,71,True,0.984161387129043
51,0.0,26,True,0.9838446148716239
52,0.0,83,True,0.9835278426142048
53,0.0,49,True,0.9832110703567856
54,0.0,42,True,0.9828942980993665
55,0.0,8,True,0.9825775258419474
56,0.0,35,True,0.9822607535845281
57,0.0,63,True,0.981943981327109
58,0.0,30,True,0.9816272090696899
59,0.0,137,True,0.9813104368122707
60,0.0,15,True,0.9809936645548516
61,0.0,34,True,0.9806768922974325
62,0.0,6,True,0.9803601200400134
63,0.0,16,True,0.9800433477825942
64,0.0,129,True,0.9797265755251751
65,0.0,19,True,0.979409803267756
66,0.0,15,True,0.9790930310103367
67,0.0,27,True,0.9787762587529176
68,0.0,220,True,0.9784594864954985
69,0.0,17,True,0.9781427142380794
70,0.0,117,True,0.9778259419806602
71,0.0,12,True,0.9775091697232411
72,0.0,12,True,0.977192397465822
73,1.0,190,True,0.9768756252084028
74,1.0,133,True,0.9765588529509837
75,0.0,11,True,0.9762420806935646
76,0.0,16,True,0.9759253084361453
77,0.0,27,True,0.9756085361787262
78,0.0,65,True,0.9752917639213071
79,0.0,145,True,0.974974991663888
80,0.0,94,True,0.9746582194064688
81,0.0,29,True,0.9743414471490497
82,0.0,88,True,0.9740246748916306
83,0.0,37,True,0.9737079026342114
84,0.0,38,True,0.9733911303767923
85,1.0,250,False,0.9730743581193732
86,0.0,16,True,0.9727575858619539
87,0.0,82,True,0.9724408136045348
88,0.0,39,True,0.9721240413471157
89,0.0,24,True,0.9718072690896966
90,0.0,17,True,0.9714904968322774
91,0.0,72,True,0.9711737245748583
92,0.0,41,True,0.9708569523174392
93,0.0,54,True,0.97054018006002
94,0.0,12,True,0.9702234078026009
95,0.0,227,True,0.9699066355451818
96,0.0,135,True,0.9695898632877626
97,0.0,14,True,0.9692730910303434
98,3.0,205,False,0.9689563187729243
99,0.0,21,True,0.9686395465155052
100,0.0,16,True,0.968322774258086
101,1.0,250,False,0.9680060020006669
102,0.0,21,True,0.9676892297432478
103,0.0,24,True,0.9673724574858286
104,0.0,100,True,0.9670556852284095
105,0.0,84,True,0.9667389129709903
106,2.0,237,True,0.9664221407135712
107,0.0,21,True,0.966105368456152
108,1.0,216,True,0.9657885961987329
109,0.0,29,True,0.9654718239413138
110,0.0,22,True,0.9651550516838946
111,1.0,222,True,0.9648382794264755
112,1.0,241,True,0.9645215071690564
113,0.0,7,True,0.9642047349116372
114,0.0,23,True,0.9638879626542181
115,0.0,28,True,0.963571190396799
116,0.0,24,True,0.9632544181393798
117,0.0,153,True,0.9629376458819606
118,0.0,29,True,0.9626208736245415
119,0.0,94,True,0.9623041013671224
120,0.0,208,True,0.9619873291097032
121,0.0,37,True,0.9616705568522841
122,0.0,50,True,0.961353784594865
123,0.0,177,True,0.9610370123374459
124,0.0,63,True,0.9607202400800267
125,0.0,23,True,0.9604034678226075
126,0.0,10,True,0.9600866955651884
127,0.0,30,True,0.9597699233077692
128,0.0,50,True,0.9594531510503501
129,0.0,29,True,0.959136378792931
130,1.0,97,True,0.9588196065355118
131,0.0,32,True,0.9585028342780927
132,0.0,91,True,0.9581860620206736
133,0.0,28,True,0.9578692897632545
134,2.0,250,False,0.9575525175058353
135,1.0,139,True,0.9572357452484161
136,0.0,17,True,0.956918972990997
137,1.0,182,True,0.9566022007335778
138,0.0,34,True,0.9562854284761587
139,0.0,24,True,0.9559686562187396
140,0.0,74,True,0.9556518839613204
141,0.0,11,True,0.9553351117039013
142,0.0,97,True,0.9550183394464822
143,1.0,67,True,0.9547015671890631
144,0.0,5,True,0.9543847949316439
145,0.0,18,True,0.9540680226742247
146,0.0,73,True,0.9537512504168056
147,0.0,27,True,0.9534344781593864
148,0.0,15,True,0.9531177059019673
149,0.0,98,True,0.9528009336445482
150,0.0,184,True,0.952484161387129
151,0.0,43,True,0.9521673891297099
152,0.0,103,True,0.9518506168722908
153,0.0,36,True,0.9515338446148717
154,0.0,40,True,0.9512170723574525
155,0.0,14,True,0.9509003001000333
156,1.0,103,True,0.9505835278426142
157,1.0,121,True,0.950266755585195
158,1.0,238,True,0.9499499833277759
159,0.0,109,True,0.9496332110703568
160,0.0,32,True,0.9493164388129376
161,0.0,30,True,0.9489996665555185
162,1.0,61,True,0.9486828942980994
163,0.0,18,True,0.9483661220406803
164,0.0,250,False,0.948049349783261
165,0.0,47,True,0.947732577525842
166,0.0,6,True,0.9474158052684228
167,0.0,75,True,0.9470990330110036
168,0.0,107,True,0.9467822607535845
169,0.0,66,True,0.9464654884961654
170,0.0,11,True,0.9461487162387463
171,0.0,96,True,0.9458319439813271
172,1.0,188,True,0.945515171723908
173,0.0,14,True,0.9451983994664889
174,0.0,67,True,0.9448816272090697
175,0.0,82,True,0.9445648549516505
176,0.0,16,True,0.9442480826942314
177,2.0,250,False,0.9439313104368123
178,0.0,250,False,0.9436145381793931
179,0.0,8,True,0.943297765921974
180,0.0,37,True,0.9429809936645549
181,0.0,15,True,0.9426642214071357
182,1.0,111,True,0.9423474491497166
183,0.0,83,True,0.9420306768922975
184,0.0,30,True,0.9417139046348783
185,0.0,37,True,0.9413971323774591
186,1.0,123,True,0.94108036012004
187,1.0,48,True,0.9407635878626208
188,0.0,66,True,0.9404468156052017
189,0.0,20,True,0.9401300433477826
190,1.0,250,False,0.9398132710903635
191,0.0,185,True,0.9394964988329443
192,1.0,196,True,0.9391797265755252
193,1.0,182,True,0.9388629543181061
194,0.0,180,True,0.9385461820606869
195,0.0,40,True,0.9382294098032677
196,0.0,84,True,0.9379126375458486
197,0.0,99,True,0.9375958652884295
198,0.0,31,True,0.9372790930310103
199,0.0,66,True,0.9369623207735912
200,0.0,28,True,0.9366455485161721
201,0.0,11,True,0.9363287762587529
202,0.0,15,True,0.9360120040013338
203,0.0,41,True,0.9356952317439147
204,1.0,100,True,0.9353784594864956
205,0.0,10,True,0.9350616872290763
206,0.0,34,True,0.9347449149716572
207,1.0,249,True,0.934428142714238
208,0.0,19,True,0.9341113704568189
209,0.0,130,True,0.9337945981993998
210,0.0,44,True,0.9334778259419807
211,0.0,109,True,0.9331610536845615
212,1.0,185,True,0.9328442814271424
213,0.0,34,True,0.9325275091697233
214,0.0,228,True,0.932210736912304
215,0.0,133,True,0.9318939646548849
216,0.0,185,True,0.9315771923974658
217,0.0,26,True,0.9312604201400467
218,1.0,207,True,0.9309436478826275
219,0.0,69,True,0.9306268756252084
220,0.0,46,True,0.9303101033677893
221,1.0,94,True,0.9299933311103701
222,0.0,19,True,0.929676558852951
223,0.0,52,True,0.9293597865955319
224,0.0,38,True,0.9290430143381128
225,0.0,27,True,0.9287262420806935
226,0.0,83,True,0.9284094698232744
227,0.0,36,True,0.9280926975658553
228,0.0,16,True,0.9277759253084361
229,0.0,54,True,0.927459153051017
230,0.0,17,True,0.9271423807935979
231,0.0,40,True,0.9268256085361787
232,0.0,93,True,0.9265088362787596
233,1.0,196,True,0.9261920640213405
234,0.0,39,True,0.9258752917639214
235,0.0,118,True,0.9255585195065021
236,0.0,11,True,0.925241747249083
237,0.0,42,True,0.9249249749916639
238,2.0,247,True,0.9246082027342447
239,0.0,66,True,0.9242914304768256
240,0.0,30,True,0.9239746582194065
241,0.0,238,True,0.9236578859619873
242,0.0,63,True,0.9233411137045682
243,0.0,172,True,0.9230243414471491
244,0.0,64,True,0.92270756918973
245,0.0,9,True,0.9223907969323107
246,0.0,9,True,0.9220740246748916
247,0.0,75,True,0.9217572524174725
248,0.0,25,True,0.9214404801600533
249,0.0,35,True,0.9211237079026342
250,0.0,9,True,0.9208069356452151
251,0.0,32,True,0.920490163387796
252,0.0,9,True,0.9201733911303768
253,0.0,12,True,0.9198566188729577
254,0.0,47,True,0.9195398466155386
255,0.0,43,True,0.9192230743581193
256,1.0,250,False,0.9189063021007002
257,1.0,250,False,0.9185895298432811
258,0.0,44,True,0.918272757585862
259,0.0,85,True,0.9179559853284428
260,0.0,127,True,0.9176392130710237
261,0.0,39,True,0.9173224408136045
262,0.0,66,True,0.9170056685561854
263,0.0,51,True,0.9166888962987663
264,2.0,250,False,0.9163721240413472
265,1.0,62,True,0.9160553517839279
266,0.0,54,True,0.9157385795265088
267,0.0,74,True,0.9154218072690897
268,0.0,74,True,0.9151050350116705
269,0.0,48,True,0.9147882627542514
270,0.0,40,True,0.9144714904968323
271,0.0,11,True,0.9141547182394132
272,0.0,31,True,0.913837945981994
273,0.0,57,True,0.9135211737245749
274,1.0,212,True,0.9132044014671558
275,1.0,177,True,0.9128876292097365
276,0.0,17,True,0.9125708569523174
277,0.0,250,False,0.9122540846948983
278,0.0,7,True,0.9119373124374792
279,0.0,18,True,0.91162054018006
280,1.0,45,True,0.9113037679226409
281,0.0,72,True,0.9109869956652218
282,0.0,117,True,0.9106702234078026
283,1.0,216,True,0.9103534511503835
284,1.0,250,False,0.9100366788929644
285,0.0,5,True,0.9097199066355451
286,0.0,28,True,0.909403134378126
287,1.0,131,True,0.9090863621207069
288,0.0,25,True,0.9087695898632877
289,0.0,76,True,0.9084528176058686
290,0.0,9,True,0.9081360453484495
291,1.0,92,True,0.9078192730910304
292,0.0,63,True,0.9075025008336112
293,0.0,78,True,0.9071857285761921
294,0.0,9,True,0.906868956318773
295,1.0,206,True,0.9065521840613537
296,0.0,65,True,0.9062354118039346
297,0.0,56,True,0.9059186395465155
298,0.0,19,True,0.9056018672890964
299,0.0,55,True,0.9052850950316772
300,0.0,113,True,0.9049683227742581
301,0.0,42,True,0.904651550516839
302,0.0,9,True,0.9043347782594198
303,0.0,13,True,0.9040180060020007
304,0.0,220,True,0.9037012337445816
305,1.0,250,False,0.9033844614871624
306,0.0,10,True,0.9030676892297432
307,1.0,112,True,0.9027509169723241
308,0.0,110,True,0.9024341447149049
309,1.0,90,True,0.9021173724574858
310,0.0,47,True,0.9018006002000667
311,1.0,154,True,0.9014838279426476
312,0.0,40,True,0.9011670556852284
313,0.0,49,True,0.9008502834278093
314,0.0,10,True,0.9005335111703902
315,0.0,250,False,0.9002167389129709
316,0.0,7,True,0.8998999666555518
317,0.0,10,True,0.8995831943981327
318,0.0,21,True,0.8992664221407136
319,0.0,24,True,0.8989496498832944
320,1.0,217,True,0.8986328776258753
321,0.0,75,True,0.8983161053684562
322,0.0,18,True,0.897999333111037
323,0.0,22,True,0.8976825608536179
324,1.0,220,True,0.8973657885961988
325,0.0,161,True,0.8970490163387796
326,1.0,145,True,0.8967322440813604
327,0.0,58,True,0.8964154718239413
328,1.0,104,True,0.8960986995665222
329,0.0,51,True,0.895781927309103
330,0.0,20,True,0.8954651550516839
331,0.0,30,True,0.8951483827942648
332,1.0,131,True,0.8948316105368457
333,1.0,115,True,0.8945148382794265
334,1.0,242,True,0.8941980660220074
335,0.0,138,True,0.8938812937645882
336,1.0,59,True,0.893564521507169
337,0.0,85,True,0.8932477492497499
338,0.0,83,True,0.8929309769923308
339,0.0,114,True,0.8926142047349117
340,0.0,96,True,0.8922974324774925
341,1.0,172,True,0.8919806602200734
342,0.0,91,True,0.8916638879626542
343,0.0,62,True,0.8913471157052351
344,0.0,84,True,0.891030343447816
345,0.0,46,True,0.8907135711903968
346,0.0,40,True,0.8903967989329776
347,0.0,116,True,0.8900800266755585
348,0.0,12,True,0.8897632544181394
349,0.0,29,True,0.8894464821607202
350,0.0,19,True,0.8891297099033011
351,2.0,162,True,0.888812937645882
352,0.0,72,True,0.8884961653884629
353,0.0,11,True,0.8881793931310437
354,0.0,76,True,0.8878626208736246
355,0.0,64,True,0.8875458486162054
356,0.0,250,False,0.8872290763587862
357,2.0,250,False,0.8869123041013671
358,0.0,110,True,0.886595531843948
359,0.0,105,True,0.8862787595865289
360,1.0,159,True,0.8859619873291097
361,0.0,39,True,0.8856452150716906
362,1.0,90,True,0.8853284428142715
363,0.0,191,True,0.8850116705568523
364,0.0,48,True,0.8846948982994332
365,1.0,93,True,0.884378126042014
366,0.0,7,True,0.8840613537845948
367,0.0,25,True,0.8837445815271757
368,1.0,69,True,0.8834278092697566
369,0.0,100,True,0.8831110370123374
370,0.0,77,True,0.8827942647549183
371,0.0,24,True,0.8824774924974992
372,0.0,20,True,0.8821607202400801
373,0.0,52,True,0.8818439479826609
374,0.0,41,True,0.8815271757252418
375,0.0,49,True,0.8812104034678226
376,0.0,26,True,0.8808936312104034
377,0.0,127,True,0.8805768589529843
378,0.0,6,True,0.8802600866955652
379,0.0,7,True,0.8799433144381461
380,0.0,23,True,0.8796265421807269
381,0.0,25,True,0.8793097699233078
382,0.0,102,True,0.8789929976658887
383,0.0,69,True,0.8786762254084695
384,0.0,52,True,0.8783594531510504
385,0.0,63,True,0.8780426808936312
386,0.0,6,True,0.877725908636212
387,0.0,6,True,0.8774091363787929
388,0.0,62,True,0.8770923641213738
389,1.0,250,False,0.8767755918639547
390,0.0,137,True,0.8764588196065355
391,0.0,33,True,0.8761420473491164
392,0.0,126,True,0.8758252750916973
393,0.0,174,True,0.8755085028342781
394,0.0,43,True,0.875191730576859
395,0.0,212,True,0.8748749583194398
396,0.0,61,True,0.8745581860620206
397,0.0,204,True,0.8742414138046015
398,0.0,9,True,0.8739246415471824
399,1.0,156,True,0.8736078692897633
400,2.0,161,True,0.8732910970323441
401,0.0,44,True,0.872974324774925
402,0.0,73,True,0.8726575525175058
403,0.0,54,True,0.8723407802600867
404,0.0,16,True,0.8720240080026675
405,0.0,64,True,0.8717072357452484
406,2.0,133,True,0.8713904634878293
407,0.0,49,True,0.8710736912304101
408,0.0,15,True,0.870756918972991
409,0.0,12,True,0.8704401467155719
410,0.0,86,True,0.8701233744581527
411,0.0,34,True,0.8698066022007336
412,0.0,18,True,0.8694898299433145
413,0.0,27,True,0.8691730576858954
414,0.0,44,True,0.8688562854284761
415,0.0,52,True,0.868539513171057
416,1.0,81,True,0.8682227409136378
417,0.0,60,True,0.8679059686562187
418,0.0,9,True,0.8675891963987996
419,0.0,52,True,0.8672724241413805
420,0.0,59,True,0.8669556518839614
421,0.0,126,True,0.8666388796265422
422,0.0,42,True,0.8663221073691231
423,0.0,26,True,0.8660053351117039
424,1.0,181,True,0.8656885628542847
425,0.0,50,True,0.8653717905968656
426,0.0,82,True,0.8650550183394465
427,0.0,33,True,0.8647382460820273
428,0.0,67,True,0.8644214738246082
429,0.0,10,True,0.8641047015671891
430,0.0,19,True,0.8637879293097699
431,0.0,47,True,0.8634711570523508
432,0.0,40,True,0.8631543847949317
433,0.0,14,True,0.8628376125375126
434,2.0,175,True,0.8625208402800933
435,0.0,122,True,0.8622040680226742
436,0.0,250,False,0.8618872957652551
437,0.0,84,True,0.8615705235078359
438,1.0,250,False,0.8612537512504168
439,0.0,25,True,0.8609369789929977
440,0.0,47,True,0.8606202067355786
441,0.0,23,True,0.8603034344781594
442,0.0,44,True,0.8599866622207403
443,0.0,8,True,0.859669889963321
444,0.0,57,True,0.859353117705902
445,0.0,31,True,0.8590363454484828
446,0.0,5,True,0.8587195731910637
447,0.0,21,True,0.8584028009336445
448,1.0,124,True,0.8580860286762254
449,0.0,25,True,0.8577692564188063
450,0.0,61,True,0.8574524841613871
451,0.0,127,True,0.857135711903968
452,0.0,114,True,0.8568189396465489
453,0.0,44,True,0.8565021673891298
454,0.0,56,True,0.8561853951317105
455,0.0,42,True,0.8558686228742914
456,0.0,45,True,0.8555518506168723
457,0.0,16,True,0.8552350783594531
458,0.0,8,True,0.854918306102034
459,0.0,30,True,0.8546015338446149
460,0.0,74,True,0.8542847615871958
461,0.0,65,True,0.8539679893297766
462,0.0,121,True,0.8536512170723575
463,1.0,148,True,0.8533344448149383
464,0.0,70,True,0.8530176725575191
465,0.0,105,True,0.8527009003001
466,0.0,76,True,0.8523841280426809
467,0.0,35,True,0.8520673557852618
468,0.0,145,True,0.8517505835278426
469,1.0,50,True,0.8514338112704235
470,0.0,24,True,0.8511170390130043
471,1.0,192,True,0.8508002667555852
472,1.0,167,True,0.8504834944981661
473,1.0,89,True,0.850166722240747
474,0.0,89,True,0.8498499499833277
475,0.0,15,True,0.8495331777259086
476,0.0,118,True,0.8492164054684895
477,0.0,30,True,0.8488996332110703
478,1.0,75,True,0.8485828609536512
479,1.0,188,True,0.8482660886962321
480,0.0,79,True,0.847949316438813
481,0.0,38,True,0.8476325441813938
482,0.0,59,True,0.8473157719239747
483,0.0,58,True,0.8469989996665556
484,0.0,53,True,0.8466822274091363
485,1.0,187,True,0.8463654551517172
486,0.0,117,True,0.8460486828942981
487,0.0,22,True,0.845731910636879
488,0.0,21,True,0.8454151383794598
489,0.0,15,True,0.8450983661220407
490,0.0,113,True,0.8447815938646215
491,0.0,85,True,0.8444648216072024
492,0.0,56,True,0.8441480493497833
493,0.0,166,True,0.8438312770923642
494,0.0,128,True,0.843514504834945
495,0.0,19,True,0.8431977325775258
496,0.0,15,True,0.8428809603201067
497,0.0,40,True,0.8425641880626875
498,0.0,16,True,0.8422474158052684
499,0.0,73,True,0.8419306435478493
500,0.0,35,True,0.8416138712904302
501,0.0,23,True,0.841297099033011
502,0.0,24,True,0.8409803267755919
503,0.0,33,True,0.8406635545181728
504,1.0,250,False,0.8403467822607535
505,0.0,36,True,0.8400300100033344
506,0.0,90,True,0.8397132377459153
507,0.0,38,True,0.8393964654884962
508,1.0,250,False,0.839079693231077
509,0.0,17,True,0.8387629209736579
510,0.0,70,True,0.8384461487162388
511,0.0,218,True,0.8381293764588196
512,0.0,7,True,0.8378126042014005
513,0.0,25,True,0.8374958319439814
514,0.0,7,True,0.8371790596865623
515,0.0,154,True,0.836862287429143
516,0.0,31,True,0.8365455151717239
517,1.0,118,True,0.8362287429143047
518,1.0,111,True,0.8359119706568856
519,2.0,250,False,0.8355951983994665
520,0.0,45,True,0.8352784261420474
521,0.0,44,True,0.8349616538846282
522,0.0,242,True,0.8346448816272091
523,0.0,108,True,0.83432810936979
524,0.0,10,True,0.8340113371123707
525,0.0,13,True,0.8336945648549516
526,1.0,112,True,0.8333777925975325
527,0.0,15,True,0.8330610203401134
528,0.0,12,True,0.8327442480826943
529,1.0,139,True,0.8324274758252751
530,1.0,250,False,0.832110703567856
531,0.0,182,True,0.8317939313104368
532,0.0,8,True,0.8314771590530177
533,0.0,85,True,0.8311603867955986
534,0.0,16,True,0.8308436145381795
535,0.0,64,True,0.8305268422807602
536,0.0,19,True,0.8302100700233411
537,0.0,8,True,0.8298932977659219
538,1.0,55,True,0.8295765255085028
539,0.0,82,True,0.8292597532510837
540,0.0,38,True,0.8289429809936646
541,1.0,88,True,0.8286262087362455
542,0.0,27,True,0.8283094364788263
543,0.0,40,True,0.8279926642214072
544,0.0,12,True,0.8276758919639879
545,0.0,26,True,0.8273591197065688
546,1.0,122,True,0.8270423474491497
547,0.0,42,True,0.8267255751917306
548,0.0,72,True,0.8264088029343114
549,1.0,250,False,0.8260920306768923
550,0.0,90,True,0.8257752584194732
551,1.0,73,True,0.825458486162054
552,0.0,12,True,0.8251417139046349
553,2.0,243,True,0.8248249416472158
554,0.0,84,True,0.8245081693897967
555,0.0,60,True,0.8241913971323774
556,0.0,15,True,0.8238746248749583
557,0.0,31,True,0.8235578526175392
558,0.0,46,True,0.82324108036012
559,0.0,70,True,0.8229243081027009
560,0.0,15,True,0.8226075358452818
561,1.0,125,True,0.8222907635878627
562,0.0,151,True,0.8219739913304435
563,0.0,17,True,0.8216572190730244
564,0.0,34,True,0.8213404468156051
565,0.0,11,True,0.821023674558186
566,1.0,104,True,0.8207069023007669
567,0.0,5,True,0.8203901300433478
568,1.0,250,False,0.8200733577859286
569,0.0,67,True,0.8197565855285095
570,0.0,66,True,0.8194398132710904
571,0.0,13,True,0.8191230410136713
572,1.0,76,True,0.8188062687562521
573,1.0,228,True,0.818489496498833
574,0.0,50,True,0.8181727242414139
575,0.0,11,True,0.8178559519839947
576,0.0,14,True,0.8175391797265755
577,0.0,16,True,0.8172224074691564
578,0.0,13,True,0.8169056352117372
579,0.0,8,True,0.8165888629543181
580,0.0,51,True,0.816272090696899
581,0.0,32,True,0.8159553184394799
582,0.0,137,True,0.8156385461820607
583,0.0,12,True,0.8153217739246416
584,0.0,60,True,0.8150050016672223
585,0.0,60,True,0.8146882294098032
586,0.0,33,True,0.8143714571523841
587,1.0,98,True,0.814054684894965
588,0.0,15,True,0.8137379126375459
589,0.0,111,True,0.8134211403801267
590,0.0,70,True,0.8131043681227076
591,0.0,55,True,0.8127875958652885
592,0.0,36,True,0.8124708236078693
593,0.0,9,True,0.8121540513504502
594,1.0,127,True,0.811837279093031
595,0.0,79,True,0.8115205068356119
596,0.0,35,True,0.8112037345781927
597,0.0,22,True,0.8108869623207736
598,0.0,15,True,0.8105701900633544
599,0.0,20,True,0.8102534178059353
600,0.0,30,True,0.8099366455485162
601,0.0,12,True,0.8096198732910971
602,0.0,250,False,0.809303101033678
603,2.0,171,True,0.8089863287762588
604,0.0,31,True,0.8086695565188396
605,0.0,53,True,0.8083527842614204
606,0.0,45,True,0.8080360120040013
607,1.0,150,True,0.8077192397465822
608,1.0,181,True,0.8074024674891631
609,0.0,85,True,0.8070856952317439
610,0.0,250,False,0.8067689229743248
611,0.0,13,True,0.8064521507169057
612,1.0,152,True,0.8061353784594865
613,1.0,250,False,0.8058186062020674
614,1.0,89,True,0.8055018339446482
615,1.0,250,False,0.8051850616872291
616,1.0,250,False,0.8048682894298099
617,1.0,102,True,0.8045515171723908
618,0.0,224,True,0.8042347449149717
619,1.0,134,True,0.8039179726575525
620,0.0,6,True,0.8036012004001334
621,0.0,49,True,0.8032844281427143
622,1.0,250,False,0.8029676558852952
623,0.0,136,True,0.802650883627876
624,0.0,57,True,0.8023341113704568
625,0.0,41,True,0.8020173391130376
626,1.0,250,False,0.8017005668556185
627,1.0,49,True,0.8013837945981994
628,1.0,54,True,0.8010670223407803
629,0.0,79,True,0.8007502500833611
630,0.0,79,True,0.800433477825942
631,0.0,74,True,0.8001167055685229
632,0.0,129,True,0.7997999333111037
633,1.0,227,True,0.7994831610536846
634,0.0,158,True,0.7991663887962654
635,0.0,72,True,0.7988496165388463
636,0.0,100,True,0.7985328442814271
637,0.0,15,True,0.798216072024008
638,0.0,15,True,0.7978992997665889
639,0.0,35,True,0.7975825275091697
640,0.0,63,True,0.7972657552517506
641,1.0,162,True,0.7969489829943315
642,0.0,37,True,0.7966322107369124
643,0.0,42,True,0.7963154384794932
644,0.0,8,True,0.795998666222074
645,0.0,77,True,0.7956818939646548
646,0.0,21,True,0.7953651217072357
647,1.0,208,True,0.7950483494498166
648,0.0,14,True,0.7947315771923975
649,0.0,97,True,0.7944148049349784
650,0.0,17,True,0.7940980326775592
651,0.0,10,True,0.7937812604201401
652,0.0,109,True,0.7934644881627209
653,0.0,54,True,0.7931477159053018
654,1.0,177,True,0.7928309436478826
655,0.0,29,True,0.7925141713904635
656,0.0,16,True,0.7921973991330443
657,0.0,45,True,0.7918806268756252
658,2.0,250,False,0.7915638546182061
659,1.0,67,True,0.7912470823607869
660,0.0,13,True,0.7909303101033678
661,0.0,14,True,0.7906135378459487
662,1.0,216,True,0.7902967655885296
663,0.0,89,True,0.7899799933311104
664,1.0,250,False,0.7896632210736912
665,0.0,59,True,0.7893464488162721
666,0.0,96,True,0.7890296765588529
667,2.0,250,False,0.7887129043014338
668,0.0,36,True,0.7883961320440147
669,0.0,170,True,0.7880793597865956
670,0.0,33,True,0.7877625875291764
671,0.0,68,True,0.7874458152717573
672,0.0,211,True,0.7871290430143381
673,1.0,138,True,0.786812270756919
674,0.0,66,True,0.7864954984994998
675,0.0,194,True,0.7861787262420807
676,0.0,19,True,0.7858619539846615
677,0.0,22,True,0.7855451817272424
678,0.0,13,True,0.7852284094698233
679,0.0,37,True,0.7849116372124041
680,0.0,39,True,0.784594864954985
681,1.0,83,True,0.7842780926975659
682,2.0,203,True,0.7839613204401468
683,0.0,250,False,0.7836445481827276
684,0.0,23,True,0.7833277759253084
685,0.0,35,True,0.7830110036678893
686,0.0,26,True,0.7826942314104701
687,0.0,16,True,0.782377459153051
688,1.0,250,False,0.7820606868956319
689,0.0,139,True,0.7817439146382128
690,0.0,9,True,0.7814271423807936
691,0.0,250,False,0.7811103701233745
692,0.0,31,True,0.7807935978659553
693,1.0,99,True,0.7804768256085362
694,0.0,62,True,0.780160053351117
695,0.0,16,True,0.7798432810936979
696,1.0,250,False,0.7795265088362788
697,0.0,178,True,0.7792097365788596
698,0.0,89,True,0.7788929643214405
699,0.0,7,True,0.7785761920640213
700,1.0,134,True,0.7782594198066022
701,0.0,192,True,0.7779426475491831
702,0.0,75,True,0.777625875291764
703,0.0,33,True,0.7773091030343448
704,0.0,111,True,0.7769923307769256
705,0.0,43,True,0.7766755585195065
706,0.0,6,True,0.7763587862620873
707,1.0,250,False,0.7760420140046682
708,0.0,109,True,0.7757252417472491
709,0.0,54,True,0.77540846948983
710,0.0,14,True,0.7750916972324109
711,0.0,34,True,0.7747749249749917
712,0.0,28,True,0.7744581527175726
713,0.0,10,True,0.7741413804601533
714,0.0,21,True,0.7738246082027342
715,0.0,20,True,0.7735078359453151
716,0.0,122,True,0.773191063687896
717,0.0,27,True,0.7728742914304768
718,0.0,25,True,0.7725575191730577
719,1.0,184,True,0.7722407469156385
720,1.0,250,False,0.7719239746582194
721,0.0,21,True,0.7716072024008003
722,0.0,102,True,0.7712904301433812
723,0.0,13,True,0.770973657885962
724,0.0,25,True,0.7706568856285428
725,0.0,159,True,0.7703401133711237
726,0.0,29,True,0.7700233411137045
727,0.0,33,True,0.7697065688562854
728,0.0,14,True,0.7693897965988663
729,0.0,88,True,0.7690730243414472
730,0.0,44,True,0.768756252084028
731,0.0,119,True,0.7684394798266089
732,0.0,26,True,0.7681227075691898
733,0.0,99,True,0.7678059353117705
734,0.0,37,True,0.7674891630543514
735,0.0,31,True,0.7671723907969323
736,0.0,54,True,0.7668556185395132
737,0.0,48,True,0.766538846282094
738,0.0,168,True,0.7662220740246749
739,1.0,141,True,0.7659053017672558
740,0.0,73,True,0.7655885295098366
741,0.0,56,True,0.7652717572524175
742,1.0,142,True,0.7649549849949984
743,0.0,7,True,0.7646382127375793
744,0.0,125,True,0.76432144048016
745,0.0,11,True,0.7640046682227409
746,0.0,63,True,0.7636878959653217
747,1.0,66,True,0.7633711237079026
748,0.0,22,True,0.7630543514504835
749,0.0,22,True,0.7627375791930644
750,0.0,59,True,0.7624208069356453
751,0.0,15,True,0.7621040346782261
752,0.0,7,True,0.761787262420807
753,0.0,36,True,0.7614704901633877
754,0.0,16,True,0.7611537179059686
755,0.0,31,True,0.7608369456485495
756,0.0,126,True,0.7605201733911304
757,0.0,54,True,0.7602034011337112
758,0.0,35,True,0.7598866288762921
759,0.0,8,True,0.7595698566188729
760,0.0,33,True,0.7592530843614538
761,0.0,51,True,0.7589363121040347
762,0.0,45,True,0.7586195398466156
763,0.0,21,True,0.7583027675891965
764,0.0,57,True,0.7579859953317772
765,0.0,7,True,0.7576692230743581
766,0.0,57,True,0.7573524508169389
767,0.0,68,True,0.7570356785595198
768,0.0,19,True,0.7567189063021007
769,1.0,226,True,0.7564021340446816
770,0.0,148,True,0.7560853617872624
771,0.0,20,True,0.7557685895298433
772,0.0,32,True,0.7554518172724242
773,0.0,47,True,0.7551350450150051
774,0.0,59,True,0.7548182727575858
775,0.0,90,True,0.7545015005001667
776,0.0,52,True,0.7541847282427476
777,0.0,204,True,0.7538679559853285
778,0.0,205,True,0.7535511837279093
779,0.0,44,True,0.7532344114704902
780,0.0,21,True,0.7529176392130711
781,0.0,28,True,0.7526008669556519
782,0.0,15,True,0.7522840946982328
783,0.0,19,True,0.7519673224408137
784,0.0,24,True,0.7516505501833946
785,0.0,13,True,0.7513337779259753
786,1.0,206,True,0.7510170056685562
787,0.0,99,True,0.750700233411137
788,0.0,16,True,0.7503834611537179
789,0.0,21,True,0.7500666888962988
790,1.0,34,True,0.7497499166388797
791,1.0,143,True,0.7494331443814605
792,0.0,7,True,0.7491163721240414
793,1.0,121,True,0.7487995998666223
794,0.0,23,True,0.748482827609203
795,2.0,250,False,0.7481660553517839
796,0.0,18,True,0.7478492830943648
797,0.0,25,True,0.7475325108369457
798,1.0,96,True,0.7472157385795265
799,0.0,75,True,0.7468989663221074
800,0.0,18,True,0.7465821940646882
801,0.0,40,True,0.7462654218072691
802,0.0,18,True,0.74594864954985
803,0.0,19,True,0.7456318772924309
804,0.0,14,True,0.7453151050350116
805,0.0,162,True,0.7449983327775925
806,1.0,250,False,0.7446815605201733
807,0.0,102,True,0.7443647882627542
808,0.0,124,True,0.7440480160053351
809,2.0,250,False,0.743731243747916
810,0.0,17,True,0.7434144714904969
811,0.0,19,True,0.7430976992330778
812,1.0,250,False,0.7427809269756586
813,0.0,29,True,0.7424641547182393
814,0.0,33,True,0.7421473824608202
815,0.0,71,True,0.7418306102034011
816,0.0,14,True,0.741513837945982
817,0.0,60,True,0.7411970656885629
818,0.0,22,True,0.7408802934311438
819,1.0,128,True,0.7405635211737246
820,1.0,184,True,0.7402467489163054
821,0.0,33,True,0.7399299766588863
822,0.0,130,True,0.7396132044014672
823,0.0,44,True,0.739296432144048
824,0.0,27,True,0.738979659886629
825,1.0,212,True,0.7386628876292098
826,0.0,130,True,0.7383461153717906
827,0.0,93,True,0.7380293431143714
828,0.0,11,True,0.7377125708569523
829,0.0,250,False,0.7373957985995332
830,0.0,53,True,0.7370790263421141
831,0.0,33,True,0.736762254084695
832,0.0,40,True,0.7364454818272758
833,1.0,53,True,0.7361287095698567
834,0.0,7,True,0.7358119373124374
835,0.0,13,True,0.7354951650550183
836,0.0,11,True,0.7351783927975992
837,0.0,12,True,0.7348616205401801
838,1.0,250,False,0.734544848282761
839,0.0,41,True,0.7342280760253418
840,0.0,161,True,0.7339113037679227
841,0.0,24,True,0.7335945315105035
842,0.0,11,True,0.7332777592530844
843,0.0,154,True,0.7329609869956653
844,1.0,166,True,0.7326442147382461
845,1.0,250,False,0.7323274424808269
846,0.0,89,True,0.7320106702234078
847,1.0,90,True,0.7316938979659886
848,0.0,20,True,0.7313771257085695
849,0.0,8,True,0.7310603534511504
850,0.0,17,True,0.7307435811937313
851,1.0,250,False,0.7304268089363121
852,0.0,30,True,0.730110036678893
853,0.0,134,True,0.7297932644214739
854,0.0,44,True,0.7294764921640546
855,1.0,181,True,0.7291597199066355
856,1.0,188,True,0.7288429476492164
857,0.0,64,True,0.7285261753917973
858,0.0,11,True,0.7282094031343782
859,1.0,196,True,0.727892630876959
860,0.0,17,True,0.7275758586195398
861,0.0,106,True,0.7272590863621207
862,0.0,198,True,0.7269423141047016
863,0.0,42,True,0.7266255418472825
864,0.0,117,True,0.7263087695898633
865,0.0,10,True,0.7259919973324442
866,1.0,153,True,0.725675225075025
867,0.0,17,True,0.7253584528176058
868,0.0,10,True,0.7250416805601867
869,0.0,218,True,0.7247249083027676
870,0.0,182,True,0.7244081360453485
871,1.0,59,True,0.7240913637879294
872,0.0,79,True,0.7237745915305103
873,0.0,115,True,0.723457819273091
874,0.0,106,True,0.723141047015672
875,1.0,131,True,0.7228242747582527
876,0.0,11,True,0.7225075025008336
877,0.0,27,True,0.7221907302434145
878,0.0,89,True,0.7218739579859954
879,0.0,19,True,0.7215571857285762
880,0.0,11,True,0.7212404134711571
881,0.0,58,True,0.7209236412137379
882,0.0,29,True,0.7206068689563188
883,0.0,5,True,0.7202900966988997
884,0.0,31,True,0.7199733244414805
885,0.0,28,True,0.7196565521840614
886,2.0,250,False,0.7193397799266422
887,1.0,104,True,0.7190230076692231
888,0.0,248,True,0.7187062354118039
889,1.0,111,True,0.7183894631543848
890,0.0,23,True,0.7180726908969657
891,0.0,13,True,0.7177559186395466
892,0.0,155,True,0.7174391463821274
893,1.0,99,True,0.7171223741247083
894,0.0,86,True,0.716805601867289
895,0.0,120,True,0.7164888296098699
896,0.0,12,True,0.7161720573524508
897,0.0,21,True,0.7158552850950317
898,0.0,152,True,0.7155385128376126
899,0.0,28,True,0.7152217405801934
900,1.0,112,True,0.7149049683227743
901,0.0,70,True,0.7145881960653551
902,0.0,21,True,0.714271423807936
903,0.0,25,True,0.7139546515505169
904,0.0,82,True,0.7136378792930977
905,0.0,43,True,0.7133211070356786
906,0.0,88,True,0.7130043347782594
907,0.0,49,True,0.7126875625208402
908,0.0,119,True,0.7123707902634211
909,0.0,130,True,0.712054018006002
910,1.0,77,True,0.7117372457485829
911,0.0,31,True,0.7114204734911638
912,0.0,111,True,0.7111037012337447
913,1.0,250,False,0.7107869289763254
914,0.0,118,True,0.7104701567189062
915,0.0,54,True,0.7101533844614871
916,0.0,24,True,0.709836612204068
917,0.0,34,True,0.7095198399466489
918,0.0,6,True,0.7092030676892298
919,0.0,21,True,0.7088862954318107
920,0.0,25,True,0.7085695231743915
921,3.0,236,False,0.7082527509169724
922,0.0,12,True,0.7079359786595532
923,1.0,61,True,0.707619206402134
924,0.0,77,True,0.7073024341447149
925,0.0,71,True,0.7069856618872958
926,0.0,44,True,0.7066688896298766
927,0.0,18,True,0.7063521173724575
928,0.0,21,True,0.7060353451150383
929,0.0,55,True,0.7057185728576192
930,0.0,21,True,0.7054018006002001
931,0.0,9,True,0.705085028342781
932,1.0,73,True,0.7047682560853619
933,0.0,37,True,0.7044514838279426
934,0.0,48,True,0.7041347115705235
935,0.0,15,True,0.7038179393131043
936,0.0,82,True,0.7035011670556852
937,0.0,42,True,0.7031843947982661
938,1.0,152,True,0.702867622540847
939,1.0,75,True,0.7025508502834278
940,0.0,15,True,0.7022340780260087
941,0.0,61,True,0.7019173057685895
942,0.0,31,True,0.7016005335111704
943,0.0,30,True,0.7012837612537512
944,0.0,55,True,0.7009669889963321
945,1.0,148,True,0.700650216738913
946,0.0,150,True,0.7003334444814938
947,0.0,12,True,0.7000166722240747
948,0.0,171,True,0.6996998999666555
949,0.0,90,True,0.6993831277092364
950,0.0,67,True,0.6990663554518173
951,0.0,5,True,0.6987495831943982
952,0.0,67,True,0.6984328109369791
953,0.0,164,True,0.69811603867956
954,1.0,97,True,0.6977992664221406
955,0.0,25,True,0.6974824941647215
956,1.0,250,False,0.6971657219073024
957,0.0,20,True,0.6968489496498833
958,1.0,174,True,0.6965321773924642
959,1.0,168,True,0.6962154051350451
960,0.0,113,True,0.695898632877626
961,0.0,71,True,0.6955818606202068
962,0.0,77,True,0.6952650883627876
963,0.0,24,True,0.6949483161053684
964,0.0,69,True,0.6946315438479493
965,0.0,23,True,0.6943147715905302
966,0.0,21,True,0.6939979993331111
967,0.0,8,True,0.6936812270756919
968,0.0,23,True,0.6933644548182728
969,0.0,191,True,0.6930476825608536
970,1.0,231,True,0.6927309103034345
971,0.0,8,True,0.6924141380460154
972,0.0,15,True,0.6920973657885963
973,0.0,35,True,0.691780593531177
974,0.0,49,True,0.6914638212737579
975,0.0,19,True,0.6911470490163388
976,0.0,43,True,0.6908302767589196
977,0.0,32,True,0.6905135045015005
978,1.0,57,True,0.6901967322440814
979,0.0,11,True,0.6898799599866623
980,1.0,130,True,0.6895631877292431
981,0.0,12,True,0.689246415471824
982,0.0,42,True,0.6889296432144048
983,0.0,32,True,0.6886128709569856
984,0.0,58,True,0.6882960986995665
985,0.0,250,False,0.6879793264421474
986,0.0,21,True,0.6876625541847282
987,0.0,8,True,0.6873457819273091
988,0.0,60,True,0.6870290096698899
989,0.0,31,True,0.6867122374124708
990,0.0,53,True,0.6863954651550517
991,0.0,16,True,0.6860786928976326
992,1.0,164,True,0.6857619206402135
993,0.0,25,True,0.6854451483827944
994,0.0,22,True,0.6851283761253751
995,0.0,16,True,0.6848116038679559
996,2.0,250,False,0.6844948316105368
997,0.0,70,True,0.6841780593531177
998,0.0,83,True,0.6838612870956986
999,0.0,10,True,0.6835445148382795
1000,0.0,12,True,0.6832277425808604
1001,0.0,10,True,0.6829109703234412
1002,0.0,8,True,0.682594198066022
1003,0.0,7,True,0.6822774258086028
1004,2.0,250,False,0.6819606535511837
1005,0.0,42,True,0.6816438812937646
1006,0.0,9,True,0.6813271090363455
1007,0.0,29,True,0.6810103367789264
1008,1.0,250,False,0.6806935645215072
1009,1.0,229,True,0.680376792264088
1010,0.0,37,True,0.6800600200066689
1011,0.0,13,True,0.6797432477492498
1012,0.0,43,True,0.6794264754918307
1013,1.0,154,True,0.6791097032344116
1014,0.0,20,True,0.6787929309769923
1015,1.0,164,True,0.6784761587195732
1016,0.0,81,True,0.678159386462154
1017,0.0,78,True,0.6778426142047349
1018,1.0,86,True,0.6775258419473158
1019,0.0,56,True,0.6772090696898967
1020,0.0,36,True,0.6768922974324776
1021,1.0,250,False,0.6765755251750584
1022,0.0,63,True,0.6762587529176393
1023,0.0,40,True,0.67594198066022
1024,0.0,142,True,0.6756252084028009
1025,0.0,97,True,0.6753084361453818
1026,0.0,109,True,0.6749916638879627
1027,0.0,250,False,0.6746748916305435
1028,1.0,245,True,0.6743581193731244
1029,1.0,223,True,0.6740413471157052
1030,0.0,12,True,0.6737245748582861
1031,0.0,119,True,0.673407802600867
1032,1.0,68,True,0.6730910303434479
1033,0.0,14,True,0.6727742580860286
1034,1.0,212,True,0.6724574858286095
1035,2.0,250,False,0.6721407135711903
1036,0.0,79,True,0.6718239413137712
1037,0.0,29,True,0.6715071690563521
1038,0.0,34,True,0.671190396798933
1039,0.0,72,True,0.6708736245415139
1040,1.0,159,True,0.6705568522840948
1041,0.0,12,True,0.6702400800266756
1042,0.0,6,True,0.6699233077692563
1043,0.0,212,True,0.6696065355118372
1044,0.0,6,True,0.6692897632544181
1045,0.0,84,True,0.668972990996999
1046,0.0,25,True,0.6686562187395799
1047,0.0,55,True,0.6683394464821608
1048,0.0,10,True,0.6680226742247416
1049,0.0,78,True,0.6677059019673224
1050,0.0,148,True,0.6673891297099033
1051,0.0,32,True,0.6670723574524842
1052,0.0,29,True,0.6667555851950651
1053,0.0,69,True,0.666438812937646
1054,0.0,32,True,0.6661220406802268
1055,0.0,6,True,0.6658052684228076
1056,0.0,34,True,0.6654884961653885
1057,0.0,27,True,0.6651717239079693
1058,0.0,5,True,0.6648549516505502
1059,0.0,64,True,0.6645381793931311
1060,0.0,74,True,0.664221407135712
1061,0.0,64,True,0.6639046348782928
1062,0.0,57,True,0.6635878626208737
1063,0.0,250,False,0.6632710903634544
1064,0.0,19,True,0.6629543181060353
1065,0.0,125,True,0.6626375458486162
1066,0.0,46,True,0.6623207735911971
1067,0.0,107,True,0.662004001333778
1068,2.0,250,False,0.6616872290763588
1069,0.0,17,True,0.6613704568189397
1070,0.0,46,True,0.6610536845615205
1071,0.0,11,True,0.6607369123041014
1072,0.0,7,True,0.6604201400466823
1073,0.0,142,True,0.6601033677892632
1074,0.0,49,True,0.6597865955318439
1075,0.0,49,True,0.6594698232744248
1076,0.0,23,True,0.6591530510170056
1077,0.0,16,True,0.6588362787595865
1078,0.0,42,True,0.6585195065021674
1079,0.0,51,True,0.6582027342447483
1080,0.0,86,True,0.6578859619873292
1081,0.0,20,True,0.65756918972991
1082,0.0,135,True,0.6572524174724909
1083,0.0,189,True,0.6569356452150716
1084,0.0,123,True,0.6566188729576525
1085,0.0,166,True,0.6563021007002334
1086,0.0,45,True,0.6559853284428143
1087,0.0,250,False,0.6556685561853952
1088,0.0,29,True,0.655351783927976
1089,0.0,55,True,0.6550350116705568
1090,0.0,27,True,0.6547182394131377
1091,0.0,29,True,0.6544014671557186
1092,0.0,21,True,0.6540846948982995
1093,0.0,33,True,0.6537679226408804
1094,0.0,30,True,0.6534511503834612
1095,1.0,106,True,0.653134378126042
1096,0.0,250,False,0.6528176058686228
1097,0.0,41,True,0.6525008336112037
1098,1.0,194,True,0.6521840613537846
1099,0.0,47,True,0.6518672890963655
1100,1.0,250,False,0.6515505168389464
1101,0.0,7,True,0.6512337445815273
1102,1.0,102,True,0.6509169723241081
1103,0.0,24,True,0.650600200066689
1104,1.0,250,False,0.6502834278092697
1105,1.0,158,True,0.6499666555518506
1106,1.0,48,True,0.6496498832944315
1107,1.0,116,True,0.6493331110370124
1108,0.0,48,True,0.6490163387795932
1109,0.0,24,True,0.6486995665221741
1110,0.0,18,True,0.6483827942647549
1111,1.0,138,True,0.6480660220073358
1112,0.0,81,True,0.6477492497499167
1113,0.0,11,True,0.6474324774924975
1114,0.0,86,True,0.6471157052350784
1115,0.0,17,True,0.6467989329776592
1116,0.0,15,True,0.6464821607202401
1117,1.0,200,True,0.6461653884628209
1118,0.0,27,True,0.6458486162054018
1119,1.0,52,True,0.6455318439479827
1120,0.0,140,True,0.6452150716905636
1121,0.0,82,True,0.6448982994331444
1122,0.0,123,True,0.6445815271757253
1123,1.0,129,True,0.644264754918306
1124,0.0,27,True,0.6439479826608869
1125,1.0,250,False,0.6436312104034678
1126,1.0,156,True,0.6433144381460487
1127,0.0,22,True,0.6429976658886296
1128,0.0,52,True,0.6426808936312104
1129,0.0,197,True,0.6423641213737913
1130,0.0,70,True,0.6420473491163721
1131,0.0,49,True,0.641730576858953
1132,0.0,189,True,0.6414138046015339
1133,0.0,33,True,0.6410970323441147
1134,0.0,97,True,0.6407802600866956
1135,1.0,250,False,0.6404634878292765
1136,0.0,10,True,0.6401467155718572
1137,0.0,8,True,0.6398299433144381
1138,0.0,29,True,0.639513171057019
1139,0.0,114,True,0.6391963987995999
1140,0.0,5,True,0.6388796265421808
1141,1.0,147,True,0.6385628542847617
1142,0.0,5,True,0.6382460820273426
1143,1.0,143,True,0.6379293097699233
1144,0.0,180,True,0.6376125375125041
1145,0.0,17,True,0.637295765255085
1146,0.0,37,True,0.6369789929976659
1147,0.0,67,True,0.6366622207402468
1148,0.0,21,True,0.6363454484828277
1149,0.0,15,True,0.6360286762254085
1150,0.0,97,True,0.6357119039679894
1151,0.0,56,True,0.6353951317105702
1152,0.0,19,True,0.635078359453151
1153,0.0,46,True,0.634761587195732
1154,1.0,109,True,0.6344448149383128
1155,0.0,55,True,0.6341280426808936
1156,0.0,77,True,0.6338112704234745
1157,0.0,62,True,0.6334944981660554
1158,0.0,36,True,0.6331777259086362
1159,0.0,250,False,0.6328609536512171
1160,0.0,226,True,0.632544181393798
1161,0.0,22,True,0.6322274091363789
1162,0.0,31,True,0.6319106368789597
1163,0.0,250,False,0.6315938646215405
1164,1.0,73,True,0.6312770923641213
1165,0.0,10,True,0.6309603201067022
1166,0.0,250,False,0.6306435478492831
1167,0.0,77,True,0.630326775591864
1168,0.0,53,True,0.6300100033344448
1169,0.0,59,True,0.6296932310770257
1170,0.0,52,True,0.6293764588196065
1171,2.0,190,True,0.6290596865621874
1172,0.0,8,True,0.6287429143047683
1173,0.0,26,True,0.6284261420473491
1174,1.0,182,True,0.62810936978993
1175,0.0,16,True,0.6277925975325109
1176,0.0,17,True,0.6274758252750917
1177,1.0,250,False,0.6271590530176725
1178,0.0,90,True,0.6268422807602534
1179,0.0,24,True,0.6265255085028343
1180,2.0,183,True,0.6262087362454152
1181,0.0,31,True,0.6258919639879961
1182,0.0,17,True,0.625575191730577
1183,1.0,185,True,0.6252584194731577
1184,1.0,211,True,0.6249416472157385
1185,0.0,33,True,0.6246248749583194
1186,1.0,250,False,0.6243081027009003
1187,0.0,9,True,0.6239913304434812
1188,0.0,26,True,0.6236745581860621
1189,0.0,13,True,0.623357785928643
1190,0.0,38,True,0.6230410136712238
1191,0.0,73,True,0.6227242414138046
1192,0.0,4,True,0.6224074691563855
1193,0.0,59,True,0.6220906968989663
1194,1.0,38,True,0.6217739246415472
1195,0.0,166,True,0.6214571523841281
1196,0.0,106,True,0.6211403801267089
1197,0.0,77,True,0.6208236078692898
1198,0.0,127,True,0.6205068356118706
1199,1.0,250,False,0.6201900633544515
1200,0.0,31,True,0.6198732910970324
1201,0.0,250,False,0.6195565188396133
1202,0.0,12,True,0.619239746582194
1203,0.0,82,True,0.6189229743247749
1204,0.0,13,True,0.6186062020673558
1205,1.0,242,True,0.6182894298099366
1206,0.0,32,True,0.6179726575525175
1207,0.0,107,True,0.6176558852950984
1208,0.0,5,True,0.6173391130376793
1209,0.0,16,True,0.6170223407802601
1210,0.0,73,True,0.616705568522841
1211,0.0,47,True,0.6163887962654218
1212,0.0,9,True,0.6160720240080026
1213,1.0,250,False,0.6157552517505835
1214,0.0,6,True,0.6154384794931644
1215,0.0,38,True,0.6151217072357452
1216,1.0,37,True,0.6148049349783261
1217,0.0,175,True,0.6144881627209069
1218,1.0,30,True,0.6141713904634878
1219,0.0,26,True,0.6138546182060687
1220,0.0,90,True,0.6135378459486496
1221,0.0,16,True,0.6132210736912305
1222,0.0,24,True,0.6129043014338114
1223,0.0,28,True,0.6125875291763921
1224,0.0,40,True,0.6122707569189729
1225,0.0,155,True,0.6119539846615538
1226,0.0,16,True,0.6116372124041347
1227,1.0,92,True,0.6113204401467156
1228,0.0,14,True,0.6110036678892965
1229,0.0,38,True,0.6106868956318774
1230,0.0,8,True,0.6103701233744582
1231,0.0,51,True,0.610053351117039
1232,0.0,67,True,0.6097365788596198
1233,0.0,92,True,0.6094198066022007
1234,1.0,147,True,0.6091030343447816
1235,0.0,129,True,0.6087862620873625
1236,0.0,41,True,0.6084694898299434
1237,1.0,139,True,0.6081527175725242
1238,0.0,12,True,0.6078359453151051
1239,0.0,14,True,0.6075191730576859
1240,0.0,77,True,0.6072024008002668
1241,0.0,110,True,0.6068856285428477
1242,0.0,37,True,0.6065688562854286
1243,0.0,7,True,0.6062520840280093
1244,1.0,250,False,0.6059353117705902
1245,0.0,74,True,0.605618539513171
1246,0.0,27,True,0.6053017672557519
1247,0.0,33,True,0.6049849949983328
1248,0.0,30,True,0.6046682227409137
1249,1.0,132,True,0.6043514504834946
1250,0.0,38,True,0.6040346782260754
1251,1.0,78,True,0.6037179059686563
1252,0.0,13,True,0.603401133711237
1253,0.0,10,True,0.6030843614538179
1254,0.0,57,True,0.6027675891963988
1255,0.0,76,True,0.6024508169389797
1256,0.0,83,True,0.6021340446815605
1257,1.0,250,False,0.6018172724241414
1258,0.0,97,True,0.6015005001667222
1259,1.0,164,True,0.6011837279093031
1260,1.0,166,True,0.600866955651884
1261,1.0,116,True,0.6005501833944649
1262,0.0,127,True,0.6002334111370458
1263,0.0,57,True,0.5999166388796265
1264,0.0,49,True,0.5995998666222074
1265,0.0,21,True,0.5992830943647882
1266,0.0,85,True,0.5989663221073691
1267,0.0,4,True,0.59864954984995
1268,0.0,179,True,0.5983327775925309
1269,0.0,5,True,0.5980160053351118
1270,0.0,56,True,0.5976992330776926
1271,0.0,19,True,0.5973824608202734
1272,0.0,5,True,0.5970656885628542
1273,0.0,19,True,0.5967489163054351
1274,0.0,13,True,0.596432144048016
1275,1.0,148,True,0.5961153717905969
1276,0.0,43,True,0.5957985995331778
1277,0.0,25,True,0.5954818272757586
1278,0.0,113,True,0.5951650550183394
1279,0.0,22,True,0.5948482827609203
1280,1.0,83,True,0.5945315105035012
1281,1.0,135,True,0.5942147382460821
1282,0.0,31,True,0.593897965988663
1283,0.0,36,True,0.5935811937312439
1284,1.0,214,True,0.5932644214738246
1285,0.0,34,True,0.5929476492164055
1286,0.0,58,True,0.5926308769589863
1287,0.0,136,True,0.5923141047015672
1288,0.0,18,True,0.5919973324441481
1289,0.0,26,True,0.591680560186729
1290,0.0,14,True,0.5913637879293098
1291,0.0,32,True,0.5910470156718907
1292,0.0,36,True,0.5907302434144714
1293,1.0,136,True,0.5904134711570523
1294,1.0,45,True,0.5900966988996332
1295,0.0,12,True,0.5897799266422141
1296,0.0,21,True,0.589463154384795
1297,0.0,69,True,0.5891463821273758
1298,1.0,146,True,0.5888296098699567
1299,1.0,250,False,0.5885128376125375
1300,0.0,79,True,0.5881960653551184
1301,0.0,14,True,0.5878792930976993
1302,0.0,216,True,0.5875625208402802
1303,0.0,83,True,0.5872457485828609
1304,1.0,69,True,0.5869289763254418
1305,0.0,90,True,0.5866122040680226
1306,0.0,52,True,0.5862954318106035
1307,0.0,52,True,0.5859786595531844
1308,0.0,38,True,0.5856618872957653
1309,0.0,9,True,0.5853451150383462
1310,0.0,63,True,0.585028342780927
1311,0.0,13,True,0.5847115705235079
1312,0.0,28,True,0.5843947982660886
1313,0.0,44,True,0.5840780260086695
1314,1.0,162,True,0.5837612537512504
1315,0.0,130,True,0.5834444814938313
1316,0.0,40,True,0.5831277092364122
1317,0.0,76,True,0.5828109369789931
1318,0.0,26,True,0.5824941647215738
1319,0.0,43,True,0.5821773924641547
1320,0.0,33,True,0.5818606202067356
1321,0.0,37,True,0.5815438479493165
1322,0.0,153,True,0.5812270756918974
1323,0.0,126,True,0.5809103034344782
1324,0.0,27,True,0.580593531177059
1325,0.0,29,True,0.5802767589196399
1326,0.0,105,True,0.5799599866622207
1327,0.0,15,True,0.5796432144048016
1328,0.0,20,True,0.5793264421473825
1329,1.0,247,True,0.5790096698899634
1330,0.0,20,True,0.5786928976325443
1331,0.0,18,True,0.5783761253751251
1332,0.0,53,True,0.578059353117706
1333,0.0,30,True,0.5777425808602867
1334,0.0,37,True,0.5774258086028676
1335,0.0,40,True,0.5771090363454485
1336,2.0,250,False,0.5767922640880294
1337,1.0,118,True,0.5764754918306102
1338,0.0,22,True,0.5761587195731911
1339,0.0,92,True,0.5758419473157719
1340,1.0,83,True,0.5755251750583528
1341,2.0,250,False,0.5752084028009337
1342,0.0,18,True,0.5748916305435146
1343,0.0,39,True,0.5745748582860954
1344,0.0,28,True,0.5742580860286762
1345,0.0,18,True,0.5739413137712571
1346,1.0,114,True,0.5736245415138379
1347,0.0,88,True,0.5733077692564188
1348,0.0,55,True,0.5729909969989997
1349,0.0,22,True,0.5726742247415806
1350,0.0,7,True,0.5723574524841614
1351,3.0,216,False,0.5720406802267423
1352,0.0,41,True,0.571723907969323
1353,1.0,250,False,0.5714071357119039
1354,0.0,129,True,0.5710903634544848
1355,0.0,48,True,0.5707735911970657
1356,1.0,208,True,0.5704568189396466
1357,0.0,8,True,0.5701400466822275
1358,1.0,77,True,0.5698232744248083
1359,2.0,250,False,0.5695065021673891
1360,0.0,54,True,0.56918972990997
1361,0.0,58,True,0.5688729576525509
1362,0.0,105,True,0.5685561853951318
1363,0.0,16,True,0.5682394131377126
1364,0.0,86,True,0.5679226408802935
1365,0.0,146,True,0.5676058686228743
1366,0.0,55,True,0.5672890963654551
1367,1.0,149,True,0.566972324108036
1368,1.0,250,False,0.5666555518506169
1369,0.0,103,True,0.5663387795931978
1370,0.0,34,True,0.5660220073357787
1371,1.0,206,True,0.5657052350783596
1372,0.0,192,True,0.5653884628209404
1373,1.0,79,True,0.5650716905635211
1374,0.0,53,True,0.564754918306102
1375,0.0,10,True,0.5644381460486829
1376,1.0,151,True,0.5641213737912638
1377,0.0,73,True,0.5638046015338447
1378,0.0,24,True,0.5634878292764255
1379,1.0,103,True,0.5631710570190064
1380,1.0,250,False,0.5628542847615872
1381,0.0,250,False,0.5625375125041681
1382,0.0,54,True,0.562220740246749
1383,0.0,68,True,0.5619039679893298
1384,0.0,45,True,0.5615871957319106
1385,0.0,27,True,0.5612704234744915
1386,0.0,18,True,0.5609536512170724
1387,0.0,46,True,0.5606368789596532
1388,0.0,33,True,0.5603201067022341
1389,0.0,225,True,0.560003334444815
1390,0.0,37,True,0.5596865621873959
1391,0.0,250,False,0.5593697899299767
1392,0.0,230,True,0.5590530176725576
1393,1.0,208,True,0.5587362454151383
1394,0.0,31,True,0.5584194731577192
1395,0.0,16,True,0.5581027009003001
1396,0.0,55,True,0.557785928642881
1397,0.0,27,True,0.5574691563854618
1398,0.0,32,True,0.5571523841280427
1399,0.0,12,True,0.5568356118706235
1400,0.0,41,True,0.5565188396132044
1401,1.0,250,False,0.5562020673557853
1402,0.0,59,True,0.5558852950983662
1403,0.0,133,True,0.555568522840947
1404,0.0,9,True,0.5552517505835279
1405,0.0,53,True,0.5549349783261087
1406,0.0,19,True,0.5546182060686895
1407,0.0,103,True,0.5543014338112704
1408,0.0,10,True,0.5539846615538513
1409,0.0,157,True,0.5536678892964322
1410,0.0,18,True,0.5533511170390131
1411,0.0,149,True,0.553034344781594
1412,0.0,155,True,0.5527175725241747
1413,0.0,54,True,0.5524008002667555
1414,0.0,26,True,0.5520840280093364
1415,2.0,250,False,0.5517672557519173
1416,0.0,21,True,0.5514504834944982
1417,1.0,160,True,0.5511337112370791
1418,2.0,163,True,0.55081693897966
1419,0.0,181,True,0.5505001667222408
1420,0.0,128,True,0.5501833944648217
1421,0.0,136,True,0.5498666222074025
1422,1.0,125,True,0.5495498499499833
1423,0.0,24,True,0.5492330776925642
1424,0.0,12,True,0.5489163054351451
1425,0.0,56,True,0.5485995331777259
1426,0.0,17,True,0.5482827609203068
1427,1.0,250,False,0.5479659886628876
1428,0.0,51,True,0.5476492164054685
1429,1.0,42,True,0.5473324441480494
1430,0.0,18,True,0.5470156718906303
1431,2.0,182,True,0.5466988996332112
1432,1.0,125,True,0.546382127375792
1433,1.0,171,True,0.5460653551183728
1434,0.0,33,True,0.5457485828609536
1435,0.0,56,True,0.5454318106035345
1436,1.0,112,True,0.5451150383461154
1437,1.0,198,True,0.5447982660886963
1438,1.0,115,True,0.5444814938312771
1439,0.0,15,True,0.544164721573858
1440,0.0,11,True,0.5438479493164388
1441,0.0,31,True,0.5435311770590197
1442,0.0,53,True,0.5432144048016005
1443,0.0,16,True,0.5428976325441814
1444,0.0,22,True,0.5425808602867623
1445,0.0,104,True,0.5422640880293431
1446,0.0,18,True,0.5419473157719239
1447,0.0,180,True,0.5416305435145048
1448,1.0,117,True,0.5413137712570857
1449,1.0,157,True,0.5409969989996666
1450,0.0,9,True,0.5406802267422475
1451,0.0,68,True,0.5403634544848284
1452,0.0,47,True,0.5400466822274091
1453,0.0,69,True,0.5397299099699899
1454,0.0,250,False,0.5394131377125708
1455,0.0,19,True,0.5390963654551517
1456,0.0,13,True,0.5387795931977326
1457,0.0,9,True,0.5384628209403135
1458,0.0,16,True,0.5381460486828944
1459,0.0,38,True,0.5378292764254752
1460,0.0,40,True,0.537512504168056
1461,1.0,209,True,0.5371957319106369
1462,1.0,64,True,0.5368789596532177
1463,1.0,149,True,0.5365621873957986
1464,0.0,56,True,0.5362454151383795
1465,0.0,62,True,0.5359286428809604
1466,0.0,19,True,0.5356118706235412
1467,0.0,89,True,0.5352950983661221
1468,0.0,19,True,0.5349783261087029
1469,1.0,221,True,0.5346615538512838
1470,0.0,9,True,0.5343447815938647
1471,0.0,29,True,0.5340280093364456
1472,0.0,79,True,0.5337112370790263
1473,1.0,173,True,0.5333944648216072
1474,0.0,60,True,0.533077692564188
1475,0.0,38,True,0.5327609203067689
1476,0.0,22,True,0.5324441480493498
1477,1.0,172,True,0.5321273757919307
1478,0.0,110,True,0.5318106035345116
1479,0.0,68,True,0.5314938312770924
1480,0.0,42,True,0.5311770590196733
1481,0.0,36,True,0.530860286762254
1482,0.0,55,True,0.530543514504835
1483,0.0,11,True,0.5302267422474158
1484,1.0,204,True,0.5299099699899967
1485,0.0,21,True,0.5295931977325775
1486,0.0,250,False,0.5292764254751584
1487,0.0,87,True,0.5289596532177392
1488,2.0,233,True,0.5286428809603201
1489,1.0,148,True,0.528326108702901
1490,0.0,45,True,0.5280093364454819
1491,0.0,21,True,0.5276925641880628
1492,0.0,62,True,0.5273757919306435
1493,0.0,21,True,0.5270590196732244
1494,0.0,42,True,0.5267422474158052
1495,1.0,150,True,0.5264254751583861
1496,0.0,54,True,0.526108702900967
1497,1.0,174,True,0.5257919306435479
1498,1.0,196,True,0.5254751583861288
1499,0.0,38,True,0.5251583861287097
1500,0.0,46,True,0.5248416138712905
1501,0.0,119,True,0.5245248416138713
1502,0.0,10,True,0.5242080693564521
1503,0.0,55,True,0.523891297099033
1504,0.0,51,True,0.5235745248416139
1505,0.0,54,True,0.5232577525841948
1506,0.0,44,True,0.5229409803267756
1507,0.0,164,True,0.5226242080693564
1508,0.0,16,True,0.5223074358119373
1509,1.0,77,True,0.5219906635545182
1510,0.0,118,True,0.5216738912970991
1511,0.0,14,True,0.52135711903968
1512,0.0,239,True,0.5210403467822609
1513,0.0,72,True,0.5207235745248416
1514,0.0,31,True,0.5204068022674224
1515,0.0,115,True,0.5200900300100034
1516,0.0,12,True,0.5197732577525842
1517,0.0,34,True,0.5194564854951651
1518,2.0,68,True,0.5191397132377459
1519,1.0,250,False,0.5188229409803269
1520,0.0,6,True,0.5185061687229077
1521,0.0,14,True,0.5181893964654884
1522,0.0,21,True,0.5178726242080693
1523,0.0,63,True,0.5175558519506502
1524,0.0,64,True,0.5172390796932311
1525,0.0,103,True,0.5169223074358119
1526,0.0,49,True,0.5166055351783929
1527,2.0,250,False,0.5162887629209737
1528,0.0,36,True,0.5159719906635545
1529,0.0,58,True,0.5156552184061354
1530,0.0,76,True,0.5153384461487163
1531,0.0,88,True,0.5150216738912972
1532,0.0,28,True,0.5147049016338779
1533,0.0,5,True,0.5143881293764587
1534,0.0,63,True,0.5140713571190397
1535,0.0,78,True,0.5137545848616205
1536,1.0,250,False,0.5134378126042014
1537,0.0,47,True,0.5131210403467823
1538,0.0,48,True,0.5128042680893632
1539,2.0,250,False,0.5124874958319441
1540,0.0,59,True,0.5121707235745248
1541,0.0,7,True,0.5118539513171058
1542,0.0,10,True,0.5115371790596865
1543,0.0,33,True,0.5112204068022674
1544,0.0,32,True,0.5109036345448483
1545,0.0,8,True,0.5105868622874292
1546,0.0,74,True,0.5102700900300101
1547,0.0,22,True,0.5099533177725909
1548,0.0,21,True,0.5096365455151717
1549,0.0,67,True,0.5093197732577526
1550,2.0,250,False,0.5090030010003335
1551,0.0,42,True,0.5086862287429144
1552,0.0,10,True,0.5083694564854951
1553,2.0,250,False,0.5080526842280761
1554,0.0,144,True,0.5077359119706569
1555,0.0,21,True,0.5074191397132377
1556,0.0,107,True,0.5071023674558186
1557,0.0,19,True,0.5067855951983995
1558,1.0,250,False,0.5064688229409804
1559,0.0,250,False,0.5061520506835612
1560,0.0,34,True,0.5058352784261422
1561,0.0,46,True,0.505518506168723
1562,0.0,105,True,0.5052017339113037
1563,1.0,116,True,0.5048849616538846
1564,0.0,72,True,0.5045681893964655
1565,0.0,46,True,0.5042514171390464
1566,0.0,17,True,0.5039346448816272
1567,1.0,230,True,0.503617872624208
1568,0.0,7,True,0.503301100366789
1569,0.0,40,True,0.5029843281093698
1570,0.0,12,True,0.5026675558519507
1571,0.0,9,True,0.5023507835945316
1572,0.0,15,True,0.5020340113371125
1573,0.0,210,True,0.5017172390796932
1574,1.0,212,True,0.501400466822274
1575,0.0,31,True,0.501083694564855
1576,0.0,4,True,0.5007669223074358
1577,0.0,40,True,0.5004501500500167
1578,2.0,250,False,0.5001333777925976
1579,0.0,12,True,0.4998166055351785
1580,0.0,15,True,0.49949983327775926
1581,0.0,18,True,0.49918306102034016
1582,0.0,44,True,0.49886628876292094
1583,0.0,63,True,0.49854951650550183
1584,0.0,69,True,0.4982327442480827
1585,0.0,42,True,0.4979159719906635
1586,1.0,138,True,0.4975991997332445
1587,1.0,52,True,0.4972824274758253
1588,2.0,250,False,0.4969656552184062
1589,0.0,57,True,0.49664888296098697
1590,1.0,250,False,0.496332110703568
1591,0.0,34,True,0.49601533844614876
1592,0.0,17,True,0.49569856618872954
1593,0.0,100,True,0.49538179393131043
1594,1.0,194,True,0.4950650216738913
1595,0.0,20,True,0.4947482494164722
1596,0.0,97,True,0.494431477159053
1597,0.0,89,True,0.4941147049016339
1598,1.0,115,True,0.4937979326442148
1599,0.0,113,True,0.49348116038679557
1600,0.0,87,True,0.49316438812937646
1601,0.0,29,True,0.49284761587195736
1602,0.0,48,True,0.49253084361453825
1603,1.0,116,True,0.49221407135711903
1604,0.0,121,True,0.4918972990996999
1605,0.0,28,True,0.4915805268422808
1606,1.0,108,True,0.4912637545848617
1607,0.0,100,True,0.4909469823274425
1608,0.0,60,True,0.4906302100700233
1609,0.0,31,True,0.4903134378126043
1610,0.0,34,True,0.48999666555518506
1611,0.0,55,True,0.48967989329776596
1612,1.0,250,False,0.48936312104034674
1613,0.0,117,True,0.48904634878292774
1614,1.0,83,True,0.4887295765255085
1615,0.0,64,True,0.4884128042680893
1616,0.0,12,True,0.4880960320106703
1617,0.0,33,True,0.4877792597532511
1618,0.0,43,True,0.487462487495832
1619,0.0,62,True,0.48714571523841277
1620,0.0,22,True,0.4868289429809938
1621,0.0,15,True,0.48651217072357456
1622,0.0,28,True,0.48619539846615545
1623,0.0,30,True,0.48587862620873623
1624,0.0,69,True,0.4855618539513171
1625,0.0,11,True,0.485245081693898
1626,0.0,25,True,0.4849283094364788
1627,0.0,120,True,0.4846115371790597
1628,0.0,36,True,0.4842947649216406
1629,0.0,16,True,0.4839779926642215
1630,0.0,8,True,0.48366122040680226
1631,0.0,60,True,0.48334444814938315
1632,0.0,12,True,0.48302767589196405
1633,0.0,7,True,0.48271090363454483
1634,0.0,8,True,0.4823941313771257
1635,0.0,139,True,0.4820773591197066
1636,1.0,250,False,0.4817605868622875
1637,0.0,133,True,0.4814438146048683
1638,0.0,39,True,0.4811270423474492
1639,0.0,10,True,0.4808102700900301
1640,0.0,21,True,0.48049349783261086
1641,0.0,14,True,0.48017672557519175
1642,0.0,85,True,0.47985995331777254
1643,0.0,36,True,0.47954318106035354
1644,0.0,215,True,0.4792264088029343
1645,0.0,15,True,0.4789096365455152
1646,1.0,174,True,0.4785928642880961
1647,0.0,86,True,0.4782760920306769
1648,1.0,57,True,0.4779593197732578
1649,0.0,47,True,0.47764254751583857
1650,2.0,250,False,0.47732577525841957
1651,0.0,48,True,0.47700900300100035
1652,1.0,117,True,0.47669223074358125
1653,0.0,42,True,0.47637545848616203
1654,0.0,47,True,0.4760586862287429
1655,1.0,233,True,0.4757419139713238
1656,0.0,22,True,0.4754251417139046
1657,1.0,193,True,0.4751083694564855
1658,0.0,34,True,0.4747915971990664
1659,0.0,176,True,0.4744748249416473
1660,1.0,142,True,0.47415805268422806
1661,0.0,6,True,0.47384128042680906
1662,0.0,31,True,0.47352450816938985
1663,0.0,15,True,0.47320773591197063
1664,0.0,121,True,0.4728909636545515
1665,0.0,43,True,0.4725741913971324
1666,0.0,29,True,0.4722574191397133
1667,0.0,107,True,0.4719406468822941
1668,0.0,21,True,0.471623874624875
1669,0.0,34,True,0.4713071023674559
1670,1.0,250,False,0.47099033011003666
1671,0.0,17,True,0.47067355785261755
1672,2.0,250,False,0.47035678559519833
1673,1.0,45,True,0.47004001333777934
1674,0.0,19,True,0.4697232410803601
1675,0.0,127,True,0.469406468822941
1676,0.0,94,True,0.4690896965655219
1677,1.0,185,True,0.4687729243081028
1678,1.0,124,True,0.4684561520506836
1679,1.0,58,True,0.46813937979326437
1680,1.0,65,True,0.46782260753584537
1681,0.0,250,False,0.46750583527842615
1682,0.0,19,True,0.46718906302100704
1683,0.0,34,True,0.4668722907635878
1684,0.0,94,True,0.46655551850616883
1685,0.0,50,True,0.4662387462487496
1686,1.0,168,True,0.4659219739913304
1687,0.0,16,True,0.4656052017339113
1688,0.0,49,True,0.4652884294764922
1689,0.0,18,True,0.4649716572190731
1690,0.0,107,True,0.46465488496165386
1691,0.0,51,True,0.46433811270423486
1692,0.0,47,True,0.46402134044681564
1693,0.0,19,True,0.46370456818939654
1694,0.0,75,True,0.4633877959319773
1695,2.0,250,False,0.4630710236745582
1696,0.0,86,True,0.4627542514171391
1697,0.0,26,True,0.4624374791597199
1698,1.0,143,True,0.4621207069023008
1699,0.0,69,True,0.4618039346448817
1700,1.0,201,True,0.46148716238746257
1701,0.0,28,True,0.46117039013004335
1702,1.0,86,True,0.46085361787262413
1703,0.0,17,True,0.46053684561520514
1704,0.0,5,True,0.4602200733577859
1705,1.0,62,True,0.4599033011003668
1706,0.0,61,True,0.4595865288429477
1707,0.0,11,True,0.4592697565855286
1708,0.0,42,True,0.4589529843281094
1709,1.0,36,True,0.4586362120706903
1710,0.0,250,False,0.45831943981327117
1711,0.0,16,True,0.45800266755585195
1712,0.0,71,True,0.45768589529843284
1713,0.0,53,True,0.4573691230410136
1714,0.0,20,True,0.45705235078359463
1715,0.0,85,True,0.4567355785261754
1716,0.0,35,True,0.4564188062687563
1717,0.0,33,True,0.4561020340113371
1718,0.0,22,True,0.455785261753918
1719,2.0,250,False,0.4554684894964989
1720,0.0,157,True,0.45515171723907966
1721,0.0,72,True,0.45483494498166066
1722,0.0,99,True,0.45451817272424144
1723,1.0,250,False,0.45420140046682234
1724,0.0,8,True,0.4538846282094031
1725,0.0,160,True,0.453567855951984
1726,1.0,97,True,0.4532510836945649
1727,0.0,69,True,0.4529343114371457
1728,0.0,33,True,0.4526175391797266
1729,1.0,187,True,0.4523007669223075
1730,0.0,207,True,0.45198399466488837
1731,0.0,87,True,0.45166722240746915
1732,0.0,31,True,0.45135045015005004
1733,1.0,127,True,0.45103367789263094
1734,0.0,61,True,0.4507169056352117
1735,0.0,42,True,0.4504001333777926
1736,1.0,250,False,0.4500833611203735
1737,0.0,250,False,0.4497665888629544
1738,0.0,39,True,0.4494498166055352
1739,0.0,41,True,0.4491330443481161
1740,0.0,24,True,0.44881627209069697
1741,0.0,79,True,0.44849949983327775
1742,0.0,12,True,0.44818272757585864
1743,1.0,69,True,0.4478659553184394
1744,0.0,77,True,0.44754918306102043
1745,0.0,14,True,0.4472324108036012
1746,0.0,116,True,0.4469156385461821
1747,1.0,250,False,0.4465988662887629
1748,0.0,47,True,0.4462820940313439
1749,0.0,30,True,0.44596532177392467
1750,0.0,23,True,0.44564854951650545
1751,1.0,143,True,0.44533177725908646
1752,2.0,250,False,0.44501500500166724
1753,0.0,77,True,0.44469823274424813
1754,0.0,49,True,0.4443814604868289
1755,2.0,250,False,0.4440646882294099
1756,0.0,67,True,0.4437479159719907
1757,1.0,83,True,0.4434311437145715
1758,0.0,42,True,0.4431143714571524
1759,0.0,111,True,0.44279759919973327
1760,0.0,13,True,0.44248082694231416
1761,0.0,45,True,0.44216405468489495
1762,0.0,40,True,0.44184728242747584
1763,0.0,32,True,0.44153051017005673
1764,0.0,39,True,0.4412137379126376
1765,0.0,250,False,0.4408969656552184
1766,1.0,104,True,0.4405801933977993
1767,1.0,250,False,0.4402634211403802
1768,0.0,57,True,0.439946648882961
1769,1.0,186,True,0.43962987662554187
1770,0.0,41,True,0.43931310436812276
1771,0.0,75,True,0.43899633211070366
1772,0.0,7,True,0.43867955985328444
1773,1.0,250,False,0.4383627875958652
1774,0.0,23,True,0.4380460153384462
1775,0.0,54,True,0.437729243081027
1776,0.0,26,True,0.4374124708236079
1777,1.0,180,True,0.4370956985661887
1778,1.0,250,False,0.4367789263087697
1779,1.0,69,True,0.43646215405135047
1780,0.0,17,True,0.43614538179393136
1781,1.0,61,True,0.43582860953651215
1782,1.0,111,True,0.43551183727909304
1783,0.0,75,True,0.43519506502167393
1784,2.0,184,True,0.4348782927642547
1785,0.0,23,True,0.4345615205068357
1786,0.0,69,True,0.4342447482494165
1787,1.0,250,False,0.4339279759919974
1788,0.0,21,True,0.4336112037345782
1789,0.0,30,True,0.43329443147715907
1790,0.0,144,True,0.43297765921973996
1791,0.0,81,True,0.43266088696232075
1792,0.0,29,True,0.43234411470490164
1793,0.0,56,True,0.43202734244748253
1794,0.0,53,True,0.4317105701900634
1795,0.0,59,True,0.4313937979326442
1796,0.0,38,True,0.4310770256752251
1797,0.0,166,True,0.430760253417806
1798,0.0,8,True,0.4304434811603868
1799,0.0,30,True,0.43012670890296767
1800,0.0,6,True,0.42980993664554856
1801,0.0,46,True,0.42949316438812946
1802,0.0,35,True,0.42917639213071024
1803,0.0,46,True,0.42885961987329113
1804,1.0,244,True,0.428542847615872
1805,2.0,95,True,0.4282260753584528
1806,0.0,79,True,0.4279093031010337
1807,0.0,62,True,0.4275925308436145
1808,0.0,22,True,0.4272757585861955
1809,1.0,250,False,0.42695898632877627
1810,0.0,35,True,0.42664221407135716
1811,1.0,250,False,0.42632544181393794
1812,0.0,50,True,0.42600866955651884
1813,0.0,25,True,0.42569189729909973
1814,0.0,38,True,0.4253751250416805
1815,0.0,48,True,0.4250583527842615
1816,0.0,44,True,0.4247415805268423
1817,0.0,17,True,0.4244248082694232
1818,0.0,60,True,0.424108036012004
1819,0.0,12,True,0.423791263754585
1820,0.0,90,True,0.42347449149716576
1821,1.0,236,True,0.42315771923974654
1822,1.0,250,False,0.42284094698232744
1823,1.0,224,True,0.42252417472490833
1824,0.0,21,True,0.4222074024674892
1825,1.0,80,True,0.42189063021007
1826,0.0,8,True,0.4215738579526509
1827,1.0,250,False,0.4212570856952318
1828,0.0,34,True,0.4209403134378126
1829,1.0,250,False,0.42062354118039347
1830,0.0,20,True,0.42030676892297436
1831,0.0,17,True,0.41998999666555525
1832,0.0,63,True,0.41967322440813604
1833,0.0,64,True,0.41935645215071693
1834,2.0,146,True,0.4190396798932978
1835,0.0,68,True,0.4187229076358787
1836,0.0,14,True,0.4184061353784595
1837,0.0,6,True,0.4180893631210403
1838,0.0,68,True,0.4177725908636213
1839,0.0,30,True,0.41745581860620207
1840,0.0,49,True,0.41713904634878296
1841,1.0,87,True,0.41682227409136374
1842,1.0,250,False,0.41650550183394475
1843,1.0,168,True,0.41618872957652553
1844,0.0,65,True,0.4158719573191063
1845,0.0,13,True,0.4155551850616873
1846,0.0,15,True,0.4152384128042681
1847,0.0,15,True,0.414921640546849
1848,0.0,40,True,0.4146048682894298
1849,0.0,48,True,0.4142880960320108
1850,0.0,16,True,0.41397132377459156
1851,0.0,37,True,0.41365455151717245
1852,0.0,45,True,0.41333777925975324
1853,1.0,172,True,0.41302100700233413
1854,0.0,219,True,0.412704234744915
1855,0.0,78,True,0.4123874624874958
1856,0.0,22,True,0.4120706902300767
1857,0.0,17,True,0.4117539179726576
1858,0.0,76,True,0.4114371457152385
1859,1.0,250,False,0.41112037345781927
1860,0.0,14,True,0.41080360120040016
1861,0.0,154,True,0.41048682894298105
1862,0.0,41,True,0.41017005668556183
1863,0.0,113,True,0.40985328442814273
1864,1.0,106,True,0.4095365121707236
1865,0.0,16,True,0.4092197399133045
1866,1.0,250,False,0.4089029676558853
1867,1.0,44,True,0.4085861953984662
1868,0.0,20,True,0.4082694231410471
1869,1.0,102,True,0.40795265088362787
1870,1.0,123,True,0.40763587862620876
1871,1.0,104,True,0.40731910636878954
1872,0.0,39,True,0.40700233411137055
1873,0.0,46,True,0.4066855618539513
1874,1.0,92,True,0.4063687895965322
1875,1.0,84,True,0.4060520173391131
1876,1.0,106,True,0.4057352450816939
1877,1.0,33,True,0.4054184728242748
1878,0.0,27,True,0.40510170056685557
1879,0.0,52,True,0.4047849283094366
1880,0.0,11,True,0.40446815605201736
1881,0.0,28,True,0.40415138379459825
1882,2.0,196,True,0.40383461153717903
1883,0.0,26,True,0.40351783927976004
1884,0.0,27,True,0.4032010670223408
1885,0.0,40,True,0.4028842947649216
1886,1.0,76,True,0.4025675225075025
1887,0.0,117,True,0.4022507502500834
1888,1.0,105,True,0.4019339779926643
1889,1.0,121,True,0.40161720573524506
1890,0.0,45,True,0.40130043347782607
1891,0.0,15,True,0.40098366122040685
1892,1.0,250,False,0.40066688896298763
1893,0.0,21,True,0.4003501167055685
1894,1.0,166,True,0.4000333444481494
1895,1.0,115,True,0.3997165721907303
1896,0.0,50,True,0.3993997999333111
1897,0.0,78,True,0.399083027675892
1898,2.0,154,True,0.3987662554184729
1899,0.0,20,True,0.3984494831610538
1900,0.0,10,True,0.39813271090363456
1901,0.0,160,True,0.39781593864621534
1902,0.0,43,True,0.39749916638879634
1903,0.0,51,True,0.3971823941313771
1904,0.0,92,True,0.396865621873958
1905,0.0,184,True,0.3965488496165389
1906,0.0,48,True,0.3962320773591198
1907,1.0,165,True,0.3959153051017006
1908,0.0,43,True,0.39559853284428137
1909,0.0,135,True,0.3952817605868624
1910,0.0,43,True,0.39496498832944316
1911,0.0,8,True,0.39464821607202405
1912,1.0,244,True,0.39433144381460483
1913,1.0,250,False,0.39401467155718584
1914,0.0,82,True,0.3936978992997666
1915,0.0,49,True,0.3933811270423475
1916,0.0,28,True,0.3930643547849283
1917,0.0,162,True,0.3927475825275092
1918,0.0,34,True,0.3924308102700901
1919,0.0,44,True,0.39211403801267086
1920,0.0,58,True,0.39179726575525187
1921,0.0,79,True,0.39148049349783265
1922,0.0,38,True,0.39116372124041354
1923,0.0,120,True,0.3908469489829943
1924,0.0,96,True,0.3905301767255752
1925,0.0,132,True,0.3902134044681561
1926,0.0,7,True,0.3898966322107369
1927,1.0,103,True,0.3895798599533178
1928,1.0,85,True,0.3892630876958987
1929,0.0,35,True,0.3889463154384796
1930,0.0,200,True,0.38862954318106036
1931,0.0,59,True,0.38831277092364125
1932,0.0,48,True,0.38799599866622214
1933,0.0,9,True,0.3876792264088029
1934,1.0,250,False,0.3873624541513838
1935,1.0,62,True,0.3870456818939647
1936,1.0,148,True,0.3867289096365456
1937,2.0,209,True,0.3864121373791264
1938,0.0,27,True,0.3860953651217073
1939,0.0,89,True,0.3857785928642882
1940,1.0,224,True,0.38546182060686895
1941,0.0,80,True,0.38514504834944985
1942,0.0,16,True,0.38482827609203063
1943,1.0,246,True,0.38451150383461163
1944,0.0,21,True,0.3841947315771924
1945,0.0,100,True,0.3838779593197733
1946,0.0,58,True,0.3835611870623541
1947,0.0,16,True,0.383244414804935
1948,0.0,25,True,0.3829276425475159
1949,0.0,64,True,0.38261087029009666
1950,1.0,153,True,0.38229409803267766
1951,0.0,63,True,0.38197732577525845
1952,0.0,16,True,0.38166055351783934
1953,0.0,238,True,0.3813437812604201
1954,0.0,45,True,0.3810270090030011
1955,0.0,187,True,0.3807102367455819
1956,0.0,40,True,0.3803934644881627
1957,0.0,51,True,0.3800766922307436
1958,0.0,88,True,0.3797599199733245
1959,0.0,68,True,0.37944314771590537
1960,0.0,173,True,0.37912637545848615
1961,0.0,36,True,0.37880960320106705
1962,1.0,218,True,0.37849283094364794
1963,0.0,176,True,0.3781760586862287
1964,0.0,250,False,0.3778592864288096
1965,1.0,102,True,0.3775425141713905
1966,0.0,38,True,0.3772257419139714
1967,0.0,250,False,0.3769089696565522
1968,0.0,138,True,0.3765921973991331
1969,0.0,250,False,0.37627542514171397
1970,1.0,250,False,0.37595865288429486
1971,0.0,44,True,0.37564188062687565
1972,2.0,182,True,0.37532510836945643
1973,0.0,6,True,0.37500833611203743
1974,0.0,29,True,0.3746915638546182
1975,1.0,92,True,0.3743747915971991
1976,0.0,66,True,0.3740580193397799
1977,0.0,40,True,0.3737412470823609
1978,0.0,27,True,0.3734244748249417
1979,0.0,137,True,0.37310770256752246
1980,0.0,195,True,0.37279093031010346
1981,0.0,24,True,0.37247415805268425
1982,0.0,18,True,0.37215738579526514
1983,0.0,11,True,0.3718406135378459
1984,0.0,45,True,0.3715238412804269
1985,1.0,119,True,0.3712070690230077
1986,0.0,43,True,0.3708902967655886
1987,1.0,164,True,0.3705735245081694
1988,0.0,74,True,0.3702567522507503
1989,0.0,25,True,0.36993997999333117
1990,0.0,18,True,0.36962320773591195
1991,0.0,34,True,0.36930643547849284
1992,0.0,88,True,0.36898966322107374
1993,1.0,135,True,0.36867289096365463
1994,1.0,208,True,0.3683561187062354
1995,1.0,250,False,0.3680393464488163
1996,1.0,175,True,0.3677225741913972
1997,0.0,45,True,0.367405801933978
1998,0.0,71,True,0.3670890296765589
1999,0.0,78,True,0.36677225741913977
2000,0.0,20,True,0.36645548516172066
2001,1.0,121,True,0.36613871290430144
2002,0.0,71,True,0.36582194064688234
2003,0.0,40,True,0.36550516838946323
2004,0.0,30,True,0.365188396132044
2005,0.0,30,True,0.3648716238746249
2006,0.0,168,True,0.3645548516172057
2007,2.0,122,True,0.3642380793597867
2008,0.0,20,True,0.3639213071023675
2009,0.0,132,True,0.36360453484494837
2010,0.0,39,True,0.36328776258752926
2011,0.0,35,True,0.36297099033011004
2012,0.0,229,True,0.36265421807269094
2013,0.0,102,True,0.3623374458152717
2014,0.0,95,True,0.3620206735578527
2015,0.0,116,True,0.3617039013004335
2016,0.0,36,True,0.3613871290430144
2017,0.0,172,True,0.3610703567855952
2018,0.0,45,True,0.3607535845281761
2019,1.0,250,False,0.36043681227075697
2020,0.0,106,True,0.36012004001333775
2021,0.0,94,True,0.35980326775591864
2022,1.0,100,True,0.35948649549849954
2023,0.0,17,True,0.35916972324108043
2024,0.0,7,True,0.3588529509836612
2025,0.0,41,True,0.3585361787262422
2026,0.0,5,True,0.358219406468823
2027,0.0,92,True,0.3579026342114038
2028,0.0,75,True,0.3575858619539847
2029,1.0,170,True,0.35726908969656557
2030,0.0,36,True,0.35695231743914646
2031,0.0,31,True,0.35663554518172724
2032,0.0,79,True,0.35631877292430814
2033,0.0,115,True,0.35600200066688903
2034,0.0,105,True,0.3556852284094698
2035,0.0,36,True,0.3553684561520507
2036,0.0,29,True,0.3550516838946315
2037,0.0,197,True,0.3547349116372125
2038,1.0,108,True,0.3544181393797933
2039,0.0,62,True,0.35410136712237417
2040,2.0,108,True,0.35378459486495506
2041,0.0,113,True,0.35346782260753595
2042,0.0,35,True,0.35315105035011674
2043,0.0,49,True,0.3528342780926975
2044,0.0,38,True,0.3525175058352785
2045,0.0,40,True,0.3522007335778593
2046,1.0,250,False,0.3518839613204402
2047,0.0,36,True,0.351567189063021
2048,1.0,250,False,0.351250416805602
2049,0.0,11,True,0.35093364454818277
2050,0.0,15,True,0.35061687229076355
2051,0.0,26,True,0.35030010003334444
2052,0.0,42,True,0.34998332777592533
2053,0.0,216,True,0.34966655551850623
2054,0.0,16,True,0.349349783261087
2055,0.0,33,True,0.3490330110036679
2056,0.0,20,True,0.3487162387462488
2057,0.0,33,True,0.3483994664888297
2058,1.0,67,True,0.34808269423141047
2059,1.0,250,False,0.34776592197399137
2060,0.0,20,True,0.34744914971657226
2061,0.0,77,True,0.34713237745915304
2062,0.0,88,True,0.34681560520173393
2063,0.0,7,True,0.3464988329443148
2064,0.0,42,True,0.3461820606868957
2065,0.0,24,True,0.3458652884294765
2066,0.0,171,True,0.3455485161720573
2067,1.0,250,False,0.3452317439146383
2068,0.0,35,True,0.34491497165721907
2069,0.0,98,True,0.34459819939979996
2070,0.0,44,True,0.34428142714238075
2071,0.0,51,True,0.34396465488496175
2072,0.0,21,True,0.34364788262754253
2073,0.0,79,True,0.3433311103701234
2074,0.0,14,True,0.3430143381127043
2075,0.0,35,True,0.3426975658552851
2076,0.0,43,True,0.342380793597866
2077,1.0,97,True,0.3420640213404468
2078,1.0,178,True,0.3417472490830278
2079,0.0,19,True,0.34143047682560856
2080,0.0,162,True,0.34111370456818946
2081,0.0,32,True,0.34079693231077024
2082,1.0,191,True,0.34048016005335113
2083,0.0,138,True,0.340163387795932
2084,1.0,147,True,0.3398466155385128
2085,0.0,109,True,0.3395298432810937
2086,0.0,15,True,0.3392130710236746
2087,0.0,17,True,0.3388962987662555
2088,0.0,80,True,0.33857952650883627
2089,0.0,64,True,0.33826275425141716
2090,0.0,43,True,0.33794598199399806
2091,0.0,61,True,0.33762920973657884
2092,0.0,27,True,0.33731243747915973
2093,0.0,58,True,0.3369956652217406
2094,0.0,33,True,0.3366788929643215
2095,0.0,198,True,0.3363621207069023
2096,0.0,16,True,0.3360453484494832
2097,0.0,57,True,0.3357285761920641
2098,0.0,8,True,0.33541180393464487
2099,0.0,16,True,0.33509503167722576
2100,0.0,61,True,0.33477825941980655
2101,0.0,51,True,0.33446148716238755
2102,0.0,136,True,0.33414471490496833
2103,0.0,196,True,0.3338279426475492
2104,0.0,78,True,0.3335111703901301
2105,0.0,41,True,0.3331943981327109
2106,1.0,120,True,0.3328776258752918
2107,1.0,142,True,0.3325608536178726
2108,1.0,147,True,0.3322440813604536
2109,0.0,28,True,0.33192730910303436
2110,0.0,14,True,0.33161053684561526
2111,1.0,131,True,0.33129376458819604
2112,0.0,77,True,0.33097699233077704
2113,0.0,23,True,0.3306602200733578
2114,0.0,26,True,0.3303434478159386
2115,0.0,32,True,0.3300266755585195
2116,0.0,13,True,0.3297099033011004
2117,0.0,29,True,0.3293931310436813
2118,0.0,131,True,0.32907635878626207
2119,0.0,64,True,0.3287595865288431
2120,0.0,24,True,0.32844281427142386
2121,0.0,10,True,0.32812604201400464
2122,0.0,29,True,0.32780926975658553
2123,1.0,250,False,0.3274924974991664
2124,0.0,36,True,0.3271757252417473
2125,0.0,48,True,0.3268589529843281
2126,0.0,12,True,0.326542180726909
2127,0.0,101,True,0.3262254084694899
2128,0.0,24,True,0.3259086362120708
2129,0.0,21,True,0.32559186395465156
2130,0.0,136,True,0.32527509169723234
2131,0.0,139,True,0.32495831943981335
2132,0.0,154,True,0.32464154718239413
2133,1.0,250,False,0.324324774924975
2134,0.0,25,True,0.3240080026675559
2135,0.0,76,True,0.3236912304101368
2136,0.0,69,True,0.3233744581527176
2137,0.0,37,True,0.3230576858952984
2138,1.0,54,True,0.3227409136378794
2139,1.0,216,True,0.32242414138046016
2140,0.0,44,True,0.32210736912304105
2141,0.0,32,True,0.32179059686562184
2142,0.0,34,True,0.32147382460820284
2143,0.0,19,True,0.3211570523507836
2144,3.0,250,False,0.3208402800933645
2145,0.0,126,True,0.3205235078359453
2146,0.0,12,True,0.3202067355785262
2147,0.0,97,True,0.3198899633211071
2148,1.0,250,False,0.31957319106368787
2149,0.0,134,True,0.31925641880626887
2150,0.0,6,True,0.31893964654884965
2151,0.0,21,True,0.31862287429143055
2152,0.0,38,True,0.31830610203401133
2153,0.0,14,True,0.3179893297765922
2154,1.0,135,True,0.3176725575191731
2155,0.0,6,True,0.3173557852617539
2156,0.0,38,True,0.3170390130043348
2157,1.0,154,True,0.3167222407469157
2158,0.0,29,True,0.3164054684894966
2159,0.0,68,True,0.31608869623207736
2160,1.0,168,True,0.31577192397465825
2161,1.0,233,True,0.31545515171723915
2162,0.0,47,True,0.31513837945981993
2163,0.0,10,True,0.3148216072024008
2164,0.0,146,True,0.3145048349449817
2165,0.0,65,True,0.3141880626875626
2166,0.0,15,True,0.3138712904301434
2167,0.0,70,True,0.3135545181727243
2168,0.0,162,True,0.3132377459153052
2169,0.0,27,True,0.31292097365788596
2170,0.0,15,True,0.31260420140046685
2171,0.0,149,True,0.31228742914304763
2172,1.0,107,True,0.31197065688562864
2173,0.0,29,True,0.3116538846282094
2174,0.0,250,False,0.3113371123707903
2175,1.0,103,True,0.3110203401133711
2176,0.0,36,True,0.310703567855952
2177,1.0,250,False,0.3103867955985329
2178,0.0,18,True,0.31007002334111367
2179,0.0,14,True,0.30975325108369467
2180,0.0,48,True,0.30943647882627545
2181,1.0,164,True,0.30911970656885635
2182,2.0,250,False,0.3088029343114371
2183,0.0,5,True,0.30848616205401813
2184,1.0,127,True,0.3081693897965989
2185,0.0,33,True,0.3078526175391797
2186,0.0,74,True,0.3075358452817606
2187,0.0,39,True,0.3072190730243415
2188,1.0,250,False,0.3069023007669224
2189,1.0,221,True,0.30658552850950316
2190,1.0,93,True,0.30626875625208405
2191,0.0,92,True,0.30595198399466494
2192,0.0,9,True,0.3056352117372457
2193,1.0,43,True,0.3053184394798266
2194,1.0,218,True,0.3050016672224075
2195,1.0,84,True,0.3046848949649884
2196,0.0,117,True,0.3043681227075692
2197,1.0,129,True,0.3040513504501501
2198,1.0,52,True,0.303734578192731
2199,0.0,71,True,0.30341780593531187
2200,0.0,35,True,0.30310103367789265
2201,0.0,77,True,0.30278426142047343
2202,0.0,37,True,0.30246748916305444
2203,0.0,57,True,0.3021507169056352
2204,1.0,95,True,0.3018339446482161
2205,0.0,15,True,0.3015171723907969
2206,2.0,250,False,0.3012004001333779
2207,0.0,61,True,0.3008836278759587
2208,0.0,113,True,0.30056685561853946
2209,0.0,33,True,0.30025008336112047
2210,0.0,5,True,0.29993331110370125
2211,0.0,250,False,0.29961653884628214
2212,0.0,119,True,0.2992997665888629
2213,0.0,10,True,0.29898299433144393
2214,1.0,250,False,0.2986662220740247
2215,0.0,209,True,0.2983494498166056
2216,1.0,99,True,0.2980326775591864
2217,0.0,28,True,0.2977159053017673
2218,0.0,36,True,0.2973991330443482
2219,1.0,147,True,0.29708236078692896
2220,1.0,84,True,0.29676558852950985
2221,1.0,81,True,0.29644881627209074
2222,0.0,26,True,0.29613204401467164
2223,1.0,247,True,0.2958152717572524
2224,1.0,213,True,0.2954984994998333
2225,0.0,23,True,0.2951817272424142
2226,1.0,191,True,0.294864954984995
2227,1.0,163,True,0.2945481827275759
2228,0.0,57,True,0.2942314104701568
2229,0.0,19,True,0.29391463821273767
2230,0.0,36,True,0.29359786595531845
2231,0.0,28,True,0.29328109369789934
2232,0.0,75,True,0.29296432144048024
2233,0.0,41,True,0.292647549183061
2234,0.0,13,True,0.2923307769256419
2235,0.0,171,True,0.2920140046682227
2236,0.0,206,True,0.2916972324108037
2237,0.0,81,True,0.2913804601533845
2238,1.0,107,True,0.2910636878959654
2239,1.0,57,True,0.29074691563854627
2240,0.0,24,True,0.29043014338112705
2241,0.0,5,True,0.29011337112370794
2242,0.0,69,True,0.2897965988662887
2243,1.0,153,True,0.28947982660886973
2244,0.0,22,True,0.2891630543514505
2245,0.0,122,True,0.2888462820940314
2246,0.0,162,True,0.2885295098366122
2247,0.0,40,True,0.2882127375791931
2248,0.0,20,True,0.287895965321774
2249,0.0,39,True,0.28757919306435475
2250,0.0,72,True,0.28726242080693565
2251,0.0,158,True,0.28694564854951654
2252,0.0,26,True,0.28662887629209743
2253,0.0,39,True,0.2863121040346782
2254,0.0,67,True,0.2859953317772592
2255,1.0,194,True,0.28567855951984
2256,0.0,52,True,0.2853617872624208
2257,0.0,37,True,0.2850450150050017
2258,0.0,36,True,0.28472824274758257
2259,0.0,27,True,0.28441147049016346
2260,0.0,38,True,0.28409469823274425
2261,1.0,245,True,0.28377792597532514
2262,0.0,24,True,0.28346115371790603
2263,0.0,61,True,0.2831443814604869
2264,0.0,11,True,0.2828276092030677
2265,0.0,146,True,0.2825108369456485
2266,0.0,49,True,0.2821940646882295
2267,0.0,23,True,0.2818772924308103
2268,0.0,26,True,0.28156052017339117
2269,0.0,147,True,0.28124374791597206
2270,0.0,23,True,0.28092697565855296
2271,0.0,108,True,0.28061020340113374
2272,0.0,12,True,0.2802934311437145
2273,0.0,72,True,0.2799766588862955
2274,0.0,6,True,0.2796598866288763
2275,0.0,205,True,0.2793431143714572
2276,0.0,203,True,0.279026342114038
2277,0.0,47,True,0.278709569856619
2278,0.0,126,True,0.27839279759919977
2279,0.0,250,False,0.27807602534178066
2280,0.0,168,True,0.27775925308436145
2281,0.0,13,True,0.27744248082694234
2282,0.0,81,True,0.27712570856952323
2283,0.0,45,True,0.276808936312104
2284,1.0,157,True,0.276492164054685
2285,0.0,122,True,0.2761753917972658
2286,0.0,113,True,0.2758586195398467
2287,0.0,37,True,0.2755418472824275
2288,1.0,71,True,0.27522507502500837
2289,0.0,22,True,0.27490830276758926
2290,0.0,40,True,0.27459153051017005
2291,0.0,48,True,0.27427475825275094
2292,0.0,88,True,0.27395798599533183
2293,0.0,15,True,0.2736412137379127
2294,1.0,162,True,0.2733244414804935
2295,0.0,13,True,0.2730076692230744
2296,0.0,104,True,0.2726908969656553
2297,0.0,84,True,0.2723741247082361
2298,1.0,121,True,0.27205735245081697
2299,0.0,144,True,0.27174058019339786
2300,0.0,93,True,0.27142380793597876
2301,0.0,105,True,0.27110703567855954
2302,0.0,34,True,0.27079026342114043
2303,0.0,10,True,0.2704734911637213
2304,0.0,135,True,0.2701567189063021
2305,0.0,167,True,0.269839946648883
2306,0.0,60,True,0.2695231743914638
2307,0.0,92,True,0.2692064021340448
2308,1.0,148,True,0.26888962987662557
2309,0.0,19,True,0.26857285761920646
2310,0.0,19,True,0.26825608536178724
2311,0.0,167,True,0.26793931310436814
2312,1.0,69,True,0.26762254084694903
2313,1.0,73,True,0.2673057685895298
2314,1.0,138,True,0.2669889963321108
2315,0.0,125,True,0.2666722240746916
2316,0.0,112,True,0.2663554518172725
2317,0.0,14,True,0.2660386795598533
2318,0.0,61,True,0.2657219073024343
2319,0.0,94,True,0.26540513504501506
2320,0.0,7,True,0.26508836278759584
2321,1.0,202,True,0.26477159053017674
2322,0.0,11,True,0.26445481827275763
2323,1.0,158,True,0.2641380460153385
2324,0.0,17,True,0.2638212737579193
2325,0.0,10,True,0.2635045015005002
2326,0.0,64,True,0.2631877292430811
2327,0.0,52,True,0.2628709569856619
2328,1.0,209,True,0.26255418472824277
2329,0.0,24,True,0.26223741247082355
2330,1.0,213,True,0.26192064021340455
2331,0.0,214,True,0.26160386795598534
2332,1.0,250,False,0.26128709569856623
2333,0.0,106,True,0.2609703234411471
2334,0.0,5,True,0.260653551183728
2335,0.0,18,True,0.2603367789263088
2336,1.0,57,True,0.2600200066688896
2337,0.0,52,True,0.2597032344114706
2338,0.0,35,True,0.25938646215405137
2339,0.0,13,True,0.25906968989663226
2340,0.0,116,True,0.25875291763921304
2341,0.0,12,True,0.25843614538179405
2342,1.0,147,True,0.25811937312437483
2343,0.0,48,True,0.2578026008669556
2344,1.0,34,True,0.2574858286095365
2345,0.0,98,True,0.2571690563521174
2346,0.0,18,True,0.2568522840946983
2347,0.0,44,True,0.2565355118372791
2348,0.0,62,True,0.2562187395798601
2349,0.0,22,True,0.25590196732244086
2350,1.0,121,True,0.25558519506502175
2351,0.0,106,True,0.25526842280760254
2352,0.0,35,True,0.25495165055018343
2353,0.0,8,True,0.2546348782927643
2354,0.0,13,True,0.2543181060353451
2355,0.0,110,True,0.254001333777926
2356,0.0,48,True,0.2536845615205069
2357,2.0,250,False,0.2533677892630878
2358,0.0,67,True,0.25305101700566857
2359,0.0,69,True,0.25273424474824935
2360,0.0,54,True,0.25241747249083035
2361,0.0,54,True,0.25210070023341113
2362,0.0,10,True,0.25178392797599203
2363,1.0,132,True,0.2514671557185729
2364,1.0,128,True,0.2511503834611538
2365,0.0,70,True,0.2508336112037346
2366,0.0,223,True,0.2505168389463155
2367,0.0,63,True,0.2502000666888964
2368,0.0,23,True,0.24988329443147717
2369,0.0,65,True,0.24956652217405806
2370,0.0,11,True,0.24924974991663884
2371,0.0,62,True,0.24893297765921985
2372,0.0,14,True,0.24861620540180063
2373,1.0,105,True,0.24829943314438152
2374,0.0,86,True,0.2479826608869623
2375,1.0,204,True,0.2476658886295432
2376,1.0,123,True,0.2473491163721241
2377,0.0,142,True,0.24703234411470487
2378,0.0,56,True,0.24671557185728588
2379,0.0,96,True,0.24639879959986666
2380,0.0,33,True,0.24608202734244755
2381,0.0,9,True,0.24576525508502833
2382,0.0,21,True,0.24544848282760923
2383,0.0,52,True,0.24513171057019012
2384,0.0,15,True,0.2448149383127709
2385,0.0,12,True,0.2444981660553518
2386,0.0,67,True,0.2441813937979327
2387,0.0,250,False,0.24386462154051358
2388,0.0,27,True,0.24354784928309436
2389,0.0,62,True,0.24323107702567526
2390,1.0,76,True,0.24291430476825615
2391,0.0,43,True,0.24259753251083693
2392,0.0,81,True,0.24228076025341783
2393,1.0,221,True,0.24196398799599872
2394,0.0,46,True,0.2416472157385796
2395,0.0,87,True,0.2413304434811604
2396,0.0,15,True,0.2410136712237413
2397,1.0,115,True,0.24069689896632218
2398,0.0,63,True,0.24038012670890296
2399,0.0,74,True,0.24006335445148386
2400,0.0,38,True,0.23974658219406464
2401,0.0,14,True,0.23942980993664564
2402,0.0,119,True,0.23911303767922643
2403,0.0,18,True,0.23879626542180732
2404,0.0,97,True,0.2384794931643881
2405,0.0,60,True,0.2381627209069691
2406,0.0,27,True,0.2378459486495499
2407,0.0,53,True,0.23752917639213067
2408,0.0,121,True,0.23721240413471167
2409,1.0,127,True,0.23689563187729246
2410,0.0,13,True,0.23657885961987335
2411,0.0,23,True,0.23626208736245413
2412,0.0,50,True,0.23594531510503514
2413,0.0,37,True,0.23562854284761592
2414,0.0,38,True,0.2353117705901967
2415,0.0,6,True,0.2349949983327776
2416,1.0,137,True,0.2346782260753585
2417,1.0,107,True,0.23436145381793938
2418,0.0,5,True,0.23404468156052016
2419,0.0,180,True,0.23372790930310106
2420,0.0,42,True,0.23341113704568195
2421,0.0,218,True,0.23309436478826284
2422,0.0,5,True,0.23277759253084362
2423,0.0,73,True,0.23246082027342452
2424,0.0,13,True,0.2321440480160054
2425,1.0,126,True,0.2318272757585862
2426,1.0,131,True,0.2315105035011671
2427,0.0,72,True,0.23119373124374798
2428,1.0,144,True,0.23087695898632887
2429,0.0,11,True,0.23056018672890966
2430,0.0,21,True,0.23024341447149044
2431,2.0,123,True,0.22992664221407144
2432,1.0,62,True,0.22960986995665222
2433,0.0,45,True,0.22929309769923312
2434,0.0,7,True,0.2289763254418139
2435,0.0,15,True,0.2286595531843949
2436,1.0,250,False,0.22834278092697569
2437,0.0,26,True,0.22802600866955658
2438,0.0,9,True,0.22770923641213747
2439,0.0,12,True,0.22739246415471825
2440,0.0,85,True,0.22707569189729915
2441,0.0,35,True,0.22675891963987993
2442,1.0,250,False,0.22644214738246093
2443,0.0,24,True,0.22612537512504172
2444,1.0,56,True,0.2258086028676226
2445,0.0,5,True,0.2254918306102034
2446,0.0,156,True,0.22517505835278429
2447,0.0,250,False,0.22485828609536518
2448,0.0,56,True,0.22454151383794596
2449,0.0,16,True,0.22422474158052685
2450,0.0,201,True,0.22390796932310775
2451,0.0,19,True,0.22359119706568864
2452,0.0,17,True,0.22327442480826942
2453,0.0,101,True,0.22295765255085032
2454,1.0,250,False,0.2226408802934312
2455,1.0,250,False,0.222324108036012
2456,0.0,133,True,0.22200733577859288
2457,0.0,51,True,0.22169056352117378
2458,2.0,234,True,0.22137379126375467
2459,0.0,57,True,0.22105701900633545
2460,0.0,21,True,0.22074024674891635
2461,0.0,14,True,0.22042347449149724
2462,0.0,49,True,0.22010670223407802
2463,0.0,250,False,0.21978992997665892
2464,0.0,12,True,0.2194731577192397
2465,0.0,28,True,0.2191563854618207
2466,1.0,207,True,0.21883961320440148
2467,0.0,48,True,0.21852284094698238
2468,0.0,84,True,0.21820606868956327
2469,0.0,25,True,0.21788929643214405
2470,0.0,32,True,0.21757252417472495
2471,0.0,11,True,0.21725575191730573
2472,0.0,250,False,0.21693897965988673
2473,1.0,176,True,0.21662220740246751
2474,0.0,18,True,0.2163054351450484
2475,1.0,117,True,0.2159886628876292
2476,1.0,250,False,0.2156718906302102
2477,1.0,147,True,0.21535511837279098
2478,0.0,14,True,0.21503834611537176
2479,1.0,250,False,0.21472157385795265
2480,0.0,79,True,0.21440480160053355
2481,0.0,9,True,0.21408802934311444
2482,0.0,36,True,0.21377125708569522
2483,0.0,19,True,0.21345448482827623
2484,0.0,250,False,0.213137712570857
2485,0.0,250,False,0.2128209403134378
2486,0.0,112,True,0.21250416805601868
2487,1.0,77,True,0.21218739579859958
2488,1.0,35,True,0.21187062354118047
2489,0.0,34,True,0.21155385128376125
2490,0.0,46,True,0.21123707902634214
2491,1.0,83,True,0.21092030676892304
2492,0.0,34,True,0.21060353451150393
2493,0.0,9,True,0.2102867622540847
2494,0.0,45,True,0.2099699899966655
2495,2.0,97,True,0.2096532177392465
2496,0.0,13,True,0.20933644548182728
2497,0.0,93,True,0.20901967322440818
2498,1.0,83,True,0.20870290096698907
2499,1.0,158,True,0.20838612870956996
2500,0.0,56,True,0.20806935645215074
2501,1.0,154,True,0.20775258419473153
2502,0.0,17,True,0.20743581193731253
2503,0.0,70,True,0.2071190396798933
2504,0.0,136,True,0.2068022674224742
2505,0.0,250,False,0.206485495165055
2506,0.0,46,True,0.206168722907636
2507,0.0,24,True,0.20585195065021678
2508,0.0,19,True,0.20553517839279767
2509,1.0,64,True,0.20521840613537845
2510,0.0,75,True,0.20490163387795934
2511,0.0,45,True,0.20458486162054024
2512,0.0,56,True,0.20426808936312102
2513,0.0,17,True,0.20395131710570202
2514,0.0,63,True,0.2036345448482828
2515,0.0,106,True,0.2033177725908637
2516,0.0,22,True,0.20300100033344448
2517,0.0,101,True,0.20268422807602537
2518,0.0,10,True,0.20236745581860627
2519,0.0,141,True,0.20205068356118705
2520,0.0,32,True,0.20173391130376794
2521,0.0,189,True,0.20141713904634884
2522,0.0,67,True,0.20110036678892973
2523,0.0,6,True,0.2007835945315105
2524,0.0,8,True,0.2004668222740914
2525,1.0,105,True,0.2001500500166723
2526,0.0,82,True,0.19983327775925308
2527,0.0,97,True,0.19951650550183397
2528,0.0,12,True,0.19919973324441487
2529,0.0,20,True,0.19888296098699576
2530,0.0,19,True,0.19856618872957654
2531,0.0,15,True,0.19824941647215744
2532,0.0,29,True,0.19793264421473833
2533,0.0,12,True,0.1976158719573191
2534,0.0,20,True,0.1972990996999
2535,0.0,13,True,0.1969823274424808
2536,1.0,157,True,0.1966655551850618
2537,0.0,43,True,0.19634878292764257
2538,0.0,149,True,0.19603201067022347
2539,0.0,36,True,0.19571523841280425
2540,0.0,75,True,0.19539846615538514
2541,0.0,8,True,0.19508169389796604
2542,0.0,18,True,0.19476492164054682
2543,0.0,51,True,0.19444814938312782
2544,0.0,12,True,0.1941313771257086
2545,1.0,73,True,0.1938146048682895
2546,0.0,8,True,0.19349783261087028
2547,0.0,11,True,0.19318106035345128
2548,0.0,146,True,0.19286428809603207
2549,0.0,6,True,0.19254751583861285
2550,0.0,114,True,0.19223074358119374
2551,0.0,214,True,0.19191397132377463
2552,0.0,36,True,0.19159719906635553
2553,0.0,19,True,0.1912804268089363
2554,0.0,20,True,0.1909636545515172
2555,0.0,58,True,0.1906468822940981
2556,0.0,34,True,0.19033011003667888
2557,0.0,31,True,0.19001333777925977
2558,0.0,82,True,0.18969656552184067
2559,0.0,18,True,0.18937979326442156
2560,0.0,53,True,0.18906302100700234
2561,0.0,15,True,0.18874624874958323
2562,1.0,71,True,0.18842947649216413
2563,1.0,200,True,0.18811270423474502
2564,0.0,6,True,0.1877959319773258
2565,0.0,168,True,0.18747915971990659
2566,0.0,78,True,0.1871623874624876
2567,0.0,42,True,0.18684561520506837
2568,0.0,89,True,0.18652884294764926
2569,0.0,42,True,0.18621207069023005
2570,1.0,122,True,0.18589529843281105
2571,0.0,43,True,0.18557852617539183
2572,0.0,38,True,0.18526175391797262
2573,0.0,6,True,0.18494498166055362
2574,1.0,62,True,0.1846282094031344
2575,0.0,102,True,0.1843114371457153
2576,0.0,20,True,0.18399466488829608
2577,0.0,27,True,0.18367789263087708
2578,0.0,19,True,0.18336112037345786
2579,0.0,100,True,0.18304434811603876
2580,0.0,26,True,0.18272757585861954
2581,0.0,128,True,0.18241080360120043
2582,0.0,106,True,0.18209403134378133
2583,1.0,147,True,0.1817772590863621
2584,0.0,22,True,0.181460486828943
2585,1.0,182,True,0.1811437145715239
2586,0.0,37,True,0.1808269423141048
2587,1.0,122,True,0.18051017005668557
2588,0.0,15,True,0.18019339779926646
2589,0.0,80,True,0.17987662554184736
2590,0.0,8,True,0.17955985328442814
2591,1.0,74,True,0.17924308102700903
2592,0.0,38,True,0.17892630876958993
2593,0.0,15,True,0.17860953651217082
2594,0.0,53,True,0.1782927642547516
2595,0.0,9,True,0.1779759919973325
2596,0.0,65,True,0.1776592197399134
2597,0.0,18,True,0.17734244748249417
2598,1.0,245,True,0.17702567522507506
2599,0.0,73,True,0.17670890296765585
2600,0.0,47,True,0.17639213071023685
2601,1.0,83,True,0.17607535845281763
2602,0.0,195,True,0.17575858619539853
2603,1.0,34,True,0.1754418139379793
2604,0.0,29,True,0.1751250416805602
2605,0.0,32,True,0.1748082694231411
2606,0.0,11,True,0.17449149716572188
2607,0.0,43,True,0.17417472490830288
2608,0.0,31,True,0.17385795265088366
2609,0.0,88,True,0.17354118039346456
2610,0.0,250,False,0.17322440813604534
2611,0.0,21,True,0.17290763587862623
2612,0.0,30,True,0.17259086362120712
2613,0.0,58,True,0.1722740913637879
2614,1.0,133,True,0.1719573191063688
2615,0.0,66,True,0.1716405468489497
2616,0.0,140,True,0.1713237745915306
2617,0.0,126,True,0.17100700233411137
2618,1.0,42,True,0.17069023007669226
2619,0.0,250,False,0.17037345781927316
2620,1.0,250,False,0.17005668556185394
2621,1.0,224,True,0.16973991330443483
2622,0.0,11,True,0.16942314104701572
2623,0.0,37,True,0.16910636878959662
2624,0.0,49,True,0.1687895965321774
2625,0.0,21,True,0.1684728242747583
2626,0.0,250,False,0.16815605201733919
2627,0.0,16,True,0.16783927975992008
2628,0.0,33,True,0.16752250750250086
2629,0.0,34,True,0.16720573524508164
2630,1.0,125,True,0.16688896298766265
2631,0.0,121,True,0.16657219073024343
2632,1.0,250,False,0.16625541847282432
2633,0.0,12,True,0.1659386462154051
2634,0.0,176,True,0.1656218739579861
2635,1.0,250,False,0.1653051017005669
2636,0.0,10,True,0.16498832944314767
2637,1.0,250,False,0.16467155718572868
2638,0.0,81,True,0.16435478492830946
2639,0.0,73,True,0.16403801267089035
2640,0.0,212,True,0.16372124041347114
2641,1.0,74,True,0.16340446815605214
2642,0.0,35,True,0.16308769589863292
2643,0.0,87,True,0.16277092364121382
2644,0.0,71,True,0.1624541513837946
2645,0.0,147,True,0.1621373791263755
2646,0.0,37,True,0.16182060686895638
2647,0.0,42,True,0.16150383461153717
2648,0.0,47,True,0.16118706235411806
2649,0.0,250,False,0.16087029009669895
2650,0.0,100,True,0.16055351783927985
2651,1.0,119,True,0.16023674558186063
2652,0.0,138,True,0.15991997332444152
2653,0.0,92,True,0.15960320106702242
2654,2.0,119,True,0.1592864288096032
2655,0.0,123,True,0.1589696565521841
2656,0.0,90,True,0.15865288429476498
2657,1.0,182,True,0.15833611203734588
2658,0.0,30,True,0.15801933977992666
2659,2.0,250,False,0.15770256752250755
2660,0.0,136,True,0.15738579526508845
2661,0.0,117,True,0.15706902300766923
2662,1.0,73,True,0.15675225075025012
2663,0.0,12,True,0.1564354784928309
2664,1.0,170,True,0.1561187062354119
2665,0.0,42,True,0.1558019339779927
2666,0.0,87,True,0.15548516172057358
2667,0.0,45,True,0.15516838946315448
2668,1.0,109,True,0.15485161720573526
2669,1.0,169,True,0.15453484494831615
2670,0.0,167,True,0.15421807269089693
2671,0.0,37,True,0.15390130043347794
2672,0.0,20,True,0.15358452817605872
2673,0.0,8,True,0.15326775591863961
2674,0.0,85,True,0.1529509836612204
2675,0.0,14,True,0.1526342114038013
2676,0.0,88,True,0.15231743914638218
2677,0.0,89,True,0.15200066688896297
2678,1.0,240,True,0.15168389463154386
2679,0.0,80,True,0.15136712237412475
2680,1.0,177,True,0.15105035011670565
2681,0.0,125,True,0.15073357785928643
2682,0.0,15,True,0.15041680560186743
2683,1.0,77,True,0.1501000333444482
2684,0.0,163,True,0.149783261087029
2685,0.0,45,True,0.1494664888296099
2686,0.0,124,True,0.14914971657219078
2687,0.0,4,True,0.14883294431477168
2688,0.0,12,True,0.14851617205735246
2689,1.0,114,True,0.14819939979993335
2690,0.0,9,True,0.14788262754251424
2691,0.0,6,True,0.14756585528509503
2692,1.0,170,True,0.14724908302767592
2693,1.0,250,False,0.1469323107702567
2694,1.0,85,True,0.1466155385128377
2695,1.0,250,True,0.1462987662554185
2696,0.0,172,True,0.14598199399799938
2697,0.0,58,True,0.14566522174058028
2698,0.0,22,True,0.14534844948316117
2699,0.0,31,True,0.14503167722574195
2700,1.0,91,True,0.14471490496832273
2701,0.0,79,True,0.14439813271090374
2702,1.0,121,True,0.14408136045348452
2703,0.0,22,True,0.1437645881960654
2704,0.0,41,True,0.1434478159386462
2705,0.0,33,True,0.1431310436812272
2706,0.0,35,True,0.14281427142380798
2707,1.0,149,True,0.14249749916638876
2708,0.0,14,True,0.14218072690896966
2709,0.0,97,True,0.14186395465155055
2710,0.0,16,True,0.14154718239413144
2711,0.0,20,True,0.14123041013671223
2712,0.0,30,True,0.14091363787929323
2713,0.0,23,True,0.140596865621874
2714,0.0,46,True,0.1402800933644549
2715,3.0,191,False,0.1399633211070357
2716,0.0,40,True,0.13964654884961658
2717,0.0,22,True,0.13932977659219747
2718,0.0,7,True,0.13901300433477826
2719,0.0,117,True,0.13869623207735915
2720,0.0,52,True,0.13837945981994004
2721,0.0,55,True,0.13806268756252094
2722,0.0,22,True,0.13774591530510172
2723,0.0,18,True,0.1374291430476825
2724,2.0,209,True,0.1371123707902635
2725,0.0,45,True,0.1367955985328443
2726,0.0,22,True,0.13647882627542518
2727,0.0,112,True,0.13616205401800607
2728,0.0,71,True,0.13584528176058697
2729,0.0,34,True,0.13552850950316775
2730,0.0,39,True,0.13521173724574864
2731,1.0,96,True,0.13489496498832954
2732,0.0,42,True,0.13457819273091032
2733,1.0,250,False,0.1342614204734912
2734,0.0,72,True,0.133944648216072
2735,0.0,73,True,0.133627875958653
2736,0.0,8,True,0.13331110370123378
2737,0.0,30,True,0.13299433144381467
2738,0.0,48,True,0.13267755918639546
2739,0.0,15,True,0.13236078692897635
2740,0.0,66,True,0.13204401467155724
2741,1.0,71,True,0.13172724241413802
2742,0.0,151,True,0.13141047015671903
2743,0.0,38,True,0.1310936978992998
2744,0.0,22,True,0.1307769256418807
2745,0.0,32,True,0.13046015338446149
2746,2.0,154,True,0.13014338112704238
2747,0.0,38,True,0.12982660886962327
2748,0.0,39,True,0.12950983661220405
2749,0.0,13,True,0.12919306435478495
2750,0.0,66,True,0.12887629209736584
2751,0.0,184,True,0.12855951983994673
2752,0.0,78,True,0.12824274758252752
2753,1.0,250,False,0.1279259753251084
2754,0.0,72,True,0.1276092030676893
2755,0.0,10,True,0.12729243081027009
2756,0.0,11,True,0.12697565855285098
2757,0.0,24,True,0.12665888629543187
2758,0.0,8,True,0.12634211403801276
2759,2.0,152,True,0.12602534178059355
2760,0.0,41,True,0.12570856952317444
2761,0.0,37,True,0.12539179726575533
2762,0.0,15,True,0.12507502500833612
2763,0.0,18,True,0.12475825275091701
2764,0.0,23,True,0.12444148049349779
2765,0.0,250,False,0.1241247082360788
2766,0.0,34,True,0.12380793597865958
2767,0.0,8,True,0.12349116372124047
2768,0.0,7,True,0.12317439146382125
2769,0.0,191,True,0.12285761920640226
2770,0.0,30,True,0.12254084694898304
2771,0.0,48,True,0.12222407469156382
2772,0.0,16,True,0.12190730243414483
2773,0.0,49,True,0.12159053017672561
2774,0.0,100,True,0.1212737579193065
2775,0.0,30,True,0.12095698566188728
2776,0.0,15,True,0.12064021340446829
2777,0.0,35,True,0.12032344114704907
2778,0.0,93,True,0.12000666888962985
2779,0.0,51,True,0.11968989663221075
2780,0.0,23,True,0.11937312437479164
2781,2.0,135,True,0.11905635211737253
2782,0.0,96,True,0.11873957985995331
2783,0.0,20,True,0.11842280760253421
2784,0.0,14,True,0.1181060353451151
2785,0.0,66,True,0.117789263087696
2786,0.0,106,True,0.11747249083027678
2787,0.0,53,True,0.11715571857285767
2788,0.0,25,True,0.11683894631543856
2789,0.0,51,True,0.11652217405801935
2790,0.0,20,True,0.11620540180060024
2791,0.0,182,True,0.11588862954318113
2792,0.0,11,True,0.11557185728576203
2793,1.0,88,True,0.11525508502834281
2794,0.0,238,True,0.11493831277092359
2795,0.0,34,True,0.1146215405135046
2796,1.0,88,True,0.11430476825608538
2797,0.0,17,True,0.11398799599866627
2798,0.0,27,True,0.11367122374124705
2799,1.0,250,False,0.11335445148382806
2800,0.0,45,True,0.11303767922640884
2801,1.0,250,False,0.11272090696898973
2802,1.0,205,True,0.11240413471157062
2803,0.0,42,True,0.1120873624541514
2804,3.0,209,False,0.1117705901967323
2805,1.0,226,True,0.11145381793931308
2806,1.0,250,False,0.11113704568189409
2807,0.0,20,True,0.11082027342447487
2808,0.0,26,True,0.11050350116705576
2809,0.0,25,True,0.11018672890963654
2810,0.0,69,True,0.10986995665221744
2811,1.0,222,True,0.10955318439479833
2812,0.0,59,True,0.10923641213737911
2813,0.0,106,True,0.10891963987996
2814,0.0,17,True,0.1086028676225409
2815,0.0,36,True,0.10828609536512179
2816,0.0,69,True,0.10796932310770258
2817,0.0,35,True,0.10765255085028347
2818,0.0,11,True,0.10733577859286436
2819,0.0,92,True,0.10701900633544514
2820,0.0,42,True,0.10670223407802604
2821,1.0,133,True,0.10638546182060693
2822,0.0,52,True,0.10606868956318782
2823,0.0,250,False,0.1057519173057686
2824,0.0,231,True,0.1054351450483495
2825,0.0,26,True,0.10511837279093039
2826,0.0,15,True,0.10480160053351117
2827,1.0,156,True,0.10448482827609207
2828,0.0,15,True,0.10416805601867285
2829,0.0,114,True,0.10385128376125385
2830,0.0,115,True,0.10353451150383464
2831,0.0,131,True,0.10321773924641553
2832,0.0,15,True,0.10290096698899642
2833,0.0,32,True,0.1025841947315772
2834,0.0,66,True,0.1022674224741581
2835,1.0,91,True,0.10195065021673888
2836,0.0,8,True,0.10163387795931988
2837,0.0,15,True,0.10131710570190067
2838,0.0,12,True,0.10100033344448156
2839,0.0,35,True,0.10068356118706234
2840,1.0,152,True,0.10036678892964335
2841,0.0,35,True,0.10005001667222413
2842,0.0,53,True,0.09973324441480491
2843,0.0,104,True,0.0994164721573858
2844,1.0,99,True,0.0990996998999667
2845,0.0,161,True,0.09878292764254759
2846,0.0,12,True,0.09846615538512837
2847,0.0,66,True,0.09814938312770938
2848,0.0,39,True,0.09783261087029016
2849,0.0,26,True,0.09751583861287094
2850,0.0,60,True,0.09719906635545184
2851,2.0,218,True,0.09688229409803273
2852,0.0,25,True,0.09656552184061362
2853,0.0,76,True,0.0962487495831944
2854,0.0,71,True,0.0959319773257753
2855,1.0,101,True,0.09561520506835619
2856,0.0,27,True,0.09529843281093708
2857,1.0,187,True,0.09498166055351787
2858,0.0,95,True,0.09466488829609865
2859,0.0,28,True,0.09434811603867965
2860,0.0,38,True,0.09403134378126043
2861,0.0,57,True,0.09371457152384133
2862,2.0,218,True,0.09339779926642222
2863,0.0,136,True,0.09308102700900311
2864,0.0,14,True,0.0927642547515839
2865,2.0,250,False,0.09244748249416468
2866,0.0,20,True,0.09213071023674568
2867,0.0,56,True,0.09181393797932647
2868,0.0,9,True,0.09149716572190736
2869,0.0,113,True,0.09118039346448814
2870,0.0,6,True,0.09086362120706915
2871,0.0,19,True,0.09054684894964993
2872,0.0,58,True,0.09023007669223082
2873,0.0,148,True,0.0899133044348116
2874,0.0,31,True,0.0895965321773925
2875,0.0,41,True,0.08927975991997339
2876,0.0,13,True,0.08896298766255417
2877,0.0,5,True,0.08864621540513506
2878,1.0,122,True,0.08832944314771596
2879,1.0,121,True,0.08801267089029685
2880,1.0,178,True,0.08769589863287763
2881,1.0,81,True,0.08737912637545853
2882,1.0,250,False,0.08706235411803942
2883,0.0,23,True,0.0867455818606202
2884,0.0,123,True,0.0864288096032011
2885,0.0,13,True,0.08611203734578199
2886,0.0,43,True,0.08579526508836288
2887,1.0,112,True,0.08547849283094366
2888,0.0,20,True,0.08516172057352456
2889,0.0,208,True,0.08484494831610545
2890,0.0,100,True,0.08452817605868623
2891,0.0,95,True,0.08421140380126713
2892,1.0,53,True,0.08389463154384791
2893,0.0,164,True,0.08357785928642891
2894,0.0,53,True,0.0832610870290097
2895,0.0,63,True,0.08294431477159059
2896,1.0,109,True,0.08262754251417148
2897,0.0,7,True,0.08231077025675226
2898,2.0,145,True,0.08199399799933316
2899,0.0,66,True,0.08167722574191394
2900,0.0,184,True,0.08136045348449494
2901,0.0,157,True,0.08104368122707573
2902,0.0,77,True,0.08072690896965662
2903,0.0,29,True,0.0804101367122374
2904,0.0,31,True,0.0800933644548183
2905,0.0,44,True,0.07977659219739919
2906,1.0,80,True,0.07945981993997997
2907,0.0,24,True,0.07914304768256086
2908,0.0,161,True,0.07882627542514176
2909,0.0,17,True,0.07850950316772265
2910,0.0,23,True,0.07819273091030343
2911,0.0,13,True,0.07787595865288444
2912,0.0,11,True,0.07755918639546522
2913,0.0,250,False,0.077242414138046
2914,0.0,110,True,0.0769256418806269
2915,0.0,59,True,0.07660886962320779
2916,0.0,6,True,0.07629209736578868
2917,1.0,54,True,0.07597532510836946
2918,0.0,28,True,0.07565855285095036
2919,2.0,204,True,0.07534178059353125
2920,0.0,53,True,0.07502500833611203
2921,1.0,250,False,0.07470823607869292
2922,0.0,4,True,0.0743914638212737
2923,0.0,62,True,0.07407469156385471
2924,0.0,11,True,0.0737579193064355
2925,0.0,12,True,0.07344114704901639
2926,1.0,184,True,0.07312437479159728
2927,0.0,18,True,0.07280760253417817
2928,0.0,168,True,0.07249083027675896
2929,1.0,142,True,0.07217405801933974
2930,0.0,43,True,0.07185728576192074
2931,1.0,107,True,0.07154051350450152
2932,0.0,52,True,0.07122374124708242
2933,0.0,45,True,0.0709069689896632
2934,1.0,143,True,0.0705901967322442
2935,0.0,68,True,0.07027342447482499
2936,0.0,53,True,0.06995665221740577
2937,1.0,93,True,0.06963987995998666
2938,0.0,51,True,0.06932310770256755
2939,0.0,122,True,0.06900633544514845
2940,0.0,125,True,0.06868956318772923
2941,2.0,204,True,0.06837279093031023
2942,0.0,250,False,0.06805601867289102
2943,0.0,56,True,0.06773924641547191
2944,1.0,199,True,0.06742247415805269
2945,0.0,48,True,0.06710570190063359
2946,0.0,35,True,0.06678892964321448
2947,1.0,250,False,0.06647215738579526
2948,0.0,36,True,0.06615538512837615
2949,1.0,246,True,0.06583861287095705
2950,0.0,5,True,0.06552184061353794
2951,0.0,38,True,0.06520506835611872
2952,0.0,11,True,0.0648882960986995
2953,0.0,16,True,0.06457152384128051
2954,0.0,21,True,0.06425475158386129
2955,0.0,25,True,0.06393797932644218
2956,0.0,30,True,0.06362120706902308
2957,0.0,71,True,0.06330443481160397
2958,1.0,242,True,0.06298766255418475
2959,0.0,87,True,0.06267089029676565
2960,0.0,20,True,0.06235411803934654
2961,0.0,52,True,0.06203734578192732
2962,0.0,12,True,0.061720573524508215
2963,0.0,27,True,0.061403801267089
2964,0.0,36,True,0.06108702900967
2965,0.0,75,True,0.060770256752250784
2966,1.0,150,True,0.06045348449483168
2967,1.0,174,True,0.06013671223741246
2968,0.0,9,True,0.05981993997999335
2969,1.0,250,False,0.059503167722574246
2970,0.0,113,True,0.05918639546515503
2971,1.0,135,True,0.05886962320773603
2972,0.0,180,True,0.058552850950316815
2973,0.0,7,True,0.05823607869289771
2974,0.0,31,True,0.05791930643547849
2975,0.0,24,True,0.057602534178059384
2976,0.0,35,True,0.05728576192064028
2977,0.0,39,True,0.05696898966322106
2978,0.0,73,True,0.05665221740580195
2979,0.0,6,True,0.056335445148382846
2980,0.0,55,True,0.05601867289096374
2981,0.0,87,True,0.05570190063354452
2982,0.0,54,True,0.055385128376125414
2983,1.0,153,True,0.05506835611870631
2984,0.0,61,True,0.05475158386128709
2985,0.0,46,True,0.05443481160386798
2986,0.0,73,True,0.054118039346448876
2987,0.0,61,True,0.05380126708902977
2988,0.0,162,True,0.05348449483161055
2989,0.0,55,True,0.053167722574191445
2990,0.0,16,True,0.05285095031677234
2991,0.0,8,True,0.05253417805935312
2992,0.0,80,True,0.052217405801934014
2993,0.0,36,True,0.051900633544514796
2994,0.0,54,True,0.0515838612870958
2995,0.0,81,True,0.05126708902967658
2996,0.0,112,True,0.050950316772257476
2997,0.0,121,True,0.05063354451483826
2998,0.0,27,True,0.05031677225741926
2999,0.0,40,True,0.050000000000000044
