episode,return,steps,died,epsilon
0,0.0,15,True,1.0
1,0.0,9,True,0.9997284938553872
2,0.0,33,True,0.9994569877107745
3,0.0,250,False,0.9991854815661617
4,0.0,27,True,0.998913975421549
5,0.0,116,True,0.9986424692769362
6,0.0,10,True,0.9983709631323235
7,0.0,32,True,0.9980994569877107
8,0.0,82,True,0.997827950843098
9,0.0,110,True,0.9975564446984853
10,0.0,11,True,0.9972849385538726
11,0.0,14,True,0.9970134324092598
12,0.0,7,True,0.9967419262646471
13,0.0,8,True,0.9964704201200343
14,0.0,18,True,0.9961989139754216
15,0.0,13,True,0.9959274078308088
16,0.0,5,True,0.9956559016861961
17,0.0,14,True,0.9953843955415833
18,0.0,7,True,0.9951128893969705
19,0.0,5,True,0.9948413832523578
20,0.0,40,True,0.994569877107745
21,0.0,65,True,0.9942983709631323
22,0.0,25,True,0.9940268648185195
23,0.0,8,True,0.9937553586739069
24,0.0,60,True,0.993483852529294
25,0.0,13,True,0.9932123463846814
26,0.0,14,True,0.9929408402400686
27,0.0,20,True,0.9926693340954559
28,0.0,24,True,0.9923978279508431
29,0.0,13,True,0.9921263218062304
30,0.0,72,True,0.9918548156616176
31,0.0,250,False,0.9915833095170049
32,0.0,6,True,0.9913118033723921
33,0.0,75,True,0.9910402972277794
34,0.0,23,True,0.9907687910831666
35,0.0,250,False,0.9904972849385538
36,0.0,218,True,0.9902257787939411
37,0.0,142,True,0.9899542726493283
38,0.0,31,True,0.9896827665047156
39,0.0,250,False,0.9894112603601029
40,0.0,3,True,0.9891397542154902
41,1.0,52,True,0.9888682480708774
42,0.0,11,True,0.9885967419262647
43,1.0,184,True,0.9883252357816519
44,0.0,10,True,0.9880537296370392
45,0.0,6,True,0.9877822234924264
46,0.0,17,True,0.9875107173478137
47,0.0,5,True,0.9872392112032009
48,0.0,7,True,0.9869677050585882
49,0.0,106,True,0.9866961989139754
50,0.0,93,True,0.9864246927693626
51,0.0,27,True,0.9861531866247499
52,0.0,9,True,0.9858816804801371
53,0.0,250,False,0.9856101743355244
54,0.0,47,True,0.9853386681909116
55,0.0,132,True,0.985067162046299
56,0.0,245,True,0.9847956559016862
57,0.0,250,False,0.9845241497570735
58,1.0,52,True,0.9842526436124607
59,0.0,2,True,0.983981137467848
60,0.0,25,True,0.9837096313232352
61,0.0,8,True,0.9834381251786225
62,0.0,21,True,0.9831666190340097
63,0.0,231,True,0.982895112889397
64,0.0,5,True,0.9826236067447842
65,0.0,198,True,0.9823521006001715
66,0.0,140,True,0.9820805944555587
67,0.0,17,True,0.9818090883109459
68,0.0,29,True,0.9815375821663332
69,0.0,3,True,0.9812660760217204
70,0.0,8,True,0.9809945698771078
71,0.0,8,True,0.980723063732495
72,0.0,86,True,0.9804515575878823
73,0.0,67,True,0.9801800514432695
74,0.0,9,True,0.9799085452986568
75,0.0,9,True,0.979637039154044
76,0.0,7,True,0.9793655330094313
77,0.0,5,True,0.9790940268648185
78,0.0,6,True,0.9788225207202058
79,0.0,12,True,0.978551014575593
80,0.0,76,True,0.9782795084309803
81,0.0,61,True,0.9780080022863675
82,0.0,24,True,0.9777364961417548
83,1.0,96,True,0.977464989997142
84,0.0,7,True,0.9771934838525292
85,0.0,3,True,0.9769219777079166
86,0.0,10,True,0.9766504715633038
87,0.0,11,True,0.9763789654186911
88,0.0,10,True,0.9761074592740783
89,0.0,247,True,0.9758359531294656
90,0.0,9,True,0.9755644469848528
91,0.0,139,True,0.9752929408402401
92,0.0,10,True,0.9750214346956273
93,0.0,69,True,0.9747499285510146
94,0.0,11,True,0.9744784224064018
95,0.0,28,True,0.9742069162617891
96,0.0,11,True,0.9739354101171763
97,0.0,30,True,0.9736639039725636
98,0.0,60,True,0.9733923978279508
99,0.0,83,True,0.973120891683338
100,0.0,231,True,0.9728493855387254
101,0.0,232,True,0.9725778793941126
102,0.0,167,True,0.9723063732494999
103,0.0,92,True,0.9720348671048871
104,0.0,40,True,0.9717633609602744
105,0.0,15,True,0.9714918548156616
106,0.0,3,True,0.9712203486710489
107,0.0,7,True,0.9709488425264361
108,0.0,16,True,0.9706773363818234
109,0.0,56,True,0.9704058302372106
110,0.0,63,True,0.9701343240925979
111,0.0,22,True,0.9698628179479851
112,0.0,103,True,0.9695913118033724
113,0.0,69,True,0.9693198056587596
114,0.0,32,True,0.969048299514147
115,0.0,5,True,0.9687767933695342
116,0.0,19,True,0.9685052872249214
117,0.0,18,True,0.9682337810803087
118,0.0,55,True,0.9679622749356959
119,1.0,78,True,0.9676907687910832
120,0.0,27,True,0.9674192626464704
121,0.0,16,True,0.9671477565018577
122,0.0,52,True,0.9668762503572449
123,0.0,250,False,0.9666047442126322
124,0.0,15,True,0.9663332380680194
125,0.0,250,False,0.9660617319234067
126,0.0,130,True,0.9657902257787939
127,0.0,35,True,0.9655187196341812
128,0.0,7,True,0.9652472134895684
129,0.0,210,True,0.9649757073449557
130,0.0,167,True,0.964704201200343
131,0.0,3,True,0.9644326950557303
132,0.0,37,True,0.9641611889111175
133,0.0,245,True,0.9638896827665047
134,0.0,92,True,0.963618176621892
135,0.0,45,True,0.9633466704772792
136,0.0,107,True,0.9630751643326665
137,0.0,201,True,0.9628036581880537
138,0.0,4,True,0.962532152043441
139,0.0,11,True,0.9622606458988282
140,0.0,22,True,0.9619891397542155
141,0.0,4,True,0.9617176336096027
142,0.0,3,True,0.96144612746499
143,0.0,16,True,0.9611746213203772
144,0.0,14,True,0.9609031151757645
145,0.0,25,True,0.9606316090311517
146,0.0,24,True,0.9603601028865391
147,0.0,40,True,0.9600885967419263
148,0.0,11,True,0.9598170905973136
149,0.0,44,True,0.9595455844527008
150,0.0,19,True,0.959274078308088
151,0.0,14,True,0.9590025721634753
152,0.0,12,True,0.9587310660188625
153,0.0,42,True,0.9584595598742498
154,0.0,8,True,0.958188053729637
155,0.0,56,True,0.9579165475850243
156,0.0,250,False,0.9576450414404115
157,0.0,34,True,0.9573735352957988
158,0.0,102,True,0.957102029151186
159,0.0,63,True,0.9568305230065733
160,0.0,9,True,0.9565590168619605
161,0.0,24,True,0.9562875107173479
162,0.0,3,True,0.9560160045727351
163,0.0,250,False,0.9557444984281224
164,0.0,3,True,0.9554729922835096
165,0.0,5,True,0.9552014861388969
166,0.0,191,True,0.9549299799942841
167,0.0,18,True,0.9546584738496713
168,0.0,54,True,0.9543869677050586
169,0.0,28,True,0.9541154615604458
170,0.0,250,False,0.9538439554158331
171,0.0,14,True,0.9535724492712203
172,0.0,3,True,0.9533009431266076
173,0.0,76,True,0.9530294369819948
174,0.0,11,True,0.9527579308373821
175,0.0,14,True,0.9524864246927693
176,0.0,17,True,0.9522149185481567
177,0.0,8,True,0.9519434124035439
178,0.0,3,True,0.9516719062589312
179,0.0,250,False,0.9514004001143184
180,0.0,77,True,0.9511288939697057
181,0.0,16,True,0.9508573878250929
182,0.0,3,True,0.9505858816804802
183,0.0,137,True,0.9503143755358674
184,0.0,6,True,0.9500428693912546
185,0.0,26,True,0.9497713632466419
186,0.0,23,True,0.9494998571020291
187,0.0,12,True,0.9492283509574164
188,0.0,118,True,0.9489568448128036
189,0.0,62,True,0.9486853386681909
190,0.0,4,True,0.9484138325235781
191,0.0,189,True,0.9481423263789654
192,0.0,27,True,0.9478708202343527
193,0.0,16,True,0.94759931408974
194,0.0,11,True,0.9473278079451272
195,0.0,38,True,0.9470563018005145
196,0.0,53,True,0.9467847956559017
197,0.0,14,True,0.946513289511289
198,0.0,18,True,0.9462417833666762
199,0.0,45,True,0.9459702772220635
200,0.0,60,True,0.9456987710774507
201,0.0,11,True,0.9454272649328379
202,0.0,93,True,0.9451557587882252
203,0.0,5,True,0.9448842526436124
204,0.0,67,True,0.9446127464989997
205,0.0,30,True,0.9443412403543869
206,0.0,3,True,0.9440697342097742
207,0.0,3,True,0.9437982280651614
208,0.0,32,True,0.9435267219205488
209,0.0,9,True,0.943255215775936
210,0.0,15,True,0.9429837096313233
211,0.0,56,True,0.9427122034867105
212,0.0,12,True,0.9424406973420978
213,0.0,43,True,0.942169191197485
214,0.0,84,True,0.9418976850528723
215,0.0,30,True,0.9416261789082595
216,0.0,2,True,0.9413546727636468
217,0.0,13,True,0.941083166619034
218,0.0,89,True,0.9408116604744212
219,0.0,250,False,0.9405401543298085
220,0.0,50,True,0.9402686481851957
221,0.0,194,True,0.939997142040583
222,0.0,154,True,0.9397256358959702
223,0.0,24,True,0.9394541297513576
224,0.0,6,True,0.9391826236067448
225,0.0,14,True,0.9389111174621321
226,0.0,10,True,0.9386396113175193
227,0.0,9,True,0.9383681051729066
228,0.0,13,True,0.9380965990282938
229,0.0,52,True,0.9378250928836811
230,0.0,135,True,0.9375535867390683
231,0.0,9,True,0.9372820805944555
232,0.0,26,True,0.9370105744498428
233,0.0,7,True,0.9367390683052301
234,0.0,8,True,0.9364675621606173
235,0.0,9,True,0.9361960560160045
236,0.0,11,True,0.9359245498713918
237,0.0,79,True,0.935653043726779
238,0.0,9,True,0.9353815375821664
239,0.0,10,True,0.9351100314375536
240,0.0,101,True,0.9348385252929409
241,0.0,58,True,0.9345670191483281
242,0.0,26,True,0.9342955130037154
243,1.0,40,True,0.9340240068591026
244,0.0,69,True,0.9337525007144899
245,0.0,9,True,0.9334809945698771
246,0.0,137,True,0.9332094884252644
247,0.0,71,True,0.9329379822806516
248,0.0,45,True,0.9326664761360388
249,0.0,28,True,0.9323949699914261
250,0.0,50,True,0.9321234638468134
251,0.0,37,True,0.9318519577022006
252,0.0,31,True,0.9315804515575878
253,0.0,69,True,0.9313089454129752
254,1.0,59,True,0.9310374392683624
255,0.0,30,True,0.9307659331237497
256,0.0,112,True,0.9304944269791369
257,0.0,8,True,0.9302229208345242
258,0.0,36,True,0.9299514146899114
259,0.0,11,True,0.9296799085452987
260,0.0,25,True,0.9294084024006859
261,0.0,34,True,0.9291368962560732
262,0.0,120,True,0.9288653901114604
263,0.0,11,True,0.9285938839668477
264,0.0,32,True,0.9283223778222349
265,0.0,27,True,0.9280508716776221
266,0.0,250,False,0.9277793655330094
267,0.0,13,True,0.9275078593883966
268,0.0,23,True,0.927236353243784
269,0.0,201,True,0.9269648470991712
270,0.0,13,True,0.9266933409545585
271,0.0,4,True,0.9264218348099457
272,0.0,12,True,0.926150328665333
273,0.0,250,False,0.9258788225207202
274,0.0,30,True,0.9256073163761075
275,0.0,150,True,0.9253358102314947
276,0.0,7,True,0.925064304086882
277,0.0,209,True,0.9247927979422692
278,0.0,10,True,0.9245212917976565
279,0.0,121,True,0.9242497856530437
280,0.0,120,True,0.923978279508431
281,0.0,44,True,0.9237067733638182
282,0.0,49,True,0.9234352672192054
283,0.0,62,True,0.9231637610745927
284,0.0,6,True,0.92289225492998
285,0.0,67,True,0.9226207487853673
286,0.0,66,True,0.9223492426407545
287,0.0,3,True,0.9220777364961418
288,0.0,250,True,0.921806230351529
289,0.0,19,True,0.9215347242069163
290,0.0,3,True,0.9212632180623035
291,0.0,11,True,0.9209917119176908
292,0.0,66,True,0.920720205773078
293,0.0,2,True,0.9204486996284653
294,0.0,162,True,0.9201771934838525
295,0.0,4,True,0.9199056873392397
296,0.0,5,True,0.919634181194627
297,0.0,111,True,0.9193626750500143
298,0.0,52,True,0.9190911689054015
299,0.0,53,True,0.9188196627607887
300,0.0,203,True,0.9185481566161761
301,0.0,24,True,0.9182766504715633
302,0.0,242,True,0.9180051443269506
303,0.0,36,True,0.9177336381823378
304,0.0,54,True,0.9174621320377251
305,0.0,4,True,0.9171906258931123
306,0.0,20,True,0.9169191197484996
307,0.0,35,True,0.9166476136038868
308,0.0,6,True,0.9163761074592741
309,0.0,30,True,0.9161046013146613
310,0.0,250,False,0.9158330951700486
311,0.0,97,True,0.9155615890254358
312,0.0,7,True,0.9152900828808231
313,0.0,4,True,0.9150185767362103
314,0.0,5,True,0.9147470705915977
315,0.0,11,True,0.9144755644469849
316,0.0,37,True,0.9142040583023721
317,0.0,4,True,0.9139325521577594
318,0.0,103,True,0.9136610460131467
319,0.0,166,True,0.9133895398685339
320,0.0,9,True,0.9131180337239211
321,0.0,87,True,0.9128465275793084
322,0.0,64,True,0.9125750214346956
323,0.0,18,True,0.9123035152900829
324,0.0,96,True,0.9120320091454701
325,0.0,12,True,0.9117605030008574
326,0.0,62,True,0.9114889968562446
327,0.0,30,True,0.9112174907116319
328,0.0,15,True,0.9109459845670191
329,0.0,39,True,0.9106744784224065
330,0.0,129,True,0.9104029722777937
331,0.0,7,True,0.910131466133181
332,0.0,2,True,0.9098599599885682
333,0.0,92,True,0.9095884538439554
334,0.0,27,True,0.9093169476993427
335,0.0,3,True,0.9090454415547299
336,0.0,9,True,0.9087739354101172
337,0.0,250,False,0.9085024292655044
338,0.0,9,True,0.9082309231208917
339,0.0,7,True,0.9079594169762789
340,0.0,3,True,0.9076879108316662
341,0.0,30,True,0.9074164046870534
342,0.0,7,True,0.9071448985424407
343,0.0,17,True,0.9068733923978279
344,0.0,7,True,0.9066018862532153
345,0.0,19,True,0.9063303801086025
346,0.0,12,True,0.9060588739639898
347,0.0,125,True,0.905787367819377
348,0.0,3,True,0.9055158616747643
349,0.0,73,True,0.9052443555301515
350,0.0,250,False,0.9049728493855387
351,0.0,15,True,0.904701343240926
352,0.0,5,True,0.9044298370963132
353,0.0,92,True,0.9041583309517005
354,0.0,48,True,0.9038868248070877
355,0.0,6,True,0.903615318662475
356,0.0,4,True,0.9033438125178622
357,0.0,10,True,0.9030723063732495
358,0.0,28,True,0.9028008002286367
359,0.0,15,True,0.902529294084024
360,0.0,6,True,0.9022577879394112
361,0.0,16,True,0.9019862817947986
362,0.0,124,True,0.9017147756501858
363,0.0,246,True,0.901443269505573
364,0.0,18,True,0.9011717633609603
365,0.0,13,True,0.9009002572163476
366,0.0,50,True,0.9006287510717348
367,0.0,13,True,0.900357244927122
368,0.0,213,True,0.9000857387825093
369,0.0,69,True,0.8998142326378965
370,0.0,98,True,0.8995427264932838
371,0.0,250,False,0.899271220348671
372,0.0,26,True,0.8989997142040583
373,0.0,194,True,0.8987282080594455
374,0.0,231,True,0.8984567019148328
375,0.0,49,True,0.89818519577022
376,0.0,19,True,0.8979136896256074
377,0.0,3,True,0.8976421834809946
378,0.0,39,True,0.8973706773363819
379,0.0,81,True,0.8970991711917691
380,0.0,12,True,0.8968276650471563
381,0.0,20,True,0.8965561589025436
382,0.0,176,True,0.8962846527579309
383,0.0,5,True,0.8960131466133181
384,0.0,100,True,0.8957416404687053
385,0.0,14,True,0.8954701343240926
386,0.0,47,True,0.8951986281794798
387,1.0,84,True,0.8949271220348671
388,0.0,9,True,0.8946556158902543
389,0.0,3,True,0.8943841097456416
390,0.0,219,True,0.8941126036010288
391,0.0,221,True,0.8938410974564162
392,0.0,77,True,0.8935695913118034
393,0.0,33,True,0.8932980851671907
394,0.0,11,True,0.8930265790225779
395,0.0,21,True,0.8927550728779652
396,0.0,13,True,0.8924835667333524
397,0.0,13,True,0.8922120605887396
398,0.0,7,True,0.8919405544441269
399,0.0,50,True,0.8916690482995141
400,1.0,208,True,0.8913975421549014
401,0.0,15,True,0.8911260360102886
402,0.0,70,True,0.8908545298656759
403,0.0,115,True,0.8905830237210631
404,0.0,31,True,0.8903115175764504
405,0.0,132,True,0.8900400114318376
406,0.0,22,True,0.889768505287225
407,0.0,16,True,0.8894969991426122
408,0.0,67,True,0.8892254929979995
409,0.0,28,True,0.8889539868533867
410,0.0,114,True,0.888682480708774
411,0.0,7,True,0.8884109745641612
412,0.0,10,True,0.8881394684195485
413,0.0,98,True,0.8878679622749357
414,0.0,23,True,0.8875964561303229
415,0.0,57,True,0.8873249499857102
416,0.0,58,True,0.8870534438410974
417,0.0,121,True,0.8867819376964847
418,0.0,11,True,0.8865104315518719
419,0.0,250,False,0.8862389254072592
420,0.0,39,True,0.8859674192626464
421,0.0,250,False,0.8856959131180338
422,0.0,250,False,0.885424406973421
423,0.0,250,False,0.8851529008288083
424,0.0,31,True,0.8848813946841955
425,0.0,19,True,0.8846098885395828
426,0.0,176,True,0.88433838239497
427,0.0,6,True,0.8840668762503573
428,0.0,13,True,0.8837953701057445
429,0.0,3,True,0.8835238639611318
430,0.0,46,True,0.883252357816519
431,0.0,179,True,0.8829808516719062
432,0.0,8,True,0.8827093455272935
433,0.0,130,True,0.8824378393826808
434,0.0,31,True,0.882166333238068
435,0.0,10,True,0.8818948270934552
436,0.0,126,True,0.8816233209488425
437,0.0,61,True,0.8813518148042297
438,0.0,6,True,0.8810803086596171
439,0.0,250,False,0.8808088025150043
440,0.0,13,True,0.8805372963703916
441,0.0,77,True,0.8802657902257788
442,0.0,8,True,0.8799942840811661
443,0.0,16,True,0.8797227779365533
444,0.0,53,True,0.8794512717919406
445,0.0,7,True,0.8791797656473278
446,0.0,250,False,0.8789082595027151
447,0.0,26,True,0.8786367533581023
448,0.0,2,True,0.8783652472134895
449,0.0,9,True,0.8780937410688768
450,0.0,10,True,0.8778222349242641
451,0.0,13,True,0.8775507287796513
452,0.0,66,True,0.8772792226350385
453,0.0,237,True,0.8770077164904259
454,0.0,20,True,0.8767362103458131
455,0.0,33,True,0.8764647042012004
456,0.0,8,True,0.8761931980565876
457,0.0,131,True,0.8759216919119749
458,0.0,30,True,0.8756501857673621
459,0.0,14,True,0.8753786796227494
460,0.0,39,True,0.8751071734781366
461,0.0,86,True,0.8748356673335238
462,0.0,53,True,0.8745641611889111
463,0.0,124,True,0.8742926550442984
464,0.0,6,True,0.8740211488996856
465,0.0,4,True,0.8737496427550728
466,0.0,27,True,0.8734781366104601
467,0.0,22,True,0.8732066304658473
468,0.0,41,True,0.8729351243212347
469,0.0,18,True,0.8726636181766219
470,0.0,118,True,0.8723921120320092
471,0.0,11,True,0.8721206058873964
472,0.0,40,True,0.8718490997427837
473,0.0,116,True,0.8715775935981709
474,0.0,250,False,0.8713060874535582
475,0.0,17,True,0.8710345813089454
476,0.0,47,True,0.8707630751643327
477,0.0,27,True,0.8704915690197199
478,0.0,10,True,0.8702200628751071
479,0.0,12,True,0.8699485567304944
480,0.0,77,True,0.8696770505858817
481,0.0,46,True,0.8694055444412689
482,1.0,71,True,0.8691340382966561
483,0.0,8,True,0.8688625321520435
484,0.0,13,True,0.8685910260074308
485,0.0,33,True,0.868319519862818
486,0.0,59,True,0.8680480137182052
487,0.0,5,True,0.8677765075735925
488,0.0,5,True,0.8675050014289797
489,0.0,5,True,0.867233495284367
490,0.0,3,True,0.8669619891397542
491,0.0,79,True,0.8666904829951415
492,0.0,13,True,0.8664189768505287
493,0.0,39,True,0.866147470705916
494,0.0,9,True,0.8658759645613032
495,0.0,53,True,0.8656044584166905
496,0.0,50,True,0.8653329522720777
497,0.0,14,True,0.865061446127465
498,0.0,24,True,0.8647899399828523
499,0.0,2,True,0.8645184338382395
500,0.0,10,True,0.8642469276936268
501,0.0,5,True,0.8639754215490141
502,0.0,36,True,0.8637039154044013
503,0.0,8,True,0.8634324092597885
504,0.0,42,True,0.8631609031151758
505,0.0,33,True,0.862889396970563
506,0.0,64,True,0.8626178908259503
507,0.0,60,True,0.8623463846813375
508,0.0,76,True,0.8620748785367248
509,0.0,8,True,0.861803372392112
510,0.0,4,True,0.8615318662474993
511,0.0,8,True,0.8612603601028865
512,0.0,114,True,0.8609888539582737
513,0.0,5,True,0.860717347813661
514,0.0,79,True,0.8604458416690484
515,0.0,4,True,0.8601743355244356
516,0.0,4,True,0.8599028293798228
517,0.0,28,True,0.8596313232352101
518,0.0,206,True,0.8593598170905973
519,0.0,3,True,0.8590883109459846
520,0.0,117,True,0.8588168048013718
521,0.0,9,True,0.8585452986567591
522,0.0,6,True,0.8582737925121463
523,0.0,80,True,0.8580022863675336
524,0.0,34,True,0.8577307802229208
525,0.0,4,True,0.8574592740783081
526,0.0,14,True,0.8571877679336953
527,0.0,17,True,0.8569162617890826
528,0.0,124,True,0.8566447556444698
529,0.0,34,True,0.856373249499857
530,0.0,6,True,0.8561017433552444
531,0.0,3,True,0.8558302372106317
532,0.0,49,True,0.8555587310660189
533,0.0,10,True,0.8552872249214061
534,0.0,110,True,0.8550157187767934
535,0.0,57,True,0.8547442126321807
536,0.0,26,True,0.8544727064875679
537,0.0,44,True,0.8542012003429551
538,0.0,11,True,0.8539296941983424
539,0.0,2,True,0.8536581880537296
540,0.0,32,True,0.8533866819091169
541,0.0,13,True,0.8531151757645041
542,0.0,228,True,0.8528436696198913
543,0.0,40,True,0.8525721634752786
544,0.0,17,True,0.852300657330666
545,0.0,83,True,0.8520291511860532
546,0.0,24,True,0.8517576450414404
547,0.0,36,True,0.8514861388968277
548,0.0,155,True,0.851214632752215
549,0.0,22,True,0.8509431266076022
550,0.0,8,True,0.8506716204629894
551,0.0,66,True,0.8504001143183767
552,0.0,19,True,0.8501286081737639
553,0.0,106,True,0.8498571020291512
554,0.0,7,True,0.8495855958845384
555,0.0,49,True,0.8493140897399257
556,0.0,125,True,0.8490425835953129
557,0.0,8,True,0.8487710774507002
558,0.0,219,True,0.8484995713060874
559,0.0,62,True,0.8482280651614748
560,0.0,217,True,0.847956559016862
561,0.0,14,True,0.8476850528722493
562,0.0,105,True,0.8474135467276365
563,0.0,50,True,0.8471420405830237
564,0.0,46,True,0.846870534438411
565,0.0,4,True,0.8465990282937983
566,0.0,12,True,0.8463275221491855
567,0.0,12,True,0.8460560160045727
568,0.0,70,True,0.84578450985996
569,0.0,7,True,0.8455130037153473
570,0.0,52,True,0.8452414975707345
571,0.0,2,True,0.8449699914261217
572,0.0,216,True,0.844698485281509
573,0.0,19,True,0.8444269791368962
574,0.0,197,True,0.8441554729922836
575,0.0,39,True,0.8438839668476708
576,0.0,188,True,0.843612460703058
577,0.0,145,True,0.8433409545584453
578,0.0,18,True,0.8430694484138326
579,0.0,44,True,0.8427979422692198
580,0.0,44,True,0.842526436124607
581,0.0,17,True,0.8422549299799943
582,0.0,8,True,0.8419834238353815
583,0.0,83,True,0.8417119176907688
584,0.0,2,True,0.841440411546156
585,0.0,16,True,0.8411689054015433
586,0.0,5,True,0.8408973992569305
587,0.0,38,True,0.8406258931123178
588,0.0,20,True,0.840354386967705
589,0.0,149,True,0.8400828808230923
590,0.0,22,True,0.8398113746784795
591,0.0,17,True,0.8395398685338669
592,0.0,99,True,0.8392683623892541
593,0.0,17,True,0.8389968562446414
594,0.0,83,True,0.8387253501000286
595,0.0,15,True,0.8384538439554159
596,0.0,60,True,0.8381823378108031
597,0.0,15,True,0.8379108316661903
598,0.0,27,True,0.8376393255215776
599,0.0,3,True,0.8373678193769649
600,0.0,8,True,0.8370963132323521
601,0.0,5,True,0.8368248070877393
602,0.0,8,True,0.8365533009431266
603,0.0,7,True,0.8362817947985138
604,0.0,40,True,0.8360102886539011
605,0.0,2,True,0.8357387825092883
606,0.0,17,True,0.8354672763646757
607,0.0,9,True,0.8351957702200629
608,0.0,3,True,0.8349242640754502
609,0.0,250,False,0.8346527579308374
610,0.0,14,True,0.8343812517862247
611,0.0,15,True,0.8341097456416119
612,0.0,21,True,0.8338382394969992
613,0.0,99,True,0.8335667333523864
614,0.0,82,True,0.8332952272077736
615,0.0,240,True,0.8330237210631609
616,0.0,27,True,0.8327522149185482
617,0.0,26,True,0.8324807087739354
618,0.0,13,True,0.8322092026293226
619,0.0,28,True,0.8319376964847099
620,0.0,5,True,0.8316661903400973
621,0.0,6,True,0.8313946841954845
622,0.0,250,False,0.8311231780508717
623,0.0,21,True,0.830851671906259
624,0.0,51,True,0.8305801657616462
625,0.0,6,True,0.8303086596170335
626,0.0,3,True,0.8300371534724207
627,1.0,139,True,0.8297656473278079
628,0.0,22,True,0.8294941411831952
629,0.0,12,True,0.8292226350385825
630,0.0,63,True,0.8289511288939697
631,0.0,27,True,0.8286796227493569
632,0.0,78,True,0.8284081166047442
633,0.0,65,True,0.8281366104601315
634,0.0,155,True,0.8278651043155187
635,0.0,13,True,0.8275935981709059
636,0.0,174,True,0.8273220920262933
637,0.0,14,True,0.8270505858816805
638,0.0,250,False,0.8267790797370678
639,0.0,116,True,0.826507573592455
640,0.0,3,True,0.8262360674478423
641,0.0,54,True,0.8259645613032295
642,0.0,85,True,0.8256930551586168
643,0.0,4,True,0.825421549014004
644,0.0,12,True,0.8251500428693913
645,0.0,4,True,0.8248785367247785
646,0.0,250,False,0.8246070305801658
647,0.0,4,True,0.824335524435553
648,0.0,8,True,0.8240640182909402
649,0.0,22,True,0.8237925121463275
650,0.0,18,True,0.8235210060017149
651,0.0,17,True,0.823249499857102
652,0.0,171,True,0.8229779937124893
653,0.0,8,True,0.8227064875678766
654,0.0,19,True,0.8224349814232638
655,0.0,35,True,0.8221634752786511
656,0.0,15,True,0.8218919691340383
657,0.0,129,True,0.8216204629894256
658,0.0,131,True,0.8213489568448128
659,0.0,22,True,0.8210774507002001
660,0.0,17,True,0.8208059445555873
661,0.0,5,True,0.8205344384109745
662,0.0,5,True,0.8202629322663618
663,0.0,80,True,0.8199914261217491
664,0.0,100,True,0.8197199199771363
665,0.0,132,True,0.8194484138325235
666,0.0,37,True,0.8191769076879108
667,0.0,38,True,0.818905401543298
668,0.0,37,True,0.8186338953986854
669,0.0,11,True,0.8183623892540726
670,0.0,50,True,0.8180908831094599
671,0.0,40,True,0.8178193769648471
672,0.0,37,True,0.8175478708202344
673,0.0,36,True,0.8172763646756216
674,0.0,9,True,0.8170048585310089
675,0.0,4,True,0.8167333523863961
676,0.0,77,True,0.8164618462417834
677,0.0,232,True,0.8161903400971706
678,0.0,113,True,0.8159188339525578
679,0.0,4,True,0.8156473278079451
680,0.0,55,True,0.8153758216633324
681,0.0,7,True,0.8151043155187196
682,0.0,8,True,0.8148328093741068
683,0.0,4,True,0.8145613032294942
684,0.0,177,True,0.8142897970848815
685,0.0,10,True,0.8140182909402687
686,0.0,117,True,0.8137467847956559
687,0.0,15,True,0.8134752786510432
688,0.0,4,True,0.8132037725064304
689,0.0,3,True,0.8129322663618177
690,0.0,50,True,0.8126607602172049
691,0.0,38,True,0.8123892540725921
692,0.0,55,True,0.8121177479279794
693,0.0,8,True,0.8118462417833667
694,0.0,2,True,0.8115747356387539
695,0.0,6,True,0.8113032294941411
696,0.0,20,True,0.8110317233495284
697,0.0,2,True,0.8107602172049158
698,0.0,101,True,0.810488711060303
699,0.0,85,True,0.8102172049156902
700,0.0,250,False,0.8099456987710775
701,0.0,4,True,0.8096741926264647
702,0.0,2,True,0.809402686481852
703,0.0,20,True,0.8091311803372392
704,0.0,250,False,0.8088596741926265
705,0.0,18,True,0.8085881680480137
706,0.0,13,True,0.808316661903401
707,0.0,10,True,0.8080451557587882
708,0.0,175,True,0.8077736496141755
709,0.0,4,True,0.8075021434695627
710,2.0,163,True,0.80723063732495
711,0.0,24,True,0.8069591311803372
712,0.0,170,True,0.8066876250357244
713,0.0,10,True,0.8064161188911118
714,0.0,52,True,0.8061446127464991
715,0.0,250,False,0.8058731066018863
716,0.0,175,True,0.8056016004572735
717,0.0,80,True,0.8053300943126608
718,0.0,10,True,0.805058588168048
719,0.0,25,True,0.8047870820234353
720,0.0,32,True,0.8045155758788225
721,0.0,37,True,0.8042440697342098
722,0.0,30,True,0.803972563589597
723,0.0,46,True,0.8037010574449843
724,0.0,22,True,0.8034295513003715
725,0.0,71,True,0.8031580451557588
726,0.0,250,False,0.802886539011146
727,0.0,8,True,0.8026150328665334
728,0.0,31,True,0.8023435267219206
729,0.0,14,True,0.8020720205773079
730,0.0,36,True,0.8018005144326951
731,0.0,170,True,0.8015290082880824
732,0.0,22,True,0.8012575021434696
733,0.0,3,True,0.8009859959988568
734,0.0,4,True,0.8007144898542441
735,0.0,250,False,0.8004429837096314
736,0.0,14,True,0.8001714775650186
737,0.0,41,True,0.7998999714204058
738,0.0,81,True,0.7996284652757931
739,0.0,36,True,0.7993569591311803
740,0.0,13,True,0.7990854529865676
741,0.0,52,True,0.7988139468419548
742,0.0,9,True,0.798542440697342
743,0.0,5,True,0.7982709345527293
744,0.0,6,True,0.7979994284081167
745,0.0,7,True,0.7977279222635039
746,0.0,114,True,0.7974564161188911
747,0.0,24,True,0.7971849099742784
748,0.0,104,True,0.7969134038296657
749,1.0,250,False,0.7966418976850529
750,0.0,26,True,0.7963703915404401
751,0.0,57,True,0.7960988853958274
752,0.0,6,True,0.7958273792512146
753,0.0,7,True,0.7955558731066019
754,0.0,250,False,0.7952843669619891
755,0.0,45,True,0.7950128608173764
756,0.0,10,True,0.7947413546727636
757,0.0,71,True,0.794469848528151
758,1.0,161,True,0.7941983423835381
759,0.0,2,True,0.7939268362389255
760,0.0,175,True,0.7936553300943127
761,0.0,22,True,0.7933838239497
762,0.0,62,True,0.7931123178050872
763,0.0,33,True,0.7928408116604744
764,0.0,44,True,0.7925693055158617
765,0.0,5,True,0.792297799371249
766,0.0,2,True,0.7920262932266362
767,0.0,26,True,0.7917547870820234
768,0.0,112,True,0.7914832809374107
769,0.0,136,True,0.791211774792798
770,0.0,101,True,0.7909402686481852
771,0.0,168,True,0.7906687625035724
772,0.0,21,True,0.7903972563589597
773,0.0,35,True,0.790125750214347
774,0.0,18,True,0.7898542440697343
775,0.0,16,True,0.7895827379251215
776,0.0,5,True,0.7893112317805087
777,0.0,164,True,0.789039725635896
778,0.0,8,True,0.7887682194912833
779,0.0,38,True,0.7884967133466705
780,0.0,183,True,0.7882252072020577
781,0.0,21,True,0.787953701057445
782,0.0,72,True,0.7876821949128322
783,0.0,72,True,0.7874106887682195
784,0.0,31,True,0.7871391826236067
785,0.0,11,True,0.786867676478994
786,0.0,250,False,0.7865961703343812
787,0.0,11,True,0.7863246641897685
788,0.0,23,True,0.7860531580451557
789,0.0,126,True,0.785781651900543
790,0.0,51,True,0.7855101457559303
791,0.0,5,True,0.7852386396113176
792,0.0,4,True,0.7849671334667048
793,0.0,21,True,0.7846956273220921
794,0.0,48,True,0.7844241211774793
795,0.0,65,True,0.7841526150328666
796,0.0,15,True,0.7838811088882538
797,0.0,36,True,0.783609602743641
798,0.0,15,True,0.7833380965990283
799,0.0,6,True,0.7830665904544156
800,0.0,3,True,0.7827950843098028
801,0.0,36,True,0.78252357816519
802,0.0,6,True,0.7822520720205773
803,0.0,17,True,0.7819805658759645
804,0.0,66,True,0.7817090597313519
805,0.0,64,True,0.781437553586739
806,0.0,22,True,0.7811660474421263
807,0.0,80,True,0.7808945412975136
808,0.0,144,True,0.7806230351529009
809,0.0,64,True,0.7803515290082881
810,0.0,9,True,0.7800800228636753
811,0.0,44,True,0.7798085167190626
812,0.0,103,True,0.7795370105744499
813,0.0,69,True,0.7792655044298371
814,0.0,12,True,0.7789939982852243
815,0.0,23,True,0.7787224921406116
816,0.0,51,True,0.7784509859959988
817,0.0,123,True,0.7781794798513861
818,0.0,24,True,0.7779079737067733
819,0.0,250,False,0.7776364675621606
820,0.0,13,True,0.7773649614175479
821,0.0,110,True,0.7770934552729352
822,0.0,128,True,0.7768219491283224
823,0.0,23,True,0.7765504429837097
824,0.0,13,True,0.7762789368390969
825,0.0,10,True,0.7760074306944842
826,0.0,20,True,0.7757359245498714
827,0.0,20,True,0.7754644184052586
828,0.0,5,True,0.7751929122606459
829,0.0,23,True,0.7749214061160332
830,0.0,218,True,0.7746498999714204
831,0.0,249,True,0.7743783938268076
832,0.0,71,True,0.7741068876821949
833,0.0,18,True,0.7738353815375822
834,0.0,46,True,0.7735638753929694
835,2.0,91,True,0.7732923692483566
836,0.0,122,True,0.773020863103744
837,0.0,12,True,0.7727493569591312
838,0.0,36,True,0.7724778508145185
839,1.0,208,True,0.7722063446699057
840,0.0,69,True,0.7719348385252929
841,0.0,10,True,0.7716633323806802
842,0.0,5,True,0.7713918262360675
843,0.0,9,True,0.7711203200914547
844,0.0,23,True,0.7708488139468419
845,0.0,4,True,0.7705773078022292
846,0.0,12,True,0.7703058016576165
847,0.0,128,True,0.7700342955130037
848,0.0,14,True,0.7697627893683909
849,0.0,53,True,0.7694912832237782
850,0.0,8,True,0.7692197770791656
851,0.0,15,True,0.7689482709345528
852,0.0,250,False,0.76867676478994
853,0.0,51,True,0.7684052586453273
854,0.0,105,True,0.7681337525007145
855,0.0,13,True,0.7678622463561018
856,0.0,15,True,0.767590740211489
857,0.0,116,True,0.7673192340668763
858,0.0,12,True,0.7670477279222635
859,0.0,28,True,0.7667762217776508
860,0.0,41,True,0.766504715633038
861,0.0,181,True,0.7662332094884252
862,0.0,59,True,0.7659617033438125
863,0.0,135,True,0.7656901971991998
864,0.0,17,True,0.765418691054587
865,0.0,31,True,0.7651471849099742
866,0.0,175,True,0.7648756787653616
867,0.0,9,True,0.7646041726207488
868,0.0,250,False,0.7643326664761361
869,0.0,21,True,0.7640611603315233
870,0.0,152,True,0.7637896541869106
871,0.0,21,True,0.7635181480422978
872,0.0,3,True,0.7632466418976851
873,0.0,50,True,0.7629751357530723
874,0.0,42,True,0.7627036296084596
875,0.0,18,True,0.7624321234638468
876,0.0,14,True,0.7621606173192341
877,0.0,27,True,0.7618891111746213
878,0.0,8,True,0.7616176050300085
879,0.0,14,True,0.7613460988853958
880,0.0,23,True,0.7610745927407832
881,0.0,80,True,0.7608030865961704
882,0.0,98,True,0.7605315804515576
883,0.0,6,True,0.7602600743069449
884,0.0,94,True,0.7599885681623322
885,0.0,11,True,0.7597170620177194
886,0.0,250,False,0.7594455558731066
887,0.0,5,True,0.7591740497284939
888,0.0,53,True,0.7589025435838811
889,0.0,80,True,0.7586310374392684
890,0.0,8,True,0.7583595312946556
891,0.0,47,True,0.7580880251500429
892,0.0,11,True,0.7578165190054301
893,0.0,3,True,0.7575450128608174
894,0.0,6,True,0.7572735067162046
895,0.0,27,True,0.757002000571592
896,0.0,101,True,0.7567304944269792
897,0.0,5,True,0.7564589882823665
898,0.0,7,True,0.7561874821377537
899,0.0,86,True,0.7559159759931409
900,0.0,78,True,0.7556444698485282
901,0.0,18,True,0.7553729637039154
902,0.0,78,True,0.7551014575593027
903,0.0,143,True,0.7548299514146899
904,0.0,33,True,0.7545584452700772
905,0.0,31,True,0.7542869391254644
906,0.0,2,True,0.7540154329808517
907,0.0,10,True,0.7537439268362389
908,0.0,15,True,0.7534724206916262
909,0.0,16,True,0.7532009145470134
910,0.0,200,True,0.7529294084024007
911,0.0,5,True,0.752657902257788
912,0.0,19,True,0.7523863961131751
913,0.0,58,True,0.7521148899685625
914,0.0,51,True,0.7518433838239497
915,0.0,11,True,0.751571877679337
916,0.0,22,True,0.7513003715347242
917,0.0,6,True,0.7510288653901115
918,0.0,10,True,0.7507573592454987
919,0.0,3,True,0.750485853100886
920,0.0,15,True,0.7502143469562732
921,0.0,31,True,0.7499428408116604
922,0.0,250,False,0.7496713346670477
923,0.0,6,True,0.749399828522435
924,0.0,7,True,0.7491283223778222
925,0.0,250,False,0.7488568162332094
926,0.0,6,True,0.7485853100885967
927,0.0,22,True,0.7483138039439841
928,0.0,7,True,0.7480422977993713
929,0.0,3,True,0.7477707916547585
930,0.0,72,True,0.7474992855101458
931,0.0,3,True,0.7472277793655331
932,0.0,4,True,0.7469562732209203
933,0.0,153,True,0.7466847670763075
934,0.0,27,True,0.7464132609316947
935,0.0,52,True,0.7461417547870821
936,0.0,32,True,0.7458702486424693
937,0.0,11,True,0.7455987424978565
938,0.0,103,True,0.7453272363532437
939,0.0,42,True,0.7450557302086311
940,0.0,8,True,0.7447842240640183
941,0.0,16,True,0.7445127179194055
942,0.0,4,True,0.7442412117747927
943,0.0,12,True,0.7439697056301801
944,0.0,5,True,0.7436981994855674
945,0.0,23,True,0.7434266933409546
946,0.0,136,True,0.7431551871963418
947,0.0,9,True,0.7428836810517291
948,0.0,60,True,0.7426121749071164
949,0.0,25,True,0.7423406687625036
950,0.0,118,True,0.7420691626178908
951,0.0,11,True,0.7417976564732781
952,0.0,10,True,0.7415261503286654
953,0.0,7,True,0.7412546441840526
954,0.0,4,True,0.7409831380394398
955,0.0,61,True,0.7407116318948271
956,0.0,6,True,0.7404401257502143
957,0.0,139,True,0.7401686196056017
958,0.0,31,True,0.7398971134609889
959,0.0,19,True,0.739625607316376
960,0.0,227,True,0.7393541011717634
961,0.0,25,True,0.7390825950271507
962,0.0,64,True,0.7388110888825379
963,0.0,54,True,0.7385395827379251
964,0.0,215,True,0.7382680765933124
965,0.0,19,True,0.7379965704486997
966,0.0,192,True,0.7377250643040869
967,0.0,30,True,0.7374535581594741
968,0.0,18,True,0.7371820520148614
969,0.0,3,True,0.7369105458702486
970,0.0,4,True,0.7366390397256359
971,0.0,5,True,0.7363675335810231
972,0.0,25,True,0.7360960274364103
973,0.0,13,True,0.7358245212917977
974,0.0,33,True,0.735553015147185
975,0.0,97,True,0.7352815090025722
976,0.0,6,True,0.7350100028579594
977,0.0,250,False,0.7347384967133467
978,0.0,11,True,0.734466990568734
979,0.0,81,True,0.7341954844241212
980,0.0,3,True,0.7339239782795084
981,0.0,4,True,0.7336524721348957
982,0.0,184,True,0.733380965990283
983,0.0,123,True,0.7331094598456702
984,0.0,2,True,0.7328379537010574
985,0.0,8,True,0.7325664475564446
986,0.0,14,True,0.732294941411832
987,0.0,5,True,0.7320234352672192
988,0.0,54,True,0.7317519291226064
989,0.0,2,True,0.7314804229779936
990,0.0,250,False,0.7312089168333811
991,0.0,188,True,0.7309374106887683
992,0.0,2,True,0.7306659045441555
993,0.0,56,True,0.7303943983995427
994,0.0,53,True,0.73012289225493
995,0.0,250,False,0.7298513861103173
996,0.0,160,True,0.7295798799657045
997,0.0,116,True,0.7293083738210917
998,0.0,4,True,0.729036867676479
999,0.0,5,True,0.7287653615318663
1000,0.0,12,True,0.7284938553872535
1001,0.0,108,True,0.7282223492426407
1002,0.0,5,True,0.727950843098028
1003,0.0,3,True,0.7276793369534154
1004,0.0,16,True,0.7274078308088026
1005,0.0,30,True,0.7271363246641898
1006,0.0,41,True,0.7268648185195771
1007,0.0,3,True,0.7265933123749643
1008,0.0,187,True,0.7263218062303516
1009,0.0,3,True,0.7260503000857388
1010,0.0,80,True,0.725778793941126
1011,0.0,5,True,0.7255072877965133
1012,0.0,72,True,0.7252357816519006
1013,0.0,22,True,0.7249642755072878
1014,0.0,118,True,0.724692769362675
1015,0.0,12,True,0.7244212632180623
1016,0.0,9,True,0.7241497570734496
1017,0.0,16,True,0.7238782509288368
1018,0.0,15,True,0.723606744784224
1019,0.0,9,True,0.7233352386396114
1020,0.0,6,True,0.7230637324949986
1021,0.0,12,True,0.7227922263503859
1022,0.0,15,True,0.7225207202057731
1023,0.0,78,True,0.7222492140611603
1024,0.0,6,True,0.7219777079165476
1025,0.0,12,True,0.7217062017719349
1026,0.0,109,True,0.7214346956273221
1027,0.0,15,True,0.7211631894827093
1028,0.0,2,True,0.7208916833380966
1029,0.0,22,True,0.7206201771934839
1030,0.0,250,False,0.7203486710488711
1031,0.0,68,True,0.7200771649042583
1032,0.0,58,True,0.7198056587596456
1033,0.0,7,True,0.7195341526150328
1034,0.0,13,True,0.7192626464704202
1035,0.0,43,True,0.7189911403258074
1036,0.0,15,True,0.7187196341811946
1037,0.0,84,True,0.7184481280365819
1038,0.0,250,False,0.7181766218919692
1039,0.0,76,True,0.7179051157473564
1040,0.0,6,True,0.7176336096027436
1041,0.0,22,True,0.7173621034581309
1042,0.0,3,True,0.7170905973135182
1043,0.0,248,True,0.7168190911689054
1044,0.0,250,False,0.7165475850242926
1045,0.0,18,True,0.7162760788796799
1046,0.0,32,True,0.7160045727350672
1047,0.0,20,True,0.7157330665904544
1048,0.0,33,True,0.7154615604458416
1049,0.0,27,True,0.7151900543012288
1050,0.0,50,True,0.7149185481566163
1051,0.0,101,True,0.7146470420120035
1052,1.0,114,True,0.7143755358673907
1053,2.0,117,True,0.7141040297227779
1054,0.0,5,True,0.7138325235781653
1055,0.0,49,True,0.7135610174335525
1056,0.0,44,True,0.7132895112889397
1057,0.0,196,True,0.7130180051443269
1058,0.0,19,True,0.7127464989997142
1059,0.0,60,True,0.7124749928551015
1060,0.0,14,True,0.7122034867104887
1061,0.0,250,False,0.7119319805658759
1062,0.0,16,True,0.7116604744212632
1063,2.0,206,True,0.7113889682766505
1064,0.0,31,True,0.7111174621320377
1065,0.0,126,True,0.710845955987425
1066,0.0,5,True,0.7105744498428123
1067,0.0,130,True,0.7103029436981996
1068,0.0,18,True,0.7100314375535868
1069,0.0,21,True,0.709759931408974
1070,0.0,7,True,0.7094884252643613
1071,0.0,25,True,0.7092169191197485
1072,0.0,70,True,0.7089454129751358
1073,0.0,23,True,0.708673906830523
1074,0.0,13,True,0.7084024006859102
1075,0.0,4,True,0.7081308945412975
1076,0.0,11,True,0.7078593883966848
1077,0.0,250,False,0.707587882252072
1078,0.0,250,False,0.7073163761074592
1079,0.0,3,True,0.7070448699628465
1080,0.0,76,True,0.7067733638182339
1081,0.0,11,True,0.7065018576736211
1082,0.0,30,True,0.7062303515290083
1083,0.0,59,True,0.7059588453843956
1084,0.0,17,True,0.7056873392397828
1085,0.0,16,True,0.7054158330951701
1086,0.0,11,True,0.7051443269505573
1087,0.0,7,True,0.7048728208059445
1088,0.0,250,False,0.7046013146613318
1089,0.0,33,True,0.7043298085167191
1090,0.0,205,True,0.7040583023721063
1091,0.0,45,True,0.7037867962274935
1092,0.0,195,True,0.7035152900828808
1093,1.0,250,False,0.7032437839382681
1094,0.0,4,True,0.7029722777936553
1095,0.0,198,True,0.7027007716490425
1096,0.0,250,False,0.7024292655044299
1097,0.0,250,False,0.7021577593598172
1098,0.0,250,False,0.7018862532152044
1099,0.0,33,True,0.7016147470705916
1100,0.0,70,True,0.7013432409259788
1101,0.0,8,True,0.7010717347813662
1102,0.0,5,True,0.7008002286367534
1103,0.0,56,True,0.7005287224921406
1104,0.0,31,True,0.7002572163475278
1105,0.0,12,True,0.6999857102029152
1106,0.0,84,True,0.6997142040583024
1107,0.0,5,True,0.6994426979136896
1108,0.0,9,True,0.6991711917690768
1109,0.0,31,True,0.6988996856244643
1110,0.0,12,True,0.6986281794798515
1111,0.0,29,True,0.6983566733352387
1112,0.0,49,True,0.6980851671906259
1113,1.0,107,True,0.6978136610460132
1114,0.0,44,True,0.6975421549014005
1115,0.0,21,True,0.6972706487567877
1116,0.0,96,True,0.6969991426121749
1117,0.0,98,True,0.6967276364675622
1118,0.0,65,True,0.6964561303229495
1119,0.0,52,True,0.6961846241783367
1120,0.0,170,True,0.6959131180337239
1121,0.0,100,True,0.6956416118891112
1122,0.0,12,True,0.6953701057444985
1123,0.0,83,True,0.6950985995998857
1124,0.0,16,True,0.6948270934552729
1125,0.0,14,True,0.6945555873106602
1126,0.0,17,True,0.6942840811660475
1127,0.0,11,True,0.6940125750214348
1128,0.0,6,True,0.693741068876822
1129,0.0,82,True,0.6934695627322092
1130,0.0,250,False,0.6931980565875965
1131,0.0,81,True,0.6929265504429838
1132,0.0,3,True,0.692655044298371
1133,0.0,19,True,0.6923835381537582
1134,0.0,55,True,0.6921120320091455
1135,0.0,9,True,0.6918405258645327
1136,0.0,23,True,0.69156901971992
1137,0.0,25,True,0.6912975135753072
1138,0.0,16,True,0.6910260074306945
1139,0.0,62,True,0.6907545012860817
1140,0.0,115,True,0.690482995141469
1141,0.0,76,True,0.6902114889968562
1142,0.0,29,True,0.6899399828522434
1143,0.0,66,True,0.6896684767076308
1144,0.0,10,True,0.6893969705630181
1145,0.0,6,True,0.6891254644184053
1146,0.0,130,True,0.6888539582737925
1147,0.0,9,True,0.6885824521291798
1148,0.0,250,False,0.688310945984567
1149,2.0,143,True,0.6880394398399543
1150,0.0,23,True,0.6877679336953415
1151,0.0,3,True,0.6874964275507287
1152,0.0,4,True,0.687224921406116
1153,0.0,27,True,0.6869534152615033
1154,0.0,250,False,0.6866819091168905
1155,0.0,8,True,0.6864104029722777
1156,0.0,8,True,0.686138896827665
1157,0.0,22,True,0.6858673906830524
1158,0.0,52,True,0.6855958845384396
1159,0.0,6,True,0.6853243783938268
1160,0.0,53,True,0.6850528722492141
1161,0.0,43,True,0.6847813661046014
1162,0.0,20,True,0.6845098599599886
1163,0.0,24,True,0.6842383538153758
1164,0.0,31,True,0.683966847670763
1165,0.0,8,True,0.6836953415261504
1166,0.0,22,True,0.6834238353815376
1167,0.0,157,True,0.6831523292369248
1168,0.0,6,True,0.682880823092312
1169,0.0,6,True,0.6826093169476994
1170,0.0,104,True,0.6823378108030866
1171,0.0,71,True,0.6820663046584738
1172,0.0,21,True,0.681794798513861
1173,0.0,123,True,0.6815232923692485
1174,0.0,7,True,0.6812517862246357
1175,0.0,24,True,0.6809802800800229
1176,0.0,41,True,0.6807087739354101
1177,0.0,121,True,0.6804372677907974
1178,0.0,112,True,0.6801657616461847
1179,0.0,21,True,0.6798942555015719
1180,0.0,57,True,0.6796227493569591
1181,0.0,17,True,0.6793512432123464
1182,0.0,116,True,0.6790797370677337
1183,0.0,61,True,0.6788082309231209
1184,1.0,65,True,0.6785367247785081
1185,0.0,2,True,0.6782652186338954
1186,0.0,2,True,0.6779937124892828
1187,0.0,23,True,0.67772220634467
1188,0.0,15,True,0.6774507002000572
1189,0.0,16,True,0.6771791940554445
1190,0.0,5,True,0.6769076879108317
1191,0.0,9,True,0.676636181766219
1192,0.0,8,True,0.6763646756216062
1193,0.0,14,True,0.6760931694769934
1194,0.0,7,True,0.6758216633323807
1195,0.0,4,True,0.675550157187768
1196,0.0,35,True,0.6752786510431552
1197,0.0,2,True,0.6750071448985424
1198,0.0,37,True,0.6747356387539297
1199,0.0,28,True,0.6744641326093169
1200,0.0,171,True,0.6741926264647042
1201,0.0,6,True,0.6739211203200914
1202,0.0,7,True,0.6736496141754788
1203,0.0,11,True,0.673378108030866
1204,0.0,10,True,0.6731066018862533
1205,0.0,20,True,0.6728350957416405
1206,0.0,5,True,0.6725635895970277
1207,0.0,3,True,0.672292083452415
1208,0.0,176,True,0.6720205773078023
1209,0.0,250,False,0.6717490711631895
1210,0.0,19,True,0.6714775650185767
1211,0.0,33,True,0.671206058873964
1212,0.0,23,True,0.6709345527293513
1213,0.0,171,True,0.6706630465847385
1214,0.0,7,True,0.6703915404401257
1215,0.0,6,True,0.6701200342955129
1216,0.0,143,True,0.6698485281509003
1217,0.0,9,True,0.6695770220062875
1218,0.0,18,True,0.6693055158616747
1219,0.0,4,True,0.669034009717062
1220,0.0,62,True,0.6687625035724494
1221,0.0,122,True,0.6684909974278366
1222,0.0,34,True,0.6682194912832238
1223,0.0,229,True,0.667947985138611
1224,0.0,36,True,0.6676764789939984
1225,0.0,67,True,0.6674049728493856
1226,0.0,6,True,0.6671334667047728
1227,0.0,8,True,0.66686196056016
1228,0.0,67,True,0.6665904544155473
1229,0.0,127,True,0.6663189482709346
1230,0.0,16,True,0.6660474421263218
1231,0.0,36,True,0.665775935981709
1232,0.0,7,True,0.6655044298370963
1233,2.0,95,True,0.6652329236924837
1234,0.0,11,True,0.6649614175478709
1235,0.0,3,True,0.6646899114032581
1236,0.0,23,True,0.6644184052586454
1237,0.0,17,True,0.6641468991140327
1238,0.0,250,False,0.6638753929694199
1239,0.0,7,True,0.6636038868248071
1240,0.0,3,True,0.6633323806801944
1241,0.0,5,True,0.6630608745355816
1242,0.0,194,True,0.6627893683909689
1243,0.0,19,True,0.6625178622463561
1244,0.0,27,True,0.6622463561017433
1245,0.0,115,True,0.6619748499571306
1246,0.0,13,True,0.6617033438125179
1247,0.0,244,True,0.6614318376679051
1248,0.0,156,True,0.6611603315232923
1249,0.0,72,True,0.6608888253786797
1250,0.0,18,True,0.660617319234067
1251,0.0,50,True,0.6603458130894542
1252,0.0,3,True,0.6600743069448414
1253,0.0,151,True,0.6598028008002287
1254,0.0,12,True,0.6595312946556159
1255,0.0,26,True,0.6592597885110032
1256,0.0,29,True,0.6589882823663904
1257,0.0,20,True,0.6587167762217776
1258,0.0,187,True,0.6584452700771649
1259,2.0,190,True,0.6581737639325522
1260,2.0,85,True,0.6579022577879394
1261,0.0,22,True,0.6576307516433266
1262,0.0,171,True,0.6573592454987139
1263,0.0,18,True,0.6570877393541011
1264,0.0,114,True,0.6568162332094885
1265,0.0,13,True,0.6565447270648757
1266,1.0,159,True,0.656273220920263
1267,0.0,9,True,0.6560017147756502
1268,0.0,8,True,0.6557302086310375
1269,0.0,7,True,0.6554587024864247
1270,0.0,32,True,0.6551871963418119
1271,0.0,5,True,0.6549156901971992
1272,0.0,7,True,0.6546441840525865
1273,0.0,75,True,0.6543726779079737
1274,0.0,204,True,0.6541011717633609
1275,0.0,4,True,0.6538296656187482
1276,0.0,10,True,0.6535581594741355
1277,0.0,15,True,0.6532866533295227
1278,0.0,3,True,0.6530151471849099
1279,0.0,169,True,0.6527436410402971
1280,0.0,7,True,0.6524721348956846
1281,0.0,104,True,0.6522006287510718
1282,0.0,5,True,0.651929122606459
1283,0.0,18,True,0.6516576164618462
1284,2.0,103,True,0.6513861103172336
1285,0.0,55,True,0.6511146041726208
1286,0.0,24,True,0.650843098028008
1287,0.0,33,True,0.6505715918833952
1288,0.0,5,True,0.6503000857387826
1289,0.0,35,True,0.6500285795941698
1290,0.0,250,False,0.649757073449557
1291,0.0,18,True,0.6494855673049442
1292,0.0,250,False,0.6492140611603315
1293,0.0,106,True,0.6489425550157188
1294,0.0,2,True,0.648671048871106
1295,0.0,7,True,0.6483995427264932
1296,0.0,128,True,0.6481280365818806
1297,0.0,10,True,0.6478565304372679
1298,0.0,79,True,0.6475850242926551
1299,0.0,110,True,0.6473135181480423
1300,0.0,16,True,0.6470420120034296
1301,0.0,14,True,0.6467705058588169
1302,0.0,11,True,0.6464989997142041
1303,0.0,15,True,0.6462274935695913
1304,0.0,50,True,0.6459559874249786
1305,0.0,6,True,0.6456844812803658
1306,0.0,6,True,0.6454129751357531
1307,0.0,21,True,0.6451414689911403
1308,0.0,74,True,0.6448699628465275
1309,0.0,65,True,0.6445984567019148
1310,0.0,12,True,0.6443269505573022
1311,0.0,111,True,0.6440554444126894
1312,0.0,27,True,0.6437839382680766
1313,0.0,4,True,0.6435124321234639
1314,0.0,26,True,0.6432409259788512
1315,0.0,27,True,0.6429694198342384
1316,0.0,250,False,0.6426979136896256
1317,0.0,129,True,0.6424264075450129
1318,0.0,8,True,0.6421549014004001
1319,0.0,110,True,0.6418833952557874
1320,0.0,80,True,0.6416118891111746
1321,0.0,18,True,0.6413403829665618
1322,0.0,77,True,0.6410688768219491
1323,0.0,26,True,0.6407973706773364
1324,0.0,25,True,0.6405258645327236
1325,0.0,15,True,0.6402543583881108
1326,0.0,17,True,0.6399828522434982
1327,0.0,20,True,0.6397113460988855
1328,0.0,19,True,0.6394398399542727
1329,0.0,19,True,0.6391683338096599
1330,0.0,35,True,0.6388968276650472
1331,0.0,6,True,0.6386253215204345
1332,0.0,68,True,0.6383538153758217
1333,0.0,16,True,0.6380823092312089
1334,0.0,64,True,0.6378108030865961
1335,0.0,16,True,0.6375392969419835
1336,0.0,24,True,0.6372677907973707
1337,0.0,17,True,0.6369962846527579
1338,2.0,159,True,0.6367247785081451
1339,0.0,9,True,0.6364532723635326
1340,1.0,42,True,0.6361817662189198
1341,0.0,27,True,0.635910260074307
1342,0.0,15,True,0.6356387539296942
1343,0.0,19,True,0.6353672477850815
1344,0.0,204,True,0.6350957416404688
1345,0.0,4,True,0.634824235495856
1346,0.0,21,True,0.6345527293512432
1347,0.0,16,True,0.6342812232066305
1348,0.0,30,True,0.6340097170620178
1349,0.0,3,True,0.633738210917405
1350,0.0,133,True,0.6334667047727922
1351,0.0,35,True,0.6331951986281795
1352,0.0,3,True,0.6329236924835668
1353,0.0,8,True,0.632652186338954
1354,0.0,15,True,0.6323806801943412
1355,0.0,4,True,0.6321091740497286
1356,0.0,30,True,0.6318376679051158
1357,0.0,8,True,0.6315661617605031
1358,0.0,7,True,0.6312946556158903
1359,0.0,68,True,0.6310231494712775
1360,0.0,6,True,0.6307516433266648
1361,0.0,12,True,0.6304801371820521
1362,0.0,178,True,0.6302086310374393
1363,0.0,166,True,0.6299371248928265
1364,0.0,23,True,0.6296656187482138
1365,0.0,250,False,0.6293941126036011
1366,0.0,36,True,0.6291226064589883
1367,0.0,94,True,0.6288511003143755
1368,0.0,215,True,0.6285795941697628
1369,0.0,108,True,0.62830808802515
1370,0.0,20,True,0.6280365818805373
1371,0.0,7,True,0.6277650757359245
1372,0.0,219,True,0.6274935695913118
1373,0.0,4,True,0.6272220634466991
1374,0.0,250,False,0.6269505573020864
1375,0.0,40,True,0.6266790511574736
1376,0.0,95,True,0.6264075450128608
1377,0.0,163,True,0.6261360388682481
1378,0.0,3,True,0.6258645327236354
1379,0.0,64,True,0.6255930265790226
1380,0.0,50,True,0.6253215204344098
1381,0.0,250,False,0.6250500142897971
1382,0.0,9,True,0.6247785081451843
1383,0.0,72,True,0.6245070020005716
1384,0.0,43,True,0.6242354958559588
1385,0.0,109,True,0.623963989711346
1386,0.0,2,True,0.6236924835667333
1387,0.0,26,True,0.6234209774221207
1388,0.0,4,True,0.6231494712775079
1389,0.0,46,True,0.6228779651328951
1390,0.0,16,True,0.6226064589882824
1391,0.0,90,True,0.6223349528436697
1392,0.0,8,True,0.6220634466990569
1393,0.0,20,True,0.6217919405544441
1394,0.0,91,True,0.6215204344098314
1395,0.0,29,True,0.6212489282652187
1396,0.0,231,True,0.6209774221206059
1397,0.0,19,True,0.6207059159759931
1398,0.0,14,True,0.6204344098313803
1399,0.0,36,True,0.6201629036867677
1400,0.0,4,True,0.6198913975421549
1401,0.0,40,True,0.6196198913975421
1402,0.0,4,True,0.6193483852529293
1403,0.0,12,True,0.6190768791083168
1404,0.0,8,True,0.618805372963704
1405,0.0,48,True,0.6185338668190912
1406,0.0,21,True,0.6182623606744784
1407,0.0,6,True,0.6179908545298657
1408,0.0,136,True,0.617719348385253
1409,1.0,53,True,0.6174478422406402
1410,0.0,250,False,0.6171763360960274
1411,0.0,44,True,0.6169048299514147
1412,0.0,12,True,0.616633323806802
1413,0.0,4,True,0.6163618176621892
1414,0.0,56,True,0.6160903115175764
1415,0.0,16,True,0.6158188053729637
1416,0.0,111,True,0.615547299228351
1417,0.0,4,True,0.6152757930837383
1418,0.0,3,True,0.6150042869391255
1419,0.0,22,True,0.6147327807945128
1420,0.0,7,True,0.6144612746499
1421,0.0,29,True,0.6141897685052873
1422,0.0,34,True,0.6139182623606745
1423,0.0,81,True,0.6136467562160617
1424,0.0,250,False,0.613375250071449
1425,0.0,12,True,0.6131037439268363
1426,0.0,14,True,0.6128322377822235
1427,0.0,20,True,0.6125607316376107
1428,0.0,11,True,0.612289225492998
1429,0.0,173,True,0.6120177193483853
1430,0.0,170,True,0.6117462132037725
1431,0.0,14,True,0.6114747070591597
1432,0.0,2,True,0.611203200914547
1433,0.0,5,True,0.6109316947699343
1434,0.0,94,True,0.6106601886253216
1435,0.0,8,True,0.6103886824807088
1436,0.0,18,True,0.610117176336096
1437,0.0,62,True,0.6098456701914833
1438,0.0,5,True,0.6095741640468706
1439,0.0,8,True,0.6093026579022578
1440,0.0,3,True,0.609031151757645
1441,0.0,39,True,0.6087596456130323
1442,0.0,135,True,0.6084881394684196
1443,0.0,30,True,0.6082166333238068
1444,0.0,6,True,0.607945127179194
1445,0.0,18,True,0.6076736210345813
1446,0.0,15,True,0.6074021148899685
1447,0.0,126,True,0.6071306087453558
1448,0.0,250,False,0.606859102600743
1449,0.0,7,True,0.6065875964561303
1450,0.0,6,True,0.6063160903115177
1451,0.0,68,True,0.6060445841669049
1452,0.0,15,True,0.6057730780222921
1453,0.0,72,True,0.6055015718776793
1454,0.0,26,True,0.6052300657330667
1455,0.0,18,True,0.6049585595884539
1456,0.0,241,True,0.6046870534438411
1457,0.0,181,True,0.6044155472992283
1458,0.0,54,True,0.6041440411546157
1459,0.0,16,True,0.6038725350100029
1460,0.0,22,True,0.6036010288653901
1461,0.0,25,True,0.6033295227207773
1462,0.0,4,True,0.6030580165761646
1463,0.0,2,True,0.602786510431552
1464,0.0,18,True,0.6025150042869392
1465,0.0,15,True,0.6022434981423264
1466,0.0,8,True,0.6019719919977137
1467,0.0,158,True,0.601700485853101
1468,1.0,47,True,0.6014289797084882
1469,0.0,7,True,0.6011574735638754
1470,0.0,221,True,0.6008859674192627
1471,0.0,13,True,0.6006144612746499
1472,0.0,79,True,0.6003429551300372
1473,0.0,250,False,0.6000714489854244
1474,0.0,207,True,0.5997999428408117
1475,0.0,129,True,0.5995284366961989
1476,0.0,6,True,0.5992569305515862
1477,0.0,104,True,0.5989854244069734
1478,0.0,94,True,0.5987139182623606
1479,0.0,6,True,0.598442412117748
1480,0.0,67,True,0.5981709059731353
1481,0.0,250,False,0.5978993998285225
1482,0.0,81,True,0.5976278936839097
1483,0.0,108,True,0.597356387539297
1484,0.0,82,True,0.5970848813946842
1485,0.0,12,True,0.5968133752500715
1486,0.0,4,True,0.5965418691054587
1487,0.0,29,True,0.5962703629608459
1488,0.0,34,True,0.5959988568162332
1489,0.0,36,True,0.5957273506716205
1490,0.0,3,True,0.5954558445270077
1491,0.0,75,True,0.5951843383823949
1492,0.0,16,True,0.5949128322377822
1493,0.0,250,False,0.5946413260931696
1494,0.0,17,True,0.5943698199485568
1495,0.0,21,True,0.594098313803944
1496,0.0,229,True,0.5938268076593313
1497,0.0,153,True,0.5935553015147185
1498,0.0,5,True,0.5932837953701058
1499,0.0,9,True,0.593012289225493
1500,0.0,113,True,0.5927407830808802
1501,0.0,16,True,0.5924692769362675
1502,0.0,12,True,0.5921977707916548
1503,0.0,250,False,0.591926264647042
1504,1.0,93,True,0.5916547585024292
1505,0.0,5,True,0.5913832523578165
1506,0.0,8,True,0.5911117462132038
1507,0.0,133,True,0.590840240068591
1508,0.0,42,True,0.5905687339239782
1509,0.0,5,True,0.5902972277793656
1510,0.0,198,True,0.5900257216347529
1511,0.0,44,True,0.5897542154901401
1512,0.0,21,True,0.5894827093455273
1513,0.0,58,True,0.5892112032009145
1514,0.0,7,True,0.5889396970563019
1515,0.0,91,True,0.5886681909116891
1516,0.0,13,True,0.5883966847670763
1517,0.0,27,True,0.5881251786224635
1518,0.0,23,True,0.5878536724778509
1519,0.0,46,True,0.5875821663332381
1520,0.0,33,True,0.5873106601886253
1521,0.0,174,True,0.5870391540440125
1522,0.0,24,True,0.5867676478994
1523,0.0,23,True,0.5864961417547871
1524,0.0,119,True,0.5862246356101743
1525,0.0,50,True,0.5859531294655616
1526,0.0,7,True,0.5856816233209489
1527,0.0,54,True,0.5854101171763362
1528,0.0,79,True,0.5851386110317234
1529,0.0,14,True,0.5848671048871106
1530,0.0,98,True,0.5845955987424979
1531,0.0,6,True,0.5843240925978852
1532,0.0,228,True,0.5840525864532724
1533,0.0,12,True,0.5837810803086596
1534,0.0,11,True,0.5835095741640469
1535,0.0,6,True,0.5832380680194342
1536,0.0,2,True,0.5829665618748214
1537,0.0,25,True,0.5826950557302086
1538,0.0,6,True,0.582423549585596
1539,0.0,14,True,0.5821520434409831
1540,0.0,21,True,0.5818805372963705
1541,0.0,68,True,0.5816090311517577
1542,0.0,111,True,0.5813375250071449
1543,0.0,36,True,0.5810660188625322
1544,0.0,41,True,0.5807945127179195
1545,0.0,37,True,0.5805230065733067
1546,0.0,9,True,0.5802515004286939
1547,0.0,8,True,0.5799799942840812
1548,0.0,98,True,0.5797084881394684
1549,0.0,15,True,0.5794369819948557
1550,0.0,15,True,0.5791654758502429
1551,0.0,19,True,0.5788939697056302
1552,0.0,61,True,0.5786224635610174
1553,0.0,30,True,0.5783509574164047
1554,0.0,5,True,0.5780794512717919
1555,0.0,29,True,0.5778079451271791
1556,0.0,37,True,0.5775364389825665
1557,0.0,29,True,0.5772649328379538
1558,0.0,3,True,0.576993426693341
1559,0.0,3,True,0.5767219205487282
1560,0.0,195,True,0.5764504144041155
1561,0.0,119,True,0.5761789082595027
1562,0.0,22,True,0.57590740211489
1563,0.0,126,True,0.5756358959702772
1564,0.0,49,True,0.5753643898256644
1565,0.0,250,False,0.5750928836810517
1566,0.0,8,True,0.574821377536439
1567,0.0,22,True,0.5745498713918262
1568,0.0,24,True,0.5742783652472134
1569,0.0,11,True,0.5740068591026009
1570,0.0,7,True,0.573735352957988
1571,0.0,5,True,0.5734638468133753
1572,0.0,11,True,0.5731923406687625
1573,0.0,39,True,0.5729208345241499
1574,0.0,22,True,0.5726493283795371
1575,0.0,21,True,0.5723778222349243
1576,2.0,181,True,0.5721063160903115
1577,0.0,14,True,0.5718348099456988
1578,0.0,13,True,0.5715633038010861
1579,0.0,6,True,0.5712917976564733
1580,0.0,33,True,0.5710202915118605
1581,0.0,4,True,0.5707487853672478
1582,0.0,81,True,0.5704772792226351
1583,0.0,11,True,0.5702057730780223
1584,0.0,65,True,0.5699342669334095
1585,0.0,51,True,0.5696627607887969
1586,0.0,45,True,0.5693912546441842
1587,0.0,24,True,0.5691197484995714
1588,0.0,51,True,0.5688482423549586
1589,0.0,15,True,0.5685767362103459
1590,0.0,67,True,0.5683052300657331
1591,0.0,2,True,0.5680337239211204
1592,0.0,19,True,0.5677622177765076
1593,0.0,79,True,0.5674907116318948
1594,0.0,17,True,0.5672192054872821
1595,0.0,25,True,0.5669476993426694
1596,0.0,59,True,0.5666761931980566
1597,0.0,6,True,0.5664046870534438
1598,0.0,155,True,0.5661331809088311
1599,0.0,99,True,0.5658616747642184
1600,0.0,214,True,0.5655901686196056
1601,0.0,3,True,0.5653186624749929
1602,0.0,10,True,0.5650471563303802
1603,0.0,110,True,0.5647756501857674
1604,0.0,36,True,0.5645041440411547
1605,0.0,36,True,0.5642326378965419
1606,0.0,40,True,0.5639611317519291
1607,0.0,28,True,0.5636896256073164
1608,0.0,7,True,0.5634181194627037
1609,0.0,30,True,0.5631466133180909
1610,0.0,22,True,0.5628751071734781
1611,0.0,250,False,0.5626036010288654
1612,0.0,30,True,0.5623320948842526
1613,0.0,67,True,0.5620605887396399
1614,0.0,16,True,0.5617890825950271
1615,0.0,89,True,0.5615175764504144
1616,0.0,81,True,0.5612460703058016
1617,0.0,14,True,0.560974564161189
1618,0.0,3,True,0.5607030580165762
1619,0.0,28,True,0.5604315518719634
1620,0.0,57,True,0.5601600457273507
1621,0.0,21,True,0.559888539582738
1622,0.0,61,True,0.5596170334381252
1623,0.0,22,True,0.5593455272935124
1624,0.0,12,True,0.5590740211488997
1625,0.0,62,True,0.558802515004287
1626,0.0,24,True,0.5585310088596742
1627,0.0,42,True,0.5582595027150614
1628,0.0,107,True,0.5579879965704486
1629,0.0,6,True,0.557716490425836
1630,0.0,9,True,0.5574449842812232
1631,0.0,87,True,0.5571734781366104
1632,0.0,11,True,0.5569019719919976
1633,0.0,51,True,0.5566304658473851
1634,0.0,42,True,0.5563589597027723
1635,0.0,10,True,0.5560874535581595
1636,0.0,13,True,0.5558159474135467
1637,0.0,57,True,0.5555444412689341
1638,0.0,79,True,0.5552729351243213
1639,0.0,31,True,0.5550014289797085
1640,0.0,14,True,0.5547299228350957
1641,0.0,63,True,0.554458416690483
1642,0.0,6,True,0.5541869105458703
1643,0.0,152,True,0.5539154044012575
1644,0.0,20,True,0.5536438982566447
1645,0.0,133,True,0.553372392112032
1646,0.0,131,True,0.5531008859674194
1647,0.0,31,True,0.5528293798228066
1648,0.0,14,True,0.5525578736781938
1649,0.0,4,True,0.5522863675335811
1650,0.0,46,True,0.5520148613889684
1651,0.0,163,True,0.5517433552443556
1652,0.0,13,True,0.5514718490997428
1653,0.0,13,True,0.5512003429551301
1654,0.0,22,True,0.5509288368105173
1655,0.0,6,True,0.5506573306659046
1656,0.0,14,True,0.5503858245212918
1657,0.0,12,True,0.550114318376679
1658,0.0,239,True,0.5498428122320663
1659,0.0,5,True,0.5495713060874536
1660,0.0,32,True,0.5492997999428408
1661,0.0,45,True,0.549028293798228
1662,0.0,49,True,0.5487567876536154
1663,0.0,27,True,0.5484852815090027
1664,0.0,76,True,0.5482137753643899
1665,0.0,16,True,0.5479422692197771
1666,0.0,64,True,0.5476707630751644
1667,0.0,101,True,0.5473992569305516
1668,0.0,250,False,0.5471277507859389
1669,0.0,25,True,0.5468562446413261
1670,0.0,5,True,0.5465847384967133
1671,0.0,3,True,0.5463132323521006
1672,0.0,2,True,0.5460417262074879
1673,0.0,29,True,0.5457702200628751
1674,0.0,27,True,0.5454987139182623
1675,0.0,69,True,0.5452272077736496
1676,0.0,8,True,0.5449557016290368
1677,0.0,112,True,0.5446841954844241
1678,0.0,40,True,0.5444126893398114
1679,0.0,4,True,0.5441411831951987
1680,0.0,27,True,0.5438696770505859
1681,0.0,82,True,0.5435981709059732
1682,0.0,72,True,0.5433266647613604
1683,0.0,154,True,0.5430551586167476
1684,0.0,6,True,0.5427836524721349
1685,0.0,91,True,0.5425121463275222
1686,0.0,8,True,0.5422406401829094
1687,0.0,7,True,0.5419691340382966
1688,0.0,3,True,0.5416976278936839
1689,0.0,37,True,0.5414261217490712
1690,0.0,37,True,0.5411546156044584
1691,0.0,67,True,0.5408831094598456
1692,0.0,5,True,0.540611603315233
1693,0.0,73,True,0.5403400971706203
1694,0.0,3,True,0.5400685910260075
1695,0.0,16,True,0.5397970848813947
1696,0.0,33,True,0.539525578736782
1697,0.0,6,True,0.5392540725921693
1698,0.0,6,True,0.5389825664475565
1699,0.0,41,True,0.5387110603029437
1700,0.0,250,False,0.538439554158331
1701,0.0,41,True,0.5381680480137183
1702,0.0,185,True,0.5378965418691055
1703,0.0,114,True,0.5376250357244927
1704,0.0,28,True,0.53735352957988
1705,0.0,26,True,0.5370820234352672
1706,0.0,35,True,0.5368105172906545
1707,0.0,104,True,0.5365390111460417
1708,0.0,57,True,0.536267505001429
1709,0.0,8,True,0.5359959988568163
1710,0.0,14,True,0.5357244927122036
1711,0.0,19,True,0.5354529865675908
1712,0.0,75,True,0.535181480422978
1713,0.0,3,True,0.5349099742783653
1714,0.0,131,True,0.5346384681337526
1715,0.0,7,True,0.5343669619891398
1716,0.0,3,True,0.534095455844527
1717,0.0,82,True,0.5338239496999143
1718,1.0,179,True,0.5335524435553015
1719,0.0,250,False,0.5332809374106888
1720,0.0,38,True,0.533009431266076
1721,0.0,6,True,0.5327379251214632
1722,0.0,6,True,0.5324664189768505
1723,0.0,9,True,0.5321949128322379
1724,0.0,49,True,0.531923406687625
1725,0.0,27,True,0.5316519005430123
1726,0.0,36,True,0.5313803943983996
1727,0.0,84,True,0.5311088882537869
1728,0.0,105,True,0.5308373821091741
1729,0.0,16,True,0.5305658759645613
1730,0.0,28,True,0.5302943698199486
1731,0.0,39,True,0.5300228636753358
1732,0.0,93,True,0.5297513575307231
1733,0.0,98,True,0.5294798513861103
1734,0.0,6,True,0.5292083452414975
1735,0.0,19,True,0.5289368390968848
1736,1.0,206,True,0.5286653329522721
1737,0.0,39,True,0.5283938268076593
1738,0.0,113,True,0.5281223206630465
1739,0.0,34,True,0.5278508145184339
1740,0.0,15,True,0.5275793083738212
1741,0.0,8,True,0.5273078022292084
1742,0.0,8,True,0.5270362960845956
1743,0.0,2,True,0.5267647899399829
1744,0.0,116,True,0.5264932837953702
1745,0.0,31,True,0.5262217776507574
1746,0.0,56,True,0.5259502715061446
1747,0.0,33,True,0.5256787653615318
1748,0.0,5,True,0.5254072592169192
1749,0.0,130,True,0.5251357530723064
1750,0.0,101,True,0.5248642469276936
1751,0.0,9,True,0.5245927407830809
1752,0.0,2,True,0.5243212346384682
1753,0.0,35,True,0.5240497284938554
1754,0.0,3,True,0.5237782223492427
1755,0.0,4,True,0.5235067162046299
1756,0.0,157,True,0.5232352100600172
1757,0.0,4,True,0.5229637039154044
1758,0.0,8,True,0.5226921977707917
1759,0.0,250,False,0.522420691626179
1760,0.0,55,True,0.5221491854815662
1761,1.0,47,True,0.5218776793369535
1762,0.0,30,True,0.5216061731923407
1763,1.0,197,True,0.5213346670477279
1764,0.0,34,True,0.5210631609031151
1765,0.0,16,True,0.5207916547585024
1766,0.0,15,True,0.5205201486138897
1767,0.0,69,True,0.5202486424692769
1768,0.0,94,True,0.5199771363246642
1769,0.0,27,True,0.5197056301800514
1770,0.0,30,True,0.5194341240354388
1771,0.0,10,True,0.519162617890826
1772,1.0,109,True,0.5188911117462132
1773,0.0,220,True,0.5186196056016004
1774,0.0,90,True,0.5183480994569878
1775,0.0,2,True,0.518076593312375
1776,0.0,86,True,0.5178050871677622
1777,0.0,25,True,0.5175335810231495
1778,0.0,87,True,0.5172620748785368
1779,0.0,60,True,0.516990568733924
1780,0.0,6,True,0.5167190625893112
1781,0.0,43,True,0.5164475564446984
1782,0.0,12,True,0.5161760503000858
1783,0.0,25,True,0.515904544155473
1784,0.0,15,True,0.5156330380108602
1785,0.0,250,False,0.5153615318662474
1786,0.0,2,True,0.5150900257216348
1787,0.0,19,True,0.5148185195770221
1788,0.0,250,False,0.5145470134324093
1789,0.0,144,True,0.5142755072877965
1790,0.0,57,True,0.5140040011431839
1791,0.0,117,True,0.5137324949985711
1792,0.0,71,True,0.5134609888539583
1793,0.0,23,True,0.5131894827093455
1794,0.0,5,True,0.5129179765647328
1795,0.0,40,True,0.51264647042012
1796,0.0,108,True,0.5123749642755073
1797,0.0,39,True,0.5121034581308945
1798,0.0,6,True,0.5118319519862818
1799,0.0,24,True,0.5115604458416692
1800,0.0,22,True,0.5112889396970564
1801,0.0,7,True,0.5110174335524436
1802,0.0,68,True,0.5107459274078308
1803,0.0,195,True,0.5104744212632181
1804,1.0,207,True,0.5102029151186054
1805,0.0,7,True,0.5099314089739926
1806,0.0,4,True,0.5096599028293799
1807,0.0,66,True,0.5093883966847672
1808,0.0,18,True,0.5091168905401544
1809,0.0,35,True,0.5088453843955416
1810,0.0,17,True,0.5085738782509288
1811,0.0,33,True,0.508302372106316
1812,0.0,13,True,0.5080308659617033
1813,0.0,178,True,0.5077593598170906
1814,0.0,250,False,0.5074878536724778
1815,0.0,21,True,0.5072163475278652
1816,0.0,110,True,0.5069448413832525
1817,0.0,51,True,0.5066733352386397
1818,0.0,38,True,0.5064018290940269
1819,0.0,87,True,0.5061303229494141
1820,0.0,38,True,0.5058588168048014
1821,0.0,6,True,0.5055873106601887
1822,0.0,147,True,0.5053158045155759
1823,0.0,15,True,0.5050442983709632
1824,0.0,12,True,0.5047727922263504
1825,0.0,19,True,0.5045012860817377
1826,0.0,27,True,0.5042297799371249
1827,0.0,13,True,0.5039582737925121
1828,0.0,6,True,0.5036867676478993
1829,0.0,69,True,0.5034152615032867
1830,0.0,153,True,0.503143755358674
1831,0.0,10,True,0.5028722492140612
1832,0.0,56,True,0.5026007430694485
1833,0.0,9,True,0.5023292369248357
1834,0.0,58,True,0.502057730780223
1835,0.0,120,True,0.5017862246356102
1836,0.0,29,True,0.5015147184909974
1837,0.0,7,True,0.5012432123463848
1838,0.0,250,False,0.500971706201772
1839,0.0,48,True,0.5007002000571592
1840,0.0,250,False,0.5004286939125464
1841,0.0,13,True,0.5001571877679337
1842,0.0,50,True,0.4998856816233209
1843,0.0,9,True,0.49961417547870823
1844,0.0,34,True,0.49934266933409543
1845,0.0,7,True,0.49907116318948275
1846,0.0,39,True,0.49879965704487006
1847,0.0,34,True,0.49852815090025726
1848,0.0,250,False,0.49825664475564446
1849,0.0,8,True,0.4979851386110318
1850,0.0,160,True,0.497713632466419
1851,0.0,21,True,0.4974421263218062
1852,0.0,17,True,0.4971706201771935
1853,0.0,250,False,0.4968991140325808
1854,0.0,107,True,0.496627607887968
1855,0.0,29,True,0.4963561017433553
1856,0.0,5,True,0.4960845955987425
1857,0.0,24,True,0.4958130894541297
1858,0.0,59,True,0.49554158330951703
1859,0.0,3,True,0.49527007716490423
1860,0.0,29,True,0.49499857102029154
1861,0.0,90,True,0.49472706487567886
1862,0.0,6,True,0.49445555873106606
1863,0.0,9,True,0.49418405258645337
1864,0.0,13,True,0.49391254644184057
1865,0.0,86,True,0.4936410402972278
1866,0.0,10,True,0.4933695341526151
1867,0.0,57,True,0.4930980280080023
1868,0.0,59,True,0.4928265218633895
1869,0.0,3,True,0.4925550157187769
1870,0.0,9,True,0.4922835095741641
1871,0.0,6,True,0.4920120034295513
1872,0.0,13,True,0.4917404972849386
1873,0.0,11,True,0.49146899114032583
1874,0.0,2,True,0.49119748499571303
1875,0.0,101,True,0.49092597885110034
1876,0.0,30,True,0.49065447270648754
1877,0.0,101,True,0.49038296656187486
1878,0.0,11,True,0.49011146041726217
1879,0.0,144,True,0.48983995427264937
1880,0.0,125,True,0.48956844812803657
1881,0.0,250,False,0.4892969419834239
1882,0.0,2,True,0.4890254358388111
1883,0.0,36,True,0.4887539296941983
1884,0.0,6,True,0.4884824235495856
1885,0.0,165,True,0.4882109174049729
1886,0.0,6,True,0.4879394112603601
1887,0.0,172,True,0.4876679051157474
1888,0.0,250,False,0.4873963989711346
1889,0.0,36,True,0.4871248928265218
1890,0.0,25,True,0.48685338668190914
1891,0.0,4,True,0.48658188053729634
1892,0.0,40,True,0.48631037439268365
1893,0.0,49,True,0.48603886824807097
1894,1.0,193,True,0.48576736210345817
1895,0.0,20,True,0.4854958559588455
1896,0.0,41,True,0.4852243498142327
1897,0.0,43,True,0.4849528436696199
1898,0.0,8,True,0.4846813375250072
1899,0.0,24,True,0.4844098313803944
1900,0.0,63,True,0.4841383252357816
1901,0.0,12,True,0.483866819091169
1902,0.0,250,False,0.4835953129465562
1903,0.0,7,True,0.4833238068019434
1904,0.0,11,True,0.48305230065733074
1905,0.0,41,True,0.48278079451271794
1906,0.0,129,True,0.48250928836810514
1907,0.0,11,True,0.48223778222349245
1908,0.0,23,True,0.48196627607887965
1909,0.0,129,True,0.48169476993426696
1910,0.0,115,True,0.4814232637896543
1911,0.0,3,True,0.4811517576450415
1912,0.0,4,True,0.4808802515004287
1913,0.0,61,True,0.480608745355816
1914,0.0,8,True,0.4803372392112032
1915,0.0,39,True,0.4800657330665904
1916,0.0,32,True,0.4797942269219777
1917,0.0,6,True,0.479522720777365
1918,0.0,185,True,0.4792512146327522
1919,0.0,250,False,0.47897970848813953
1920,0.0,54,True,0.47870820234352673
1921,0.0,3,True,0.47843669619891394
1922,0.0,46,True,0.47816519005430125
1923,0.0,42,True,0.47789368390968845
1924,0.0,30,True,0.47762217776507576
1925,0.0,74,True,0.4773506716204631
1926,0.0,25,True,0.4770791654758503
1927,0.0,117,True,0.4768076593312376
1928,0.0,17,True,0.4765361531866248
1929,0.0,49,True,0.476264647042012
1930,0.0,8,True,0.4759931408973993
1931,0.0,17,True,0.4757216347527865
1932,0.0,3,True,0.4754501286081738
1933,0.0,61,True,0.47517862246356113
1934,0.0,250,False,0.47490711631894833
1935,0.0,22,True,0.47463561017433553
1936,0.0,8,True,0.47436410402972284
1937,0.0,8,True,0.47409259788511005
1938,0.0,35,True,0.47382109174049725
1939,0.0,182,True,0.47354958559588456
1940,0.0,4,True,0.47327807945127187
1941,0.0,11,True,0.4730065733066591
1942,0.0,75,True,0.4727350671620464
1943,0.0,13,True,0.4724635610174336
1944,0.0,73,True,0.4721920548728208
1945,0.0,6,True,0.4719205487282081
1946,0.0,220,True,0.4716490425835953
1947,0.0,152,True,0.4713775364389825
1948,0.0,250,False,0.4711060302943699
1949,0.0,200,True,0.4708345241497571
1950,0.0,130,True,0.47056301800514433
1951,0.0,15,True,0.47029151186053164
1952,0.0,19,True,0.47002000571591884
1953,0.0,108,True,0.46974849957130604
1954,0.0,16,True,0.46947699342669336
1955,0.0,68,True,0.46920548728208056
1956,0.0,158,True,0.46893398113746787
1957,0.0,4,True,0.4686624749928552
1958,0.0,143,True,0.4683909688482424
1959,0.0,11,True,0.4681194627036297
1960,0.0,48,True,0.4678479565590169
1961,0.0,88,True,0.4675764504144041
1962,0.0,17,True,0.4673049442697914
1963,0.0,37,True,0.4670334381251786
1964,1.0,120,True,0.4667619319805659
1965,0.0,6,True,0.46649042583595324
1966,0.0,114,True,0.46621891969134044
1967,0.0,38,True,0.46594741354672764
1968,0.0,145,True,0.46567590740211495
1969,0.0,64,True,0.46540440125750215
1970,0.0,42,True,0.46513289511288936
1971,1.0,36,True,0.46486138896827667
1972,0.0,13,True,0.464589882823664
1973,0.0,122,True,0.4643183766790512
1974,0.0,37,True,0.4640468705344385
1975,0.0,13,True,0.4637753643898257
1976,0.0,37,True,0.4635038582452129
1977,0.0,16,True,0.4632323521006002
1978,0.0,10,True,0.4629608459559874
1979,0.0,67,True,0.4626893398113746
1980,0.0,3,True,0.46241783366676203
1981,0.0,5,True,0.46214632752214924
1982,0.0,20,True,0.46187482137753644
1983,0.0,18,True,0.46160331523292375
1984,0.0,5,True,0.46133180908831095
1985,0.0,3,True,0.46106030294369815
1986,0.0,168,True,0.46078879679908546
1987,0.0,116,True,0.46051729065447267
1988,0.0,79,True,0.46024578450986
1989,0.0,227,True,0.4599742783652473
1990,0.0,158,True,0.4597027722206345
1991,0.0,104,True,0.4594312660760218
1992,0.0,30,True,0.459159759931409
1993,0.0,4,True,0.4588882537867962
1994,0.0,77,True,0.4586167476421835
1995,0.0,4,True,0.4583452414975707
1996,0.0,25,True,0.45807373535295803
1997,0.0,11,True,0.45780222920834535
1998,0.0,250,False,0.45753072306373255
1999,0.0,250,False,0.45725921691911975
2000,0.0,65,True,0.45698771077450706
2001,0.0,79,True,0.45671620462989426
2002,0.0,71,True,0.45644469848528146
2003,0.0,9,True,0.4561731923406688
2004,0.0,12,True,0.4559016861960561
2005,0.0,11,True,0.4556301800514433
2006,0.0,87,True,0.4553586739068306
2007,0.0,60,True,0.4550871677622178
2008,0.0,214,True,0.454815661617605
2009,0.0,4,True,0.4545441554729923
2010,0.0,13,True,0.4542726493283795
2011,0.0,6,True,0.4540011431837667
2012,0.0,5,True,0.45372963703915414
2013,0.0,20,True,0.45345813089454134
2014,0.0,11,True,0.45318662474992855
2015,0.0,250,False,0.45291511860531586
2016,0.0,38,True,0.45264361246070306
2017,0.0,24,True,0.45237210631609026
2018,0.0,13,True,0.4521006001714776
2019,0.0,49,True,0.4518290940268648
2020,1.0,185,True,0.4515575878822521
2021,0.0,62,True,0.4512860817376394
2022,0.0,32,True,0.4510145755930266
2023,0.0,105,True,0.4507430694484139
2024,0.0,7,True,0.4504715633038011
2025,0.0,90,True,0.4502000571591883
2026,0.0,8,True,0.44992855101457563
2027,0.0,215,True,0.44965704486996283
2028,0.0,14,True,0.44938553872535014
2029,0.0,27,True,0.44911403258073745
2030,0.0,9,True,0.44884252643612466
2031,0.0,18,True,0.44857102029151186
2032,0.0,3,True,0.44829951414689917
2033,0.0,250,False,0.44802800800228637
2034,0.0,14,True,0.4477565018576736
2035,0.0,15,True,0.4474849957130609
2036,0.0,6,True,0.4472134895684482
2037,0.0,8,True,0.4469419834238354
2038,0.0,10,True,0.4466704772792227
2039,0.0,3,True,0.4463989711346099
2040,0.0,3,True,0.4461274649899971
2041,0.0,27,True,0.4458559588453844
2042,0.0,250,False,0.4455844527007716
2043,0.0,79,True,0.44531294655615883
2044,0.0,2,True,0.44504144041154625
2045,0.0,6,True,0.44476993426693345
2046,0.0,5,True,0.44449842812232065
2047,0.0,57,True,0.44422692197770797
2048,0.0,250,False,0.44395541583309517
2049,0.0,84,True,0.44368390968848237
2050,0.0,2,True,0.4434124035438697
2051,0.0,3,True,0.4431408973992569
2052,0.0,22,True,0.4428693912546442
2053,0.0,4,True,0.4425978851100315
2054,0.0,3,True,0.4423263789654187
2055,0.0,14,True,0.442054872820806
2056,0.0,4,True,0.4417833666761932
2057,0.0,11,True,0.4415118605315804
2058,0.0,4,True,0.44124035438696774
2059,0.0,75,True,0.44096884824235505
2060,0.0,49,True,0.44069734209774225
2061,0.0,33,True,0.44042583595312956
2062,0.0,80,True,0.44015432980851676
2063,0.0,94,True,0.43988282366390397
2064,0.0,146,True,0.4396113175192913
2065,0.0,46,True,0.4393398113746785
2066,0.0,8,True,0.4390683052300657
2067,0.0,8,True,0.4387967990854531
2068,0.0,26,True,0.4385252929408403
2069,0.0,93,True,0.4382537867962275
2070,0.0,9,True,0.4379822806516148
2071,0.0,15,True,0.437710774507002
2072,0.0,15,True,0.4374392683623892
2073,0.0,37,True,0.43716776221777653
2074,0.0,83,True,0.43689625607316374
2075,0.0,151,True,0.43662474992855105
2076,0.0,18,True,0.43635324378393836
2077,0.0,4,True,0.43608173763932556
2078,0.0,233,True,0.43581023149471276
2079,0.0,60,True,0.4355387253501001
2080,0.0,93,True,0.4352672192054873
2081,0.0,210,True,0.4349957130608745
2082,0.0,55,True,0.4347242069162618
2083,0.0,96,True,0.4344527007716491
2084,0.0,9,True,0.4341811946270363
2085,0.0,28,True,0.4339096884824236
2086,0.0,9,True,0.4336381823378108
2087,0.0,33,True,0.43336667619319813
2088,0.0,8,True,0.43309517004858533
2089,0.0,5,True,0.43282366390397253
2090,0.0,46,True,0.43255215775935985
2091,0.0,151,True,0.43228065161474716
2092,0.0,80,True,0.43200914547013436
2093,0.0,49,True,0.43173763932552167
2094,0.0,182,True,0.4314661331809089
2095,1.0,156,True,0.4311946270362961
2096,0.0,10,True,0.4309231208916834
2097,0.0,11,True,0.4306516147470706
2098,0.0,9,True,0.4303801086024578
2099,0.0,137,True,0.4301086024578452
2100,0.0,47,True,0.4298370963132324
2101,0.0,3,True,0.4295655901686196
2102,0.0,19,True,0.42929408402400693
2103,0.0,88,True,0.42902257787939413
2104,0.0,12,True,0.42875107173478133
2105,0.0,24,True,0.42847956559016864
2106,0.0,102,True,0.42820805944555584
2107,0.0,6,True,0.42793655330094316
2108,0.0,185,True,0.42766504715633047
2109,0.0,67,True,0.42739354101171767
2110,0.0,50,True,0.42712203486710487
2111,0.0,47,True,0.4268505287224922
2112,0.0,15,True,0.4265790225778794
2113,0.0,131,True,0.4263075164332666
2114,0.0,20,True,0.4260360102886539
2115,0.0,7,True,0.4257645041440412
2116,0.0,10,True,0.4254929979994284
2117,0.0,70,True,0.4252214918548157
2118,0.0,23,True,0.4249499857102029
2119,0.0,156,True,0.42467847956559024
2120,0.0,30,True,0.42440697342097744
2121,0.0,2,True,0.42413546727636464
2122,0.0,198,True,0.42386396113175195
2123,1.0,49,True,0.42359245498713927
2124,0.0,134,True,0.42332094884252647
2125,0.0,53,True,0.4230494426979138
2126,0.0,47,True,0.422777936553301
2127,0.0,103,True,0.4225064304086882
2128,0.0,18,True,0.4222349242640755
2129,0.0,10,True,0.4219634181194627
2130,0.0,94,True,0.4216919119748499
2131,0.0,23,True,0.4214204058302373
2132,0.0,6,True,0.4211488996856245
2133,0.0,3,True,0.4208773935410117
2134,0.0,250,False,0.42060588739639904
2135,0.0,213,True,0.42033438125178624
2136,0.0,11,True,0.42006287510717344
2137,0.0,56,True,0.41979136896256075
2138,0.0,9,True,0.41951986281794795
2139,0.0,9,True,0.41924835667333527
2140,0.0,23,True,0.4189768505287226
2141,0.0,10,True,0.4187053443841098
2142,0.0,4,True,0.418433838239497
2143,0.0,167,True,0.4181623320948843
2144,0.0,209,True,0.4178908259502715
2145,0.0,27,True,0.4176193198056587
2146,0.0,18,True,0.417347813661046
2147,0.0,92,True,0.4170763075164333
2148,0.0,77,True,0.4168048013718205
2149,0.0,163,True,0.41653329522720783
2150,0.0,103,True,0.41626178908259504
2151,0.0,71,True,0.41599028293798235
2152,0.0,7,True,0.41571877679336955
2153,0.0,9,True,0.41544727064875675
2154,0.0,7,True,0.41517576450414406
2155,0.0,17,True,0.4149042583595314
2156,0.0,250,False,0.4146327522149186
2157,0.0,51,True,0.4143612460703059
2158,0.0,96,True,0.4140897399256931
2159,0.0,55,True,0.4138182337810803
2160,0.0,14,True,0.4135467276364676
2161,0.0,12,True,0.4132752214918548
2162,0.0,31,True,0.413003715347242
2163,0.0,20,True,0.41273220920262943
2164,0.0,4,True,0.41246070305801663
2165,0.0,99,True,0.41218919691340383
2166,0.0,23,True,0.41191769076879114
2167,0.0,30,True,0.41164618462417835
2168,0.0,3,True,0.41137467847956555
2169,0.0,57,True,0.41110317233495286
2170,0.0,10,True,0.41083166619034006
2171,0.0,26,True,0.4105601600457274
2172,0.0,12,True,0.4102886539011147
2173,0.0,14,True,0.4100171477565019
2174,0.0,2,True,0.4097456416118891
2175,0.0,18,True,0.4094741354672764
2176,0.0,10,True,0.4092026293226636
2177,0.0,21,True,0.4089311231780508
2178,0.0,134,True,0.4086596170334382
2179,0.0,106,True,0.40838811088882543
2180,0.0,20,True,0.40811660474421263
2181,0.0,3,True,0.40784509859959994
2182,0.0,21,True,0.40757359245498714
2183,0.0,95,True,0.40730208631037446
2184,0.0,112,True,0.40703058016576166
2185,0.0,47,True,0.40675907402114886
2186,0.0,231,True,0.4064875678765363
2187,0.0,128,True,0.4062160617319235
2188,0.0,188,True,0.4059445555873107
2189,0.0,174,True,0.405673049442698
2190,0.0,21,True,0.4054015432980852
2191,0.0,3,True,0.4051300371534724
2192,0.0,10,True,0.4048585310088597
2193,0.0,35,True,0.4045870248642469
2194,0.0,46,True,0.4043155187196342
2195,0.0,30,True,0.40404401257502154
2196,0.0,48,True,0.40377250643040874
2197,0.0,9,True,0.40350100028579594
2198,0.0,61,True,0.40322949414118325
2199,0.0,14,True,0.40295798799657045
2200,0.0,4,True,0.40268648185195766
2201,0.0,14,True,0.40241497570734497
2202,0.0,22,True,0.4021434695627323
2203,0.0,63,True,0.4018719634181195
2204,0.0,61,True,0.4016004572735068
2205,0.0,45,True,0.401328951128894
2206,0.0,159,True,0.4010574449842812
2207,0.0,37,True,0.4007859388396685
2208,0.0,9,True,0.4005144326950557
2209,0.0,4,True,0.400242926550443
2210,0.0,10,True,0.39997142040583034
2211,0.0,12,True,0.39969991426121754
2212,0.0,7,True,0.39942840811660485
2213,0.0,4,True,0.39915690197199205
2214,0.0,17,True,0.39888539582737925
2215,0.0,199,True,0.39861388968276656
2216,0.0,9,True,0.39834238353815377
2217,0.0,54,True,0.39807087739354097
2218,0.0,4,True,0.3977993712489284
2219,0.0,118,True,0.3975278651043156
2220,0.0,2,True,0.3972563589597028
2221,0.0,250,False,0.3969848528150901
2222,0.0,38,True,0.3967133466704773
2223,0.0,16,True,0.3964418405258645
2224,0.0,44,True,0.3961703343812518
2225,0.0,52,True,0.395898828236639
2226,0.0,20,True,0.39562732209202633
2227,0.0,19,True,0.39535581594741365
2228,0.0,25,True,0.39508430980280085
2229,0.0,36,True,0.39481280365818805
2230,0.0,5,True,0.39454129751357536
2231,0.0,43,True,0.39426979136896256
2232,0.0,40,True,0.39399828522434976
2233,0.0,91,True,0.3937267790797371
2234,0.0,23,True,0.3934552729351244
2235,0.0,153,True,0.3931837667905116
2236,0.0,3,True,0.3929122606458989
2237,0.0,6,True,0.3926407545012861
2238,0.0,250,False,0.3923692483566733
2239,0.0,79,True,0.3920977422120606
2240,0.0,6,True,0.3918262360674478
2241,0.0,221,True,0.39155472992283513
2242,0.0,7,True,0.39128322377822244
2243,0.0,22,True,0.39101171763360965
2244,0.0,69,True,0.39074021148899696
2245,0.0,10,True,0.39046870534438416
2246,0.0,38,True,0.39019719919977136
2247,0.0,110,True,0.3899256930551587
2248,0.0,11,True,0.3896541869105459
2249,0.0,24,True,0.3893826807659331
2250,0.0,6,True,0.3891111746213205
2251,0.0,33,True,0.3888396684767077
2252,0.0,35,True,0.3885681623320949
2253,0.0,184,True,0.3882966561874822
2254,0.0,42,True,0.3880251500428694
2255,0.0,33,True,0.3877536438982566
2256,0.0,53,True,0.38748213775364393
2257,0.0,38,True,0.38721063160903113
2258,0.0,88,True,0.38693912546441844
2259,0.0,24,True,0.38666761931980576
2260,0.0,74,True,0.38639611317519296
2261,0.0,3,True,0.38612460703058016
2262,0.0,208,True,0.38585310088596747
2263,0.0,55,True,0.38558159474135467
2264,0.0,10,True,0.3853100885967419
2265,0.0,23,True,0.3850385824521292
2266,0.0,11,True,0.3847670763075165
2267,0.0,13,True,0.3844955701629037
2268,0.0,84,True,0.384224064018291
2269,0.0,250,False,0.3839525578736782
2270,0.0,37,True,0.3836810517290654
2271,0.0,122,True,0.3834095455844527
2272,0.0,54,True,0.38313803943983993
2273,0.0,118,True,0.38286653329522724
2274,0.0,25,True,0.38259502715061455
2275,0.0,4,True,0.38232352100600175
2276,0.0,21,True,0.38205201486138907
2277,1.0,37,True,0.38178050871677627
2278,0.0,42,True,0.38150900257216347
2279,0.0,62,True,0.3812374964275508
2280,0.0,48,True,0.380965990282938
2281,0.0,4,True,0.3806944841383252
2282,0.0,2,True,0.3804229779937126
2283,0.0,33,True,0.3801514718490998
2284,0.0,124,True,0.379879965704487
2285,0.0,63,True,0.3796084595598743
2286,0.0,59,True,0.3793369534152615
2287,0.0,67,True,0.3790654472706487
2288,0.0,51,True,0.37879394112603604
2289,0.0,93,True,0.37852243498142324
2290,0.0,12,True,0.37825092883681055
2291,0.0,88,True,0.37797942269219786
2292,0.0,10,True,0.37770791654758507
2293,0.0,26,True,0.37743641040297227
2294,0.0,20,True,0.3771649042583596
2295,0.0,7,True,0.3768933981137468
2296,0.0,73,True,0.376621891969134
2297,0.0,28,True,0.3763503858245214
2298,0.0,10,True,0.3760788796799086
2299,0.0,104,True,0.3758073735352958
2300,0.0,250,False,0.3755358673906831
2301,0.0,4,True,0.3752643612460703
2302,0.0,21,True,0.3749928551014575
2303,0.0,79,True,0.37472134895684484
2304,0.0,14,True,0.37444984281223204
2305,0.0,2,True,0.37417833666761935
2306,0.0,38,True,0.37390683052300666
2307,0.0,34,True,0.37363532437839386
2308,0.0,13,True,0.3733638182337812
2309,0.0,37,True,0.3730923120891684
2310,0.0,5,True,0.3728208059445556
2311,0.0,15,True,0.3725492997999429
2312,0.0,12,True,0.3722777936553301
2313,0.0,7,True,0.3720062875107174
2314,0.0,4,True,0.3717347813661047
2315,0.0,22,True,0.3714632752214919
2316,0.0,135,True,0.3711917690768791
2317,0.0,10,True,0.37092026293226643
2318,0.0,17,True,0.37064875678765363
2319,0.0,62,True,0.37037725064304083
2320,0.0,8,True,0.37010574449842815
2321,0.0,4,True,0.36983423835381546
2322,0.0,2,True,0.36956273220920266
2323,0.0,105,True,0.36929122606459
2324,0.0,141,True,0.3690197199199772
2325,0.0,22,True,0.3687482137753644
2326,0.0,8,True,0.3684767076307517
2327,0.0,16,True,0.3682052014861389
2328,0.0,7,True,0.3679336953415261
2329,0.0,112,True,0.3676621891969135
2330,0.0,250,False,0.3673906830523007
2331,0.0,9,True,0.3671191769076879
2332,0.0,25,True,0.36684767076307523
2333,0.0,5,True,0.36657616461846243
2334,0.0,5,True,0.36630465847384963
2335,0.0,6,True,0.36603315232923694
2336,0.0,114,True,0.36576164618462415
2337,0.0,101,True,0.36549014004001146
2338,0.0,93,True,0.36521863389539877
2339,0.0,17,True,0.36494712775078597
2340,0.0,219,True,0.3646756216061733
2341,0.0,6,True,0.3644041154615605
2342,2.0,182,True,0.3641326093169477
2343,0.0,5,True,0.363861103172335
2344,0.0,6,True,0.3635895970277222
2345,0.0,8,True,0.3633180908831095
2346,0.0,5,True,0.3630465847384968
2347,0.0,57,True,0.362775078593884
2348,0.0,30,True,0.3625035724492712
2349,0.0,4,True,0.36223206630465854
2350,0.0,6,True,0.36196056016004574
2351,0.0,29,True,0.36168905401543294
2352,0.0,5,True,0.36141754787082025
2353,0.0,13,True,0.36114604172620757
2354,0.0,4,True,0.36087453558159477
2355,0.0,93,True,0.3606030294369821
2356,0.0,70,True,0.3603315232923693
2357,0.0,239,True,0.3600600171477565
2358,0.0,39,True,0.3597885110031438
2359,0.0,3,True,0.359517004858531
2360,0.0,123,True,0.3592454987139182
2361,0.0,20,True,0.3589739925693056
2362,0.0,65,True,0.3587024864246928
2363,0.0,135,True,0.35843098028008
2364,0.0,25,True,0.35815947413546734
2365,0.0,64,True,0.35788796799085454
2366,0.0,23,True,0.35761646184624174
2367,0.0,68,True,0.35734495570162905
2368,1.0,95,True,0.35707344955701625
2369,0.0,119,True,0.35680194341240357
2370,0.0,250,False,0.3565304372677909
2371,0.0,2,True,0.3562589311231781
2372,0.0,14,True,0.3559874249785654
2373,0.0,16,True,0.3557159188339526
2374,0.0,54,True,0.3554444126893398
2375,0.0,250,False,0.3551729065447271
2376,0.0,43,True,0.3549014004001143
2377,0.0,114,True,0.3546298942555016
2378,0.0,8,True,0.35435838811088893
2379,0.0,7,True,0.35408688196627613
2380,0.0,148,True,0.35381537582166334
2381,0.0,32,True,0.35354386967705065
2382,0.0,250,False,0.35327236353243785
2383,0.0,14,True,0.35300085738782505
2384,0.0,7,True,0.35272935124321236
2385,0.0,26,True,0.3524578450985997
2386,0.0,13,True,0.3521863389539869
2387,0.0,5,True,0.3519148328093742
2388,0.0,132,True,0.3516433266647614
2389,0.0,155,True,0.3513718205201486
2390,0.0,22,True,0.3511003143755359
2391,0.0,5,True,0.3508288082309231
2392,0.0,9,True,0.3505573020863103
2393,1.0,117,True,0.35028579594169773
2394,0.0,17,True,0.35001428979708493
2395,0.0,36,True,0.34974278365247213
2396,0.0,50,True,0.34947127750785945
2397,0.0,7,True,0.34919977136324665
2398,0.0,36,True,0.34892826521863385
2399,0.0,33,True,0.34865675907402116
2400,0.0,31,True,0.34838525292940836
2401,0.0,52,True,0.3481137467847957
2402,0.0,25,True,0.347842240640183
2403,0.0,8,True,0.3475707344955702
2404,0.0,5,True,0.3472992283509575
2405,0.0,2,True,0.3470277222063447
2406,0.0,109,True,0.3467562160617319
2407,0.0,62,True,0.3464847099171192
2408,0.0,6,True,0.3462132037725064
2409,0.0,95,True,0.34594169762789373
2410,0.0,14,True,0.34567019148328104
2411,0.0,2,True,0.34539868533866824
2412,0.0,138,True,0.34512717919405544
2413,0.0,122,True,0.34485567304944276
2414,0.0,76,True,0.34458416690482996
2415,0.0,4,True,0.34431266076021716
2416,0.0,10,True,0.3440411546156046
2417,0.0,89,True,0.3437696484709918
2418,0.0,250,False,0.343498142326379
2419,0.0,101,True,0.3432266361817663
2420,0.0,19,True,0.3429551300371535
2421,0.0,3,True,0.3426836238925407
2422,0.0,91,True,0.342412117747928
2423,0.0,9,True,0.3421406116033152
2424,0.0,87,True,0.3418691054587025
2425,0.0,49,True,0.34159759931408984
2426,0.0,16,True,0.34132609316947704
2427,0.0,77,True,0.34105458702486424
2428,0.0,2,True,0.34078308088025155
2429,0.0,6,True,0.34051157473563876
2430,0.0,6,True,0.34024006859102596
2431,0.0,18,True,0.33996856244641327
2432,0.0,42,True,0.3396970563018006
2433,0.0,28,True,0.3394255501571878
2434,0.0,7,True,0.3391540440125751
2435,0.0,5,True,0.3388825378679623
2436,0.0,60,True,0.3386110317233496
2437,0.0,221,True,0.3383395255787368
2438,0.0,156,True,0.338068019434124
2439,0.0,49,True,0.3377965132895113
2440,0.0,43,True,0.33752500714489864
2441,0.0,5,True,0.33725350100028584
2442,0.0,6,True,0.33698199485567315
2443,0.0,20,True,0.33671048871106035
2444,0.0,250,False,0.33643898256644755
2445,0.0,115,True,0.33616747642183487
2446,0.0,152,True,0.33589597027722207
2447,0.0,8,True,0.33562446413260927
2448,0.0,18,True,0.3353529579879967
2449,0.0,19,True,0.3350814518433839
2450,0.0,59,True,0.3348099456987711
2451,0.0,4,True,0.3345384395541584
2452,0.0,9,True,0.3342669334095456
2453,0.0,27,True,0.3339954272649328
2454,0.0,14,True,0.3337239211203201
2455,0.0,21,True,0.3334524149757073
2456,0.0,11,True,0.33318090883109464
2457,0.0,72,True,0.33290940268648195
2458,0.0,50,True,0.33263789654186915
2459,0.0,18,True,0.33236639039725635
2460,0.0,8,True,0.33209488425264366
2461,0.0,39,True,0.33182337810803086
2462,0.0,16,True,0.33155187196341807
2463,0.0,92,True,0.3312803658188054
2464,0.0,33,True,0.3310088596741927
2465,0.0,217,True,0.3307373535295799
2466,0.0,6,True,0.3304658473849672
2467,0.0,19,True,0.3301943412403544
2468,0.0,59,True,0.3299228350957417
2469,0.0,250,False,0.3296513289511289
2470,0.0,89,True,0.3293798228065161
2471,0.0,9,True,0.32910831666190343
2472,0.0,8,True,0.32883681051729075
2473,0.0,30,True,0.32856530437267795
2474,0.0,97,True,0.32829379822806526
2475,1.0,193,True,0.32802229208345246
2476,0.0,40,True,0.32775078593883966
2477,0.0,59,True,0.327479279794227
2478,0.0,13,True,0.3272077736496142
2479,0.0,76,True,0.3269362675050014
2480,0.0,168,True,0.3266647613603888
2481,0.0,46,True,0.326393255215776
2482,0.0,9,True,0.3261217490711632
2483,0.0,29,True,0.3258502429265505
2484,0.0,69,True,0.3255787367819377
2485,0.0,6,True,0.3253072306373249
2486,0.0,25,True,0.32503572449271223
2487,0.0,10,True,0.32476421834809943
2488,0.0,2,True,0.32449271220348674
2489,0.0,18,True,0.32422120605887406
2490,0.0,15,True,0.32394969991426126
2491,0.0,80,True,0.32367819376964846
2492,0.0,7,True,0.32340668762503577
2493,0.0,15,True,0.323135181480423
2494,0.0,190,True,0.3228636753358102
2495,0.0,49,True,0.3225921691911975
2496,0.0,160,True,0.3223206630465848
2497,0.0,26,True,0.322049156901972
2498,0.0,8,True,0.3217776507573593
2499,0.0,39,True,0.3215061446127465
2500,0.0,8,True,0.3212346384681338
2501,0.0,76,True,0.320963132323521
2502,0.0,6,True,0.32069162617890823
2503,0.0,81,True,0.32042012003429554
2504,0.0,10,True,0.32014861388968285
2505,0.0,170,True,0.31987710774507006
2506,0.0,44,True,0.31960560160045737
2507,0.0,55,True,0.31933409545584457
2508,0.0,250,False,0.31906258931123177
2509,0.0,152,True,0.3187910831666191
2510,0.0,56,True,0.3185195770220063
2511,0.0,250,False,0.3182480708773935
2512,0.0,2,True,0.3179765647327809
2513,0.0,2,True,0.3177050585881681
2514,1.0,116,True,0.3174335524435553
2515,0.0,5,True,0.3171620462989426
2516,0.0,7,True,0.3168905401543298
2517,0.0,250,False,0.316619034009717
2518,0.0,21,True,0.31634752786510434
2519,0.0,23,True,0.31607602172049154
2520,0.0,5,True,0.31580451557587885
2521,0.0,16,True,0.31553300943126616
2522,0.0,29,True,0.31526150328665337
2523,0.0,11,True,0.31498999714204057
2524,0.0,105,True,0.3147184909974279
2525,0.0,41,True,0.3144469848528151
2526,0.0,81,True,0.3141754787082023
2527,0.0,6,True,0.3139039725635896
2528,0.0,7,True,0.3136324664189769
2529,0.0,9,True,0.3133609602743641
2530,0.0,7,True,0.3130894541297514
2531,0.0,77,True,0.3128179479851386
2532,0.0,156,True,0.31254644184052593
2533,0.0,250,False,0.31227493569591314
2534,0.0,4,True,0.31200342955130034
2535,0.0,101,True,0.31173192340668776
2536,0.0,54,True,0.31146041726207496
2537,0.0,45,True,0.31118891111746216
2538,0.0,11,True,0.3109174049728495
2539,0.0,39,True,0.3106458988282367
2540,0.0,21,True,0.3103743926836239
2541,0.0,19,True,0.3101028865390112
2542,0.0,16,True,0.3098313803943984
2543,0.0,15,True,0.3095598742497857
2544,0.0,37,True,0.309288368105173
2545,0.0,32,True,0.3090168619605602
2546,0.0,75,True,0.3087453558159474
2547,0.0,64,True,0.30847384967133473
2548,0.0,43,True,0.30820234352672193
2549,0.0,55,True,0.30793083738210913
2550,0.0,31,True,0.30765933123749645
2551,0.0,20,True,0.30738782509288376
2552,0.0,73,True,0.30711631894827096
2553,0.0,5,True,0.3068448128036583
2554,0.0,14,True,0.3065733066590455
2555,0.0,2,True,0.3063018005144327
2556,0.0,250,False,0.30603029436982
2557,0.0,27,True,0.3057587882252072
2558,0.0,11,True,0.3054872820805944
2559,0.0,5,True,0.3052157759359818
2560,0.0,113,True,0.304944269791369
2561,0.0,28,True,0.3046727636467562
2562,0.0,39,True,0.30440125750214353
2563,0.0,93,True,0.30412975135753073
2564,0.0,9,True,0.30385824521291804
2565,0.0,41,True,0.30358673906830524
2566,0.0,6,True,0.30331523292369245
2567,0.0,250,False,0.30304372677907987
2568,0.0,250,False,0.30277222063446707
2569,0.0,5,True,0.30250071448985427
2570,1.0,113,True,0.3022292083452416
2571,0.0,43,True,0.3019577022006288
2572,0.0,8,True,0.301686196056016
2573,0.0,198,True,0.3014146899114033
2574,0.0,13,True,0.3011431837667905
2575,0.0,69,True,0.3008716776221778
2576,0.0,33,True,0.3006001714775651
2577,0.0,5,True,0.3003286653329523
2578,0.0,32,True,0.30005715918833953
2579,0.0,250,False,0.29978565304372684
2580,0.0,6,True,0.29951414689911404
2581,0.0,27,True,0.29924264075450124
2582,0.0,65,True,0.29897113460988856
2583,1.0,131,True,0.29869962846527587
2584,0.0,18,True,0.29842812232066307
2585,0.0,85,True,0.2981566161760504
2586,0.0,105,True,0.2978851100314376
2587,0.0,14,True,0.2976136038868248
2588,0.0,54,True,0.2973420977422121
2589,0.0,8,True,0.2970705915975993
2590,0.0,8,True,0.2967990854529865
2591,0.0,250,False,0.2965275793083739
2592,0.0,92,True,0.2962560731637611
2593,0.0,3,True,0.2959845670191483
2594,0.0,18,True,0.29571306087453564
2595,0.0,39,True,0.29544155472992284
2596,0.0,17,True,0.29517004858531015
2597,0.0,156,True,0.29489854244069735
2598,0.0,142,True,0.29462703629608455
2599,0.0,25,True,0.294355530151472
2600,0.0,28,True,0.2940840240068592
2601,0.0,12,True,0.2938125178622464
2602,0.0,7,True,0.2935410117176337
2603,0.0,33,True,0.2932695055730209
2604,0.0,106,True,0.2929979994284081
2605,0.0,32,True,0.2927264932837954
2606,0.0,91,True,0.2924549871391826
2607,0.0,17,True,0.2921834809945699
2608,1.0,120,True,0.29191197484995723
2609,0.0,7,True,0.29164046870534444
2610,0.0,51,True,0.29136896256073164
2611,0.0,21,True,0.29109745641611895
2612,0.0,33,True,0.29082595027150615
2613,0.0,80,True,0.29055444412689335
2614,0.0,159,True,0.29028293798228066
2615,0.0,250,False,0.290011431837668
2616,0.0,4,True,0.2897399256930552
2617,0.0,8,True,0.2894684195484425
2618,0.0,4,True,0.2891969134038297
2619,0.0,250,False,0.2889254072592169
2620,0.0,24,True,0.2886539011146042
2621,0.0,19,True,0.2883823949699914
2622,0.0,22,True,0.2881108888253786
2623,0.0,9,True,0.28783938268076603
2624,0.0,33,True,0.28756787653615323
2625,0.0,8,True,0.28729637039154055
2626,0.0,115,True,0.28702486424692775
2627,0.0,49,True,0.28675335810231495
2628,0.0,5,True,0.28648185195770226
2629,0.0,5,True,0.28621034581308946
2630,0.0,3,True,0.28593883966847666
2631,0.0,8,True,0.2856673335238641
2632,0.0,5,True,0.2853958273792513
2633,1.0,80,True,0.2851243212346385
2634,0.0,11,True,0.2848528150900258
2635,0.0,9,True,0.284581308945413
2636,0.0,11,True,0.2843098028008002
2637,0.0,250,False,0.2840382966561875
2638,0.0,21,True,0.2837667905115747
2639,0.0,250,False,0.28349528436696203
2640,0.0,204,True,0.28322377822234934
2641,0.0,49,True,0.28295227207773654
2642,0.0,63,True,0.28268076593312375
2643,0.0,98,True,0.28240925978851106
2644,0.0,121,True,0.28213775364389826
2645,0.0,13,True,0.28186624749928546
2646,0.0,13,True,0.2815947413546728
2647,0.0,90,True,0.2813232352100601
2648,0.0,5,True,0.2810517290654473
2649,0.0,160,True,0.2807802229208346
2650,0.0,6,True,0.2805087167762218
2651,0.0,56,True,0.280237210631609
2652,0.0,43,True,0.2799657044869963
2653,0.0,6,True,0.2796941983423835
2654,0.0,59,True,0.27942269219777083
2655,0.0,79,True,0.27915118605315814
2656,0.0,14,True,0.27887967990854534
2657,0.0,3,True,0.27860817376393265
2658,0.0,10,True,0.27833666761931986
2659,0.0,250,False,0.27806516147470706
2660,0.0,149,True,0.27779365533009437
2661,0.0,30,True,0.27752214918548157
2662,0.0,212,True,0.2772506430408689
2663,0.0,16,True,0.2769791368962562
2664,0.0,16,True,0.2767076307516434
2665,0.0,11,True,0.2764361246070306
2666,0.0,10,True,0.2761646184624179
2667,0.0,232,True,0.2758931123178051
2668,0.0,12,True,0.2756216061731923
2669,2.0,183,True,0.2753501000285796
2670,0.0,13,True,0.27507859388396694
2671,0.0,77,True,0.27480708773935414
2672,0.0,6,True,0.27453558159474145
2673,0.0,9,True,0.27426407545012865
2674,0.0,25,True,0.27399256930551585
2675,0.0,53,True,0.27372106316090317
2676,0.0,106,True,0.27344955701629037
2677,0.0,60,True,0.27317805087167757
2678,0.0,8,True,0.272906544727065
2679,0.0,225,True,0.2726350385824522
2680,0.0,10,True,0.2723635324378394
2681,0.0,17,True,0.2720920262932267
2682,0.0,150,True,0.2718205201486139
2683,0.0,11,True,0.2715490140040011
2684,0.0,48,True,0.2712775078593884
2685,0.0,42,True,0.2710060017147756
2686,0.0,83,True,0.27073449557016294
2687,0.0,31,True,0.27046298942555025
2688,0.0,2,True,0.27019148328093745
2689,0.0,10,True,0.26991997713632476
2690,0.0,250,False,0.26964847099171196
2691,0.0,250,False,0.26937696484709917
2692,0.0,9,True,0.2691054587024865
2693,0.0,18,True,0.2688339525578737
2694,0.0,123,True,0.268562446413261
2695,0.0,30,True,0.2682909402686483
2696,0.0,138,True,0.2680194341240355
2697,0.0,94,True,0.2677479279794227
2698,0.0,10,True,0.26747642183481
2699,0.0,9,True,0.2672049156901972
2700,0.0,52,True,0.2669334095455844
2701,0.0,44,True,0.26666190340097173
2702,0.0,204,True,0.26639039725635905
2703,1.0,168,True,0.26611889111174625
2704,0.0,6,True,0.26584738496713356
2705,0.0,247,True,0.26557587882252076
2706,0.0,71,True,0.26530437267790796
2707,0.0,47,True,0.2650328665332953
2708,0.0,3,True,0.2647613603886825
2709,0.0,220,True,0.2644898542440697
2710,0.0,36,True,0.2642183480994571
2711,0.0,22,True,0.2639468419548443
2712,0.0,79,True,0.2636753358102315
2713,0.0,38,True,0.2634038296656188
2714,0.0,91,True,0.263132323521006
2715,0.0,12,True,0.2628608173763932
2716,0.0,108,True,0.26258931123178053
2717,0.0,34,True,0.26231780508716773
2718,0.0,13,True,0.26204629894255504
2719,0.0,34,True,0.26177479279794236
2720,0.0,35,True,0.26150328665332956
2721,0.0,3,True,0.26123178050871687
2722,0.0,14,True,0.2609602743641041
2723,0.0,11,True,0.2606887682194913
2724,0.0,7,True,0.2604172620748786
2725,0.0,11,True,0.2601457559302658
2726,0.0,42,True,0.2598742497856531
2727,0.0,9,True,0.2596027436410404
2728,0.0,76,True,0.2593312374964276
2729,0.0,250,False,0.2590597313518148
2730,0.0,56,True,0.2587882252072021
2731,0.0,34,True,0.25851671906258933
2732,0.0,11,True,0.25824521291797653
2733,0.0,5,True,0.25797370677336384
2734,0.0,7,True,0.25770220062875115
2735,0.0,68,True,0.25743069448413836
2736,0.0,97,True,0.25715918833952567
2737,0.0,10,True,0.25688768219491287
2738,0.0,5,True,0.25661617605030007
2739,0.0,15,True,0.2563446699056874
2740,0.0,18,True,0.2560731637610746
2741,0.0,10,True,0.2558016576164618
2742,0.0,36,True,0.2555301514718492
2743,0.0,203,True,0.2552586453272364
2744,0.0,8,True,0.2549871391826236
2745,0.0,4,True,0.2547156330380109
2746,0.0,12,True,0.2544441268933981
2747,0.0,10,True,0.2541726207487853
2748,0.0,39,True,0.25390111460417264
2749,0.0,129,True,0.25362960845955984
2750,0.0,3,True,0.25335810231494715
2751,0.0,56,True,0.25308659617033447
2752,0.0,15,True,0.25281509002572167
2753,1.0,63,True,0.252543583881109
2754,0.0,15,True,0.2522720777364962
2755,0.0,8,True,0.2520005715918834
2756,0.0,12,True,0.2517290654472707
2757,0.0,20,True,0.2514575593026579
2758,0.0,250,False,0.2511860531580452
2759,0.0,6,True,0.2509145470134325
2760,0.0,20,True,0.2506430408688197
2761,0.0,79,True,0.2503715347242069
2762,0.0,17,True,0.25010002857959424
2763,0.0,13,True,0.24982852243498144
2764,0.0,14,True,0.24955701629036864
2765,0.0,59,True,0.24928551014575595
2766,0.0,3,True,0.24901400400114326
2767,0.0,226,True,0.24874249785653046
2768,0.0,86,True,0.24847099171191778
2769,0.0,73,True,0.24819948556730498
2770,0.0,15,True,0.24792797942269218
2771,0.0,52,True,0.2476564732780795
2772,0.0,83,True,0.2473849671334667
2773,0.0,24,True,0.2471134609888539
2774,0.0,64,True,0.24684195484424132
2775,0.0,5,True,0.24657044869962852
2776,0.0,13,True,0.24629894255501572
2777,0.0,250,False,0.24602743641040303
2778,0.0,11,True,0.24575593026579023
2779,0.0,5,True,0.24548442412117744
2780,0.0,10,True,0.24521291797656475
2781,0.0,9,True,0.24494141183195206
2782,0.0,137,True,0.24466990568733926
2783,0.0,24,True,0.24439839954272657
2784,0.0,94,True,0.24412689339811378
2785,0.0,5,True,0.2438553872535011
2786,0.0,15,True,0.2435838811088883
2787,0.0,49,True,0.2433123749642755
2788,0.0,13,True,0.2430408688196628
2789,0.0,15,True,0.24276936267505012
2790,0.0,12,True,0.24249785653043732
2791,0.0,250,False,0.24222635038582463
2792,0.0,12,True,0.24195484424121183
2793,0.0,44,True,0.24168333809659903
2794,0.0,4,True,0.24141183195198634
2795,0.0,12,True,0.24114032580737355
2796,0.0,52,True,0.24086881966276075
2797,0.0,34,True,0.24059731351814817
2798,0.0,7,True,0.24032580737353537
2799,0.0,35,True,0.24005430122892257
2800,0.0,16,True,0.23978279508430989
2801,0.0,15,True,0.2395112889396971
2802,2.0,80,True,0.2392397827950843
2803,1.0,145,True,0.2389682766504716
2804,0.0,11,True,0.2386967705058588
2805,0.0,34,True,0.23842526436124611
2806,0.0,5,True,0.23815375821663343
2807,0.0,2,True,0.23788225207202063
2808,0.0,20,True,0.23761074592740783
2809,0.0,11,True,0.23733923978279514
2810,0.0,24,True,0.23706773363818234
2811,0.0,65,True,0.23679622749356954
2812,0.0,21,True,0.23652472134895686
2813,0.0,54,True,0.23625321520434417
2814,0.0,30,True,0.23598170905973137
2815,0.0,26,True,0.23571020291511868
2816,0.0,2,True,0.23543869677050588
2817,0.0,45,True,0.2351671906258932
2818,0.0,22,True,0.2348956844812804
2819,0.0,49,True,0.2346241783366676
2820,0.0,79,True,0.2343526721920549
2821,0.0,157,True,0.23408116604744222
2822,0.0,14,True,0.23380965990282943
2823,0.0,41,True,0.23353815375821674
2824,0.0,5,True,0.23326664761360394
2825,0.0,11,True,0.23299514146899114
2826,0.0,141,True,0.23272363532437845
2827,0.0,88,True,0.23245212917976565
2828,0.0,33,True,0.23218062303515286
2829,0.0,56,True,0.23190911689054028
2830,0.0,50,True,0.23163761074592748
2831,0.0,89,True,0.23136610460131468
2832,0.0,224,True,0.231094598456702
2833,0.0,6,True,0.2308230923120892
2834,0.0,79,True,0.2305515861674764
2835,0.0,8,True,0.2302800800228637
2836,0.0,57,True,0.2300085738782509
2837,0.0,5,True,0.22973706773363822
2838,0.0,4,True,0.22946556158902554
2839,0.0,25,True,0.22919405544441274
2840,0.0,58,True,0.22892254929979994
2841,0.0,25,True,0.22865104315518725
2842,3.0,103,False,0.22837953701057445
2843,0.0,22,True,0.22810803086596165
2844,0.0,33,True,0.22783652472134897
2845,0.0,16,True,0.22756501857673628
2846,0.0,29,True,0.22729351243212348
2847,0.0,37,True,0.2270220062875108
2848,0.0,250,False,0.226750500142898
2849,0.0,20,True,0.2264789939982853
2850,0.0,25,True,0.2262074878536725
2851,0.0,57,True,0.2259359817090597
2852,0.0,79,True,0.22566447556444702
2853,0.0,67,True,0.22539296941983433
2854,2.0,57,True,0.22512146327522153
2855,0.0,3,True,0.22484995713060885
2856,0.0,12,True,0.22457845098599605
2857,0.0,107,True,0.22430694484138325
2858,0.0,16,True,0.22403543869677056
2859,0.0,121,True,0.22376393255215776
2860,0.0,54,True,0.22349242640754496
2861,0.0,62,True,0.2232209202629324
2862,0.0,63,True,0.2229494141183196
2863,0.0,47,True,0.2226779079737068
2864,0.0,7,True,0.2224064018290941
2865,0.0,8,True,0.2221348956844813
2866,0.0,59,True,0.2218633895398685
2867,0.0,55,True,0.22159188339525582
2868,0.0,149,True,0.22132037725064302
2869,0.0,25,True,0.22104887110603033
2870,0.0,159,True,0.22077736496141764
2871,0.0,85,True,0.22050585881680485
2872,0.0,104,True,0.22023435267219205
2873,0.0,104,True,0.21996284652757936
2874,0.0,146,True,0.21969134038296656
2875,0.0,6,True,0.21941983423835376
2876,0.0,35,True,0.21914832809374107
2877,0.0,59,True,0.2188768219491284
2878,0.0,30,True,0.2186053158045156
2879,0.0,37,True,0.2183338096599029
2880,0.0,18,True,0.2180623035152901
2881,0.0,60,True,0.2177907973706774
2882,0.0,92,True,0.21751929122606461
2883,0.0,18,True,0.21724778508145182
2884,0.0,9,True,0.21697627893683913
2885,0.0,47,True,0.21670477279222644
2886,0.0,44,True,0.21643326664761364
2887,0.0,80,True,0.21616176050300095
2888,0.0,65,True,0.21589025435838816
2889,0.0,171,True,0.21561874821377536
2890,0.0,93,True,0.21534724206916267
2891,0.0,5,True,0.21507573592454987
2892,0.0,4,True,0.21480422977993707
2893,0.0,48,True,0.2145327236353245
2894,0.0,61,True,0.2142612174907117
2895,0.0,58,True,0.2139897113460989
2896,0.0,123,True,0.2137182052014862
2897,0.0,246,True,0.2134466990568734
2898,0.0,24,True,0.2131751929122606
2899,0.0,10,True,0.21290368676764793
2900,0.0,8,True,0.21263218062303524
2901,0.0,63,True,0.21236067447842244
2902,0.0,167,True,0.21208916833380975
2903,0.0,7,True,0.21181766218919695
2904,0.0,250,False,0.21154615604458415
2905,0.0,17,True,0.21127464989997147
2906,0.0,7,True,0.21100314375535867
2907,0.0,250,False,0.21073163761074587
2908,0.0,180,True,0.2104601314661333
2909,0.0,22,True,0.2101886253215205
2910,0.0,26,True,0.2099171191769077
2911,0.0,39,True,0.209645613032295
2912,0.0,16,True,0.2093741068876822
2913,0.0,13,True,0.20910260074306952
2914,0.0,2,True,0.20883109459845672
2915,2.0,184,True,0.20855958845384392
2916,0.0,12,True,0.20828808230923135
2917,0.0,7,True,0.20801657616461855
2918,0.0,21,True,0.20774507002000575
2919,0.0,4,True,0.20747356387539306
2920,0.0,16,True,0.20720205773078026
2921,0.0,5,True,0.20693055158616747
2922,0.0,10,True,0.20665904544155478
2923,0.0,56,True,0.20638753929694198
2924,0.0,250,False,0.2061160331523293
2925,0.0,18,True,0.2058445270077166
2926,0.0,21,True,0.2055730208631038
2927,0.0,4,True,0.205301514718491
2928,0.0,156,True,0.20503000857387832
2929,0.0,10,True,0.20475850242926552
2930,0.0,18,True,0.20448699628465272
2931,0.0,22,True,0.20421549014004003
2932,0.0,42,True,0.20394398399542735
2933,0.0,26,True,0.20367247785081455
2934,0.0,33,True,0.20340097170620186
2935,0.0,12,True,0.20312946556158906
2936,0.0,91,True,0.20285795941697626
2937,0.0,250,False,0.20258645327236358
2938,0.0,49,True,0.20231494712775078
2939,0.0,43,True,0.20204344098313798
2940,0.0,78,True,0.2017719348385254
2941,0.0,22,True,0.2015004286939126
2942,0.0,236,True,0.2012289225492998
2943,0.0,25,True,0.20095741640468712
2944,1.0,193,True,0.20068591026007432
2945,0.0,50,True,0.20041440411546163
2946,0.0,11,True,0.20014289797084883
2947,0.0,57,True,0.19987139182623603
2948,0.0,48,True,0.19959988568162346
2949,0.0,250,False,0.19932837953701066
2950,0.0,4,True,0.19905687339239786
2951,0.0,9,True,0.19878536724778517
2952,0.0,37,True,0.19851386110317237
2953,0.0,27,True,0.19824235495855957
2954,0.0,71,True,0.1979708488139469
2955,0.0,3,True,0.1976993426693341
2956,0.0,2,True,0.1974278365247214
2957,0.0,96,True,0.1971563303801087
2958,0.0,22,True,0.19688482423549591
2959,0.0,40,True,0.19661331809088312
2960,0.0,145,True,0.19634181194627043
2961,0.0,137,True,0.19607030580165763
2962,0.0,7,True,0.19579879965704483
2963,0.0,19,True,0.19552729351243214
2964,0.0,2,True,0.19525578736781946
2965,0.0,90,True,0.19498428122320666
2966,0.0,34,True,0.19471277507859397
2967,0.0,8,True,0.19444126893398117
2968,0.0,19,True,0.19416976278936837
2969,0.0,51,True,0.19389825664475568
2970,0.0,195,True,0.19362675050014289
2971,0.0,250,False,0.1933552443555301
2972,0.0,126,True,0.1930837382109175
2973,0.0,23,True,0.1928122320663047
2974,0.0,131,True,0.1925407259216919
2975,0.0,40,True,0.19226921977707923
2976,1.0,56,True,0.19199771363246643
2977,0.0,64,True,0.19172620748785374
2978,0.0,43,True,0.19145470134324094
2979,0.0,205,True,0.19118319519862814
2980,0.0,17,True,0.19091168905401557
2981,0.0,6,True,0.19064018290940277
2982,0.0,39,True,0.19036867676478997
2983,0.0,87,True,0.19009717062017728
2984,0.0,185,True,0.18982566447556448
2985,0.0,7,True,0.18955415833095168
2986,0.0,13,True,0.189282652186339
2987,0.0,15,True,0.1890111460417262
2988,0.0,6,True,0.1887396398971135
2989,0.0,6,True,0.18846813375250082
2990,0.0,18,True,0.18819662760788802
2991,0.0,4,True,0.18792512146327522
2992,0.0,19,True,0.18765361531866254
2993,0.0,250,False,0.18738210917404974
2994,0.0,17,True,0.18711060302943694
2995,0.0,5,True,0.18683909688482425
2996,0.0,250,False,0.18656759074021156
2997,0.0,3,True,0.18629608459559877
2998,0.0,6,True,0.18602457845098608
2999,0.0,14,True,0.18575307230637328
3000,0.0,16,True,0.18548156616176048
3001,0.0,35,True,0.1852100600171478
3002,0.0,11,True,0.184938553872535
3003,0.0,42,True,0.1846670477279222
3004,0.0,29,True,0.18439554158330962
3005,0.0,96,True,0.18412403543869682
3006,0.0,63,True,0.18385252929408402
3007,0.0,20,True,0.18358102314947133
3008,0.0,4,True,0.18330951700485854
3009,0.0,11,True,0.18303801086024585
3010,0.0,220,True,0.18276650471563305
3011,0.0,27,True,0.18249499857102025
3012,0.0,7,True,0.18222349242640767
3013,0.0,23,True,0.18195198628179488
3014,0.0,45,True,0.18168048013718208
3015,0.0,18,True,0.1814089739925694
3016,0.0,10,True,0.1811374678479566
3017,0.0,95,True,0.1808659617033438
3018,0.0,21,True,0.1805944555587311
3019,0.0,6,True,0.18032294941411842
3020,0.0,81,True,0.18005144326950562
3021,0.0,19,True,0.17977993712489293
3022,0.0,67,True,0.17950843098028013
3023,0.0,204,True,0.17923692483566733
3024,0.0,20,True,0.17896541869105465
3025,0.0,29,True,0.17869391254644185
3026,0.0,144,True,0.17842240640182905
3027,0.0,2,True,0.17815090025721647
3028,0.0,250,True,0.17787939411260367
3029,0.0,15,True,0.17760788796799087
3030,0.0,35,True,0.1773363818233782
3031,0.0,13,True,0.1770648756787654
3032,0.0,8,True,0.1767933695341526
3033,0.0,250,False,0.1765218633895399
3034,0.0,73,True,0.1762503572449271
3035,0.0,73,True,0.17597885110031442
3036,0.0,3,True,0.17570734495570173
3037,0.0,24,True,0.17543583881108893
3038,0.0,41,True,0.17516433266647613
3039,0.0,19,True,0.17489282652186344
3040,0.0,50,True,0.17462132037725064
3041,0.0,47,True,0.17434981423263796
3042,0.0,23,True,0.17407830808802516
3043,0.0,4,True,0.17380680194341247
3044,0.0,43,True,0.17353529579879978
3045,0.0,93,True,0.17326378965418698
3046,0.0,34,True,0.17299228350957419
3047,0.0,23,True,0.1727207773649615
3048,0.0,7,True,0.1724492712203487
3049,0.0,5,True,0.1721777650757359
3050,0.0,14,True,0.1719062589311232
3051,0.0,17,True,0.17163475278651052
3052,0.0,51,True,0.17136324664189773
3053,0.0,250,False,0.17109174049728504
3054,0.0,4,True,0.17082023435267224
3055,0.0,71,True,0.17054872820805944
3056,0.0,71,True,0.17027722206344675
3057,0.0,250,False,0.17000571591883396
3058,0.0,8,True,0.16973420977422116
3059,0.0,36,True,0.16946270362960858
3060,0.0,250,False,0.16919119748499578
3061,0.0,199,True,0.16891969134038298
3062,0.0,4,True,0.1686481851957703
3063,0.0,7,True,0.1683766790511575
3064,0.0,43,True,0.1681051729065447
3065,0.0,22,True,0.167833666761932
3066,0.0,146,True,0.1675621606173192
3067,0.0,21,True,0.16729065447270652
3068,0.0,31,True,0.16701914832809384
3069,0.0,4,True,0.16674764218348104
3070,0.0,9,True,0.16647613603886835
3071,2.0,123,True,0.16620462989425555
3072,0.0,152,True,0.16593312374964275
3073,0.0,250,False,0.16566161760503006
3074,0.0,4,True,0.16539011146041727
3075,0.0,25,True,0.16511860531580458
3076,0.0,250,False,0.1648470991711919
3077,0.0,18,True,0.1645755930265791
3078,0.0,28,True,0.1643040868819663
3079,2.0,38,True,0.1640325807373536
3080,0.0,250,False,0.1637610745927408
3081,0.0,33,True,0.163489568448128
3082,0.0,72,True,0.16321806230351532
3083,0.0,39,True,0.16294655615890263
3084,0.0,3,True,0.16267505001428983
3085,0.0,21,True,0.16240354386967715
3086,0.0,141,True,0.16213203772506435
3087,0.0,56,True,0.16186053158045155
3088,0.0,3,True,0.16158902543583886
3089,0.0,2,True,0.16131751929122606
3090,0.0,5,True,0.16104601314661326
3091,0.0,3,True,0.1607745070020007
3092,0.0,250,False,0.1605030008573879
3093,0.0,19,True,0.1602314947127751
3094,0.0,64,True,0.1599599885681624
3095,0.0,4,True,0.1596884824235496
3096,0.0,63,True,0.1594169762789368
3097,0.0,52,True,0.15914547013432412
3098,0.0,44,True,0.15887396398971132
3099,0.0,15,True,0.15860245784509863
3100,0.0,180,True,0.15833095170048594
3101,0.0,11,True,0.15805944555587315
3102,0.0,49,True,0.15778793941126046
3103,0.0,35,True,0.15751643326664766
3104,0.0,3,True,0.15724492712203486
3105,2.0,101,True,0.15697342097742217
3106,0.0,8,True,0.15670191483280937
3107,0.0,3,True,0.1564304086881967
3108,0.0,61,True,0.156158902543584
3109,0.0,13,True,0.1558873963989712
3110,0.0,3,True,0.1556158902543584
3111,0.0,2,True,0.15534438410974571
3112,0.0,9,True,0.15507287796513292
3113,0.0,90,True,0.15480137182052012
3114,0.0,6,True,0.15452986567590743
3115,0.0,5,True,0.15425835953129474
3116,0.0,120,True,0.15398685338668194
3117,0.0,16,True,0.15371534724206926
3118,0.0,6,True,0.15344384109745646
3119,0.0,68,True,0.15317233495284366
3120,0.0,9,True,0.15290082880823097
3121,0.0,11,True,0.15262932266361817
3122,0.0,14,True,0.15235781651900537
3123,0.0,16,True,0.1520863103743928
3124,0.0,45,True,0.15181480422978
3125,0.0,5,True,0.1515432980851672
3126,0.0,18,True,0.1512717919405545
3127,0.0,205,True,0.1510002857959417
3128,0.0,111,True,0.15072877965132891
3129,0.0,116,True,0.15045727350671623
3130,0.0,36,True,0.15018576736210343
3131,0.0,30,True,0.14991426121749074
3132,0.0,171,True,0.14964275507287805
3133,0.0,114,True,0.14937124892826525
3134,0.0,8,True,0.14909974278365257
3135,0.0,178,True,0.14882823663903977
3136,0.0,29,True,0.14855673049442697
3137,0.0,75,True,0.14828522434981428
3138,0.0,197,True,0.1480137182052016
3139,0.0,59,True,0.1477422120605888
3140,0.0,69,True,0.1474707059159761
3141,0.0,13,True,0.1471991997713633
3142,0.0,34,True,0.1469276936267505
3143,0.0,40,True,0.14665618748213782
3144,0.0,14,True,0.14638468133752502
3145,0.0,185,True,0.14611317519291223
3146,0.0,40,True,0.14584166904829965
3147,0.0,30,True,0.14557016290368685
3148,0.0,29,True,0.14529865675907405
3149,0.0,7,True,0.14502715061446136
3150,0.0,51,True,0.14475564446984857
3151,0.0,142,True,0.14448413832523577
3152,0.0,13,True,0.14421263218062308
3153,0.0,16,True,0.14394112603601028
3154,0.0,109,True,0.1436696198913976
3155,0.0,13,True,0.1433981137467849
3156,0.0,53,True,0.1431266076021721
3157,0.0,48,True,0.1428551014575593
3158,0.0,7,True,0.14258359531294662
3159,0.0,6,True,0.14231208916833382
3160,0.0,122,True,0.14204058302372102
3161,0.0,7,True,0.14176907687910834
3162,0.0,20,True,0.14149757073449565
3163,0.0,57,True,0.14122606458988285
3164,0.0,45,True,0.14095455844527016
3165,0.0,16,True,0.14068305230065736
3166,0.0,250,False,0.14041154615604468
3167,0.0,10,True,0.14014004001143188
3168,0.0,7,True,0.13986853386681908
3169,0.0,66,True,0.1395970277222064
3170,0.0,19,True,0.1393255215775937
3171,0.0,172,True,0.1390540154329809
3172,0.0,28,True,0.13878250928836822
3173,0.0,94,True,0.13851100314375542
3174,0.0,34,True,0.13823949699914262
3175,0.0,11,True,0.13796799085452993
3176,1.0,65,True,0.13769648470991713
3177,0.0,12,True,0.13742497856530433
3178,0.0,4,True,0.13715347242069176
3179,0.0,250,False,0.13688196627607896
3180,0.0,14,True,0.13661046013146616
3181,0.0,24,True,0.13633895398685347
3182,0.0,6,True,0.13606744784224067
3183,0.0,64,True,0.13579594169762788
3184,0.0,5,True,0.1355244355530152
3185,0.0,41,True,0.1352529294084024
3186,1.0,219,True,0.1349814232637897
3187,0.0,211,True,0.13470991711917701
3188,0.0,6,True,0.13443841097456422
3189,0.0,250,False,0.13416690482995142
3190,0.0,67,True,0.13389539868533873
3191,0.0,60,True,0.13362389254072593
3192,0.0,9,True,0.13335238639611313
3193,0.0,55,True,0.13308088025150044
3194,0.0,220,True,0.13280937410688776
3195,0.0,18,True,0.13253786796227496
3196,0.0,7,True,0.13226636181766227
3197,0.0,3,True,0.13199485567304947
3198,0.0,28,True,0.13172334952843678
3199,0.0,16,True,0.13145184338382399
3200,0.0,20,True,0.1311803372392112
3201,0.0,14,True,0.1309088310945985
3202,0.0,80,True,0.1306373249499858
3203,0.0,19,True,0.130365818805373
3204,0.0,11,True,0.13009431266076033
3205,0.0,4,True,0.12982280651614753
3206,0.0,44,True,0.12955130037153473
3207,0.0,31,True,0.12927979422692204
3208,0.0,45,True,0.12900828808230924
3209,0.0,159,True,0.12873678193769644
3210,0.0,146,True,0.12846527579308387
3211,1.0,176,True,0.12819376964847107
3212,0.0,62,True,0.12792226350385827
3213,0.0,43,True,0.12765075735924558
3214,1.0,66,True,0.12737925121463278
3215,0.0,95,True,0.12710774507001998
3216,0.0,20,True,0.1268362389254073
3217,0.0,148,True,0.1265647327807945
3218,0.0,11,True,0.1262932266361818
3219,0.0,117,True,0.12602172049156912
3220,0.0,9,True,0.12575021434695632
3221,1.0,223,True,0.12547870820234353
3222,0.0,15,True,0.12520720205773084
3223,0.0,27,True,0.12493569591311804
3224,0.0,21,True,0.12466418976850524
3225,0.0,3,True,0.12439268362389255
3226,0.0,250,False,0.12412117747927986
3227,0.0,4,True,0.12384967133466707
3228,0.0,88,True,0.12357816519005438
3229,0.0,40,True,0.12330665904544158
3230,0.0,6,True,0.12303515290082889
3231,0.0,6,True,0.1227636467562161
3232,0.0,28,True,0.1224921406116033
3233,0.0,15,True,0.12222063446699061
3234,0.0,4,True,0.12194912832237792
3235,0.0,198,True,0.12167762217776512
3236,0.0,26,True,0.12140611603315243
3237,0.0,123,True,0.12113460988853963
3238,0.0,2,True,0.12086310374392684
3239,0.0,6,True,0.12059159759931415
3240,0.0,163,True,0.12032009145470135
3241,0.0,11,True,0.12004858531008855
3242,0.0,77,True,0.11977707916547597
3243,0.0,27,True,0.11950557302086318
3244,0.0,12,True,0.11923406687625038
3245,0.0,4,True,0.11896256073163769
3246,0.0,228,True,0.11869105458702489
3247,0.0,46,True,0.11841954844241209
3248,0.0,4,True,0.1181480422977994
3249,0.0,40,True,0.1178765361531866
3250,0.0,155,True,0.11760503000857392
3251,0.0,3,True,0.11733352386396123
3252,0.0,81,True,0.11706201771934843
3253,0.0,9,True,0.11679051157473563
3254,0.0,34,True,0.11651900543012295
3255,0.0,152,True,0.11624749928551015
3256,0.0,14,True,0.11597599314089735
3257,0.0,14,True,0.11570448699628466
3258,0.0,40,True,0.11543298085167197
3259,0.0,96,True,0.11516147470705917
3260,0.0,73,True,0.11488996856244649
3261,0.0,12,True,0.11461846241783369
3262,0.0,4,True,0.114346956273221
3263,0.0,109,True,0.1140754501286082
3264,0.0,15,True,0.1138039439839954
3265,0.0,8,True,0.11353243783938283
3266,0.0,42,True,0.11326093169477003
3267,0.0,2,True,0.11298942555015723
3268,0.0,56,True,0.11271791940554454
3269,0.0,46,True,0.11244641326093174
3270,0.0,6,True,0.11217490711631894
3271,0.0,2,True,0.11190340097170626
3272,0.0,7,True,0.11163189482709346
3273,0.0,59,True,0.11136038868248077
3274,0.0,17,True,0.11108888253786808
3275,0.0,9,True,0.11081737639325528
3276,0.0,204,True,0.11054587024864249
3277,0.0,68,True,0.1102743641040298
3278,0.0,4,True,0.110002857959417
3279,0.0,230,True,0.1097313518148042
3280,0.0,6,True,0.10945984567019151
3281,0.0,60,True,0.10918833952557883
3282,0.0,4,True,0.10891683338096603
3283,0.0,15,True,0.10864532723635334
3284,0.0,45,True,0.10837382109174054
3285,0.0,19,True,0.10810231494712774
3286,2.0,135,True,0.10783080880251505
3287,0.0,10,True,0.10755930265790226
3288,0.0,17,True,0.10728779651328946
3289,0.0,34,True,0.10701629036867688
3290,0.0,43,True,0.10674478422406408
3291,0.0,6,True,0.10647327807945128
3292,0.0,2,True,0.1062017719348386
3293,0.0,80,True,0.1059302657902258
3294,0.0,39,True,0.10565875964561311
3295,0.0,21,True,0.10538725350100031
3296,1.0,192,True,0.10511574735638751
3297,0.0,7,True,0.10484424121177494
3298,0.0,115,True,0.10457273506716214
3299,0.0,250,False,0.10430122892254934
3300,0.0,12,True,0.10402972277793665
3301,0.0,37,True,0.10375821663332385
3302,0.0,8,True,0.10348671048871105
3303,0.0,23,True,0.10321520434409837
3304,0.0,55,True,0.10294369819948557
3305,0.0,7,True,0.10267219205487288
3306,0.0,250,False,0.10240068591026019
3307,0.0,129,True,0.1021291797656474
3308,0.0,78,True,0.1018576736210346
3309,0.0,6,True,0.1015861674764219
3310,0.0,90,True,0.10131466133180911
3311,0.0,9,True,0.10104315518719631
3312,0.0,72,True,0.10077164904258362
3313,0.0,86,True,0.10050014289797093
3314,0.0,6,True,0.10022863675335814
3315,0.0,11,True,0.09995713060874545
3316,0.0,14,True,0.09968562446413265
3317,0.0,15,True,0.09941411831951985
3318,0.0,16,True,0.09914261217490716
3319,0.0,150,True,0.09887110603029436
3320,0.0,139,True,0.09859959988568157
3321,0.0,30,True,0.09832809374106899
3322,0.0,16,True,0.09805658759645619
3323,0.0,108,True,0.09778508145184339
3324,0.0,6,True,0.0975135753072307
3325,0.0,183,True,0.0972420691626179
3326,0.0,20,True,0.09697056301800522
3327,0.0,73,True,0.09669905687339242
3328,0.0,40,True,0.09642755072877962
3329,0.0,12,True,0.09615604458416704
3330,0.0,6,True,0.09588453843955425
3331,0.0,32,True,0.09561303229494145
3332,0.0,72,True,0.09534152615032876
3333,0.0,72,True,0.09507002000571596
3334,0.0,35,True,0.09479851386110316
3335,0.0,25,True,0.09452700771649047
3336,0.0,89,True,0.09425550157187768
3337,1.0,202,True,0.09398399542726499
3338,0.0,64,True,0.0937124892826523
3339,0.0,186,True,0.0934409831380395
3340,0.0,137,True,0.0931694769934267
3341,0.0,8,True,0.09289797084881402
3342,0.0,6,True,0.09262646470420122
3343,0.0,73,True,0.09235495855958842
3344,0.0,30,True,0.09208345241497573
3345,0.0,11,True,0.09181194627036304
3346,0.0,68,True,0.09154044012575024
3347,0.0,46,True,0.09126893398113756
3348,0.0,19,True,0.09099742783652476
3349,0.0,12,True,0.09072592169191196
3350,0.0,250,False,0.09045441554729927
3351,0.0,122,True,0.09018290940268647
3352,0.0,11,True,0.08991140325807367
3353,0.0,21,True,0.0896398971134611
3354,0.0,66,True,0.0893683909688483
3355,0.0,68,True,0.0890968848242355
3356,0.0,66,True,0.08882537867962281
3357,0.0,147,True,0.08855387253501001
3358,0.0,63,True,0.08828236639039733
3359,0.0,101,True,0.08801086024578453
3360,0.0,250,False,0.08773935410117173
3361,0.0,11,True,0.08746784795655915
3362,0.0,113,True,0.08719634181194635
3363,0.0,32,True,0.08692483566733356
3364,0.0,113,True,0.08665332952272087
3365,0.0,7,True,0.08638182337810807
3366,0.0,14,True,0.08611031723349527
3367,0.0,6,True,0.08583881108888258
3368,0.0,7,True,0.08556730494426978
3369,0.0,6,True,0.0852957987996571
3370,0.0,4,True,0.08502429265504441
3371,0.0,26,True,0.08475278651043161
3372,0.0,6,True,0.08448128036581881
3373,0.0,18,True,0.08420977422120612
3374,0.0,36,True,0.08393826807659333
3375,0.0,15,True,0.08366676193198053
3376,0.0,37,True,0.08339525578736784
3377,2.0,141,True,0.08312374964275515
3378,0.0,116,True,0.08285224349814235
3379,0.0,242,True,0.08258073735352967
3380,0.0,53,True,0.08230923120891687
3381,0.0,29,True,0.08203772506430407
3382,0.0,24,True,0.08176621891969138
3383,0.0,117,True,0.08149471277507858
3384,0.0,110,True,0.0812232066304659
3385,0.0,38,True,0.0809517004858532
3386,0.0,7,True,0.08068019434124041
3387,0.0,10,True,0.08040868819662761
3388,0.0,16,True,0.08013718205201492
3389,0.0,6,True,0.07986567590740212
3390,0.0,53,True,0.07959416976278944
3391,0.0,106,True,0.07932266361817664
3392,0.0,6,True,0.07905115747356395
3393,0.0,64,True,0.07877965132895126
3394,0.0,9,True,0.07850814518433846
3395,0.0,12,True,0.07823663903972566
3396,0.0,8,True,0.07796513289511298
3397,0.0,18,True,0.07769362675050018
3398,0.0,14,True,0.07742212060588738
3399,0.0,15,True,0.07715061446127469
3400,0.0,19,True,0.076879108316662
3401,0.0,39,True,0.0766076021720492
3402,0.0,250,False,0.07633609602743652
3403,0.0,36,True,0.07606458988282372
3404,0.0,10,True,0.07579308373821092
3405,0.0,7,True,0.07552157759359823
3406,0.0,44,True,0.07525007144898543
3407,0.0,20,True,0.07497856530437264
3408,0.0,5,True,0.07470705915976006
3409,0.0,16,True,0.07443555301514726
3410,0.0,11,True,0.07416404687053446
3411,0.0,34,True,0.07389254072592177
3412,0.0,250,False,0.07362103458130898
3413,0.0,5,True,0.07334952843669618
3414,0.0,71,True,0.07307802229208349
3415,0.0,227,True,0.07280651614747069
3416,0.0,8,True,0.072535010002858
3417,0.0,51,True,0.07226350385824531
3418,0.0,15,True,0.07199199771363252
3419,0.0,38,True,0.07172049156901972
3420,0.0,49,True,0.07144898542440703
3421,0.0,25,True,0.07117747927979423
3422,0.0,109,True,0.07090597313518154
3423,0.0,46,True,0.07063446699056875
3424,0.0,38,True,0.07036296084595606
3425,0.0,24,True,0.07009145470134337
3426,0.0,66,True,0.06981994855673057
3427,0.0,65,True,0.06954844241211777
3428,0.0,13,True,0.06927693626750508
3429,0.0,34,True,0.06900543012289229
3430,0.0,15,True,0.06873392397827949
3431,0.0,14,True,0.0684624178336668
3432,0.0,93,True,0.06819091168905411
3433,0.0,30,True,0.06791940554444131
3434,0.0,7,True,0.06764789939982863
3435,1.0,130,True,0.06737639325521583
3436,0.0,92,True,0.06710488711060303
3437,0.0,34,True,0.06683338096599034
3438,0.0,163,True,0.06656187482137754
3439,0.0,75,True,0.06629036867676474
3440,0.0,11,True,0.06601886253215217
3441,0.0,250,False,0.06574735638753937
3442,0.0,28,True,0.06547585024292657
3443,0.0,102,True,0.06520434409831388
3444,0.0,120,True,0.06493283795370108
3445,0.0,86,True,0.06466133180908828
3446,0.0,14,True,0.0643898256644756
3447,0.0,25,True,0.0641183195198628
3448,0.0,22,True,0.06384681337525011
3449,0.0,250,False,0.06357530723063742
3450,0.0,49,True,0.06330380108602462
3451,0.0,3,True,0.06303229494141183
3452,0.0,54,True,0.06276078879679914
3453,0.0,20,True,0.06248928265218634
3454,0.0,138,True,0.06221777650757365
3455,0.0,250,False,0.061946270362960854
3456,0.0,12,True,0.061674764218348166
3457,0.0,81,True,0.06140325807373548
3458,0.0,24,True,0.06113175192912268
3459,0.0,81,True,0.06086024578450988
3460,0.0,30,True,0.06058873963989719
3461,0.0,50,True,0.060317233495284395
3462,1.0,250,False,0.060045727350671596
3463,2.0,172,True,0.05977422120605891
3464,0.0,9,True,0.05950271506144622
3465,0.0,74,True,0.05923120891683342
3466,0.0,250,False,0.058959702772220735
3467,0.0,5,True,0.058688196627607936
3468,0.0,2,True,0.05841669048299514
3469,0.0,10,True,0.05814518433838245
3470,0.0,40,True,0.05787367819376965
3471,0.0,3,True,0.05760217204915685
3472,0.0,3,True,0.057330665904544276
3473,0.0,73,True,0.05705915975993148
3474,0.0,3,True,0.05678765361531868
3475,0.0,250,False,0.05651614747070599
3476,0.0,16,True,0.05624464132609319
3477,0.0,5,True,0.05597313518148039
3478,0.0,9,True,0.055701629036867706
3479,0.0,6,True,0.05543012289225491
3480,0.0,81,True,0.05515861674764222
3481,0.0,218,True,0.05488711060302953
3482,0.0,66,True,0.05461560445841673
3483,0.0,102,True,0.054344098313803935
3484,0.0,113,True,0.05407259216919125
3485,0.0,39,True,0.05380108602457845
3486,0.0,250,False,0.05352957987996576
3487,0.0,11,True,0.05325807373535296
3488,0.0,11,True,0.052986567590740274
3489,0.0,90,True,0.05271506144612759
3490,0.0,51,True,0.05244355530151479
3491,0.0,175,True,0.05217204915690199
3492,0.0,26,True,0.0519005430122893
3493,0.0,15,True,0.0516290368676765
3494,0.0,5,True,0.051357530723063705
3495,0.0,48,True,0.05108602457845102
3496,0.0,5,True,0.05081451843383833
3497,0.0,29,True,0.05054301228922553
3498,0.0,22,True,0.05027150614461284
3499,0.0,23,True,0.050000000000000044
